patientId,label,sample_id
80bca6c8-5cdf-4528-85d6-aa6f3336664b,1,12150
0324368b-3c2f-464a-8b1a-f72113718c38,0,159
f39dcdae-cc69-479f-8616-964e3f293bd5,0,25240
92dec024-edba-43be-973d-b2d58886e7c3,1,14122
502b6195-6248-4d78-abd3-328d20c17f1f,0,6496
3514e23d-3fbf-4695-9e81-ce5a83212984,0,3340
17bf4d73-d7a5-45d2-939f-2e4b4af3bd4e,0,1732
32b35555-525c-41c4-8bbe-44ae86d3ab26,1,3061
bad1434a-747f-4671-9f1d-794de63b30a1,0,18754
6bb46467-c871-404f-b0b3-c5d5c2653a7a,0,9699
3a48ce85-63f3-4443-857c-1d180ed52e7d,1,3967
a7dd959c-8a47-4b8c-a8ca-34c0ef6450c2,0,16572
920cb58d-e9c4-4055-a361-6eddea60207b,0,14047
9fa5b4ad-e116-4a36-8778-b2b55b7604b4,0,15592
a488d198-37a8-420d-98f0-dae505d0f21f,0,16156
3498f71d-ee17-4a16-a0dd-3d28794cf880,0,3278
676c0497-b07e-42d0-a3fc-8512b8d66a76,0,9179
66746759-ffd8-4020-a20e-e268efed5a86,0,9054
66f43920-a481-4810-aae8-720ea831d3c5,0,9126
08c343b6-9dc4-405b-87b3-b6534abcb990,1,623
07faa92f-6eef-4fbe-b3c6-8a78e1f05216,0,544
2a640896-7f55-4136-95ed-1b8a9e208005,1,2599
4623b8aa-c30b-47e8-baae-cd5f1565fcb2,0,5322
43379ac4-c626-468c-adee-f6843633e848,0,4986
e481055e-bebb-4d14-9386-b9075ebc1fe2,0,23442
f5f1e4d9-8575-4f68-aee1-76d71dfa1da2,0,25511
45be6d94-a6e9-4c26-9738-d389764166de,0,5273
b1243623-70de-4b30-884c-775a3edd978e,1,17637
f0eea08c-5775-4a81-8510-4ca70b753fae,0,24914
a54b3045-d895-4e18-a05a-575dd6f4ce82,0,16263
bcae9b11-3c51-4d39-b9ec-62e840a8dc64,0,18987
41ae4051-01a6-4b63-bfea-e355ba3c1413,0,4835
e740c681-6c4c-45d1-a8f1-5e33a0ed4140,0,23796
6951acfe-67a2-4dcf-a1a7-638dbd3ed528,1,9384
ba1dd94b-afbe-4b09-a188-8ea1098d4848,1,18662
d58c4bab-ae58-4c65-81e3-0c80bcef34c6,0,21742
b565e2e7-cc3d-4fd3-8354-0ad7655f6200,1,18136
395870a3-88cb-4ca0-9ee9-6042643d6e69,0,3855
7ad8a73d-d27f-4381-aad9-bda798e87fd5,0,11455
99337ed6-b669-420f-8749-8896c3745c1a,0,14857
3adb395a-d6fc-4870-9716-171cbb79b316,0,4029
7e64761d-6224-4888-8976-75453b8fc842,0,11864
24a37f78-cea1-42eb-94a7-b2c51c0f0915,0,2361
38b5b90d-6f8c-4470-8d45-b83e5dff6a4b,1,3767
64c6e8dd-97cb-4641-9352-e36c0f9b8d02,0,8841
2877c9be-1665-4131-ac0f-7b145696ebc5,0,2518
d4b76e52-3b6b-42e3-9dce-a1c39c2fccfe,0,21641
f1a16b1b-e3dd-4b75-81e8-f1d05f07f5ba,0,25009
36698ec6-be46-4899-9465-2bfe70780ba2,1,3486
9d7122f2-9b37-41cb-92f5-b4954ba23b6c,0,15328
0d8610ad-2f35-4ad8-920a-77920bec7ee4,0,1105
747f5ec4-265c-4470-a82d-eb8af41118b1,0,10746
5af36cff-6ade-46c5-aead-23713072fdf4,0,7704
8493e3ff-8fde-4b01-ab72-271894d6e3d1,0,12543
301f54f3-b074-4fa9-9db2-d303fbbf54f0,0,2832
09794a15-ea37-41f8-8a0e-a56a9a93eaa6,0,705
09d79f22-df14-4e5a-bc98-7a1d6bcd6965,0,747
a76abd97-9655-46cb-ae77-271ba3da2466,0,16517
babca8f8-0223-4314-806a-7b7417eac9fc,0,18740
cd79b093-d3a2-49bd-8868-b463ff05f3e8,1,20850
a680fb61-719f-4e22-af95-ce92c24277dd,0,16396
1ab46b3a-8f1b-41d2-b663-05fd8d2fadec,0,1985
d5ad4686-7279-4020-8b6f-0cb21a299557,0,21757
b3e77c82-8f60-42bc-b792-cf201fe15060,1,17943
63515470-5841-47cd-af05-d1169ac3a28a,0,8667
cb157fb1-b5d1-4599-8c14-3b3229b53cbe,0,20561
4eb0ed96-3ad3-4608-8a3f-2012fe203df6,1,6306
fd1194e7-88f8-4108-8f0e-c674206ddf54,0,26330
5368b171-3136-4ff1-bda1-c2114b332ad7,0,6847
bf8b93f1-27d7-4885-b3f0-89b647d43e96,0,19318
95312722-a12d-4f3e-9230-91913b36e4a0,0,14388
3b9bcca1-0ca9-4e93-ba0c-0a6ae1342726,1,4122
60bab750-3d16-4e10-ae2d-5f4cf93ec424,0,8368
3ba4f6d7-e386-444e-8e99-6ae2e9f06888,0,4124
64e95a64-bae0-4c93-a4d6-3735e8c473c9,0,8858
06a7e767-3117-45d3-8921-8501e710ed0a,0,383
e7b1796f-0249-45c6-9477-69f49863d509,0,23844
6ceb3cd1-dcfd-44ee-b02a-0cf6e981b081,1,9863
8d8b9e0a-56f2-46aa-8cc9-3535bd241ad3,0,13540
3eb1d6ec-9172-4b4f-be53-ca981f71e610,1,4481
f5b6b51b-0389-4d1b-be07-8a69cadbd873,0,25483
be265039-f0ab-4d31-9859-2de2f9d97492,1,19146
88ccd3cb-bff4-44b8-8b44-81f95e1f925d,0,12993
94cd9650-f53c-4fda-a47f-0d0bcc181a48,0,14352
419b2a4a-4349-4016-93f3-86700d7f503a,0,4823
019ca122-9cdf-4704-b7a9-449c8a1c263e,0,66
01fa0f5e-00c3-41cb-b5c7-10600c8633ae,1,103
92afaac6-0b33-4fa9-9afc-2778f2d53054,0,14106
fee72484-77b0-4d59-ad08-5d8f497dde99,0,26538
e7a937f4-f744-45b4-93df-f92786e4d6d6,1,23840
ad7c955f-c4ee-47ea-b921-227815be9e1a,0,17216
7bbed221-966f-4365-a673-7b1e485357cd,0,11562
a378eddb-1629-4d23-a4ca-e13abb065a77,0,16030
349f10b4-dc3e-4f3f-b2e4-a5b81448ce87,1,3282
9b37fe5c-7ef5-4f50-9e8c-3daa7cb2a9e2,0,15100
3d895c52-0627-42b3-ba67-41a08f387da0,1,4349
f947b895-67f8-4132-a24c-99f803410b4d,0,25871
cc1240d4-d70a-459b-b5cb-e96032bf1b4b,0,20679
2e826ff4-4329-4b2b-9467-c4506ab1f6ba,0,2756
9ce13a8d-983c-4ca6-8ba0-d621c65ed7b9,0,15272
6e318106-e492-45f7-9393-dd642359f08f,0,10015
379b92af-9463-4071-a11c-8c475992d5b1,1,3622
08a5a06e-f9a5-4e0d-abd2-e4d8ee005fb7,0,611
b4a81984-0764-467d-ae67-0347d1289f2c,0,18048
4edd32a5-7960-41f5-a68a-df4744f3fe21,1,6324
7d84fe2f-4a95-4ad3-97e8-0cef17a82d8f,0,11765
01cc7c75-4498-43ab-b650-5553d0507f76,0,84
bbe162a9-d342-4bd1-a1b5-287916470250,1,18873
931a0cfd-5353-4f3e-9891-83aef97d321a,0,14149
67cbdff5-178b-4da2-9a0e-7c7ab1bdcaf1,0,9220
dfd1de2b-4439-46cf-8fc4-5ab0a6a7cb76,0,22886
f99ae625-f66e-4ec5-ad5d-a87f036664e1,0,25913
16fecf77-f64c-4a80-94e9-4eaa27b78aec,1,1646
c8b19efa-518a-4109-9aca-19272ed9c534,0,20287
96bf8940-55e9-4f6c-9e47-570c27b4ae06,0,14560
03a512bc-1162-404e-8c71-dc9e0dc7258f,1,174
9fa17c26-8aae-4dd6-af8a-5750f042adf9,1,15590
c729f1ce-c2b2-4215-a6f0-70fae251fcb9,1,20096
bc6a8cf6-bc9a-4be0-b3bb-4e5256d91040,0,18940
decff551-0bcd-4d66-82f8-b267b55531f3,0,22773
6cfa8138-b222-4573-8148-42c2490f1721,0,9868
fe9e5b51-dd8e-4c0f-8513-d391970c6972,0,26507
a31f99ac-9209-415a-986a-75566e0c033b,0,15994
c63928f7-e5f5-472b-b112-b139b6e8ea08,0,20002
5cb51ae5-e291-40e9-9178-bef26e74979d,0,7898
e701619c-8f85-4fd2-af6b-0e751d4c561d,0,23768
e7f2ff6b-e64f-4ff1-ae10-2963c655aa2d,0,23872
a85de598-dc47-445e-982b-e0db1c3d18db,1,16621
466b8d12-5083-403f-a8c3-1d437e3e305c,0,5353
eda0cf24-b8a4-4e6b-96f1-d07b969b1aad,0,24556
6d631a71-9364-4e18-b6c0-ea6269812a62,0,9916
c6081c43-13d0-460a-8123-ce7130802786,0,19982
35147425-e8f1-494b-8cce-74252c0578d6,1,3339
dcdfb34c-a7f5-4aff-bcbe-f3ae676152ff,0,22557
70764772-7dbc-4ab1-a5ed-08108fa547d8,1,10265
3a9196af-16e0-4a6a-95e4-426614770eb2,1,4003
72888864-3b3e-4320-992c-1611352ce311,0,10529
a35c15bf-541e-4f96-b35f-4f128b9d7843,0,16017
fcce9705-b960-40f7-9426-4cd36b6f56e6,0,26302
a5e29606-27c8-4f4c-8ad5-37a84ffbacdb,0,16332
604a0eca-1494-47b8-a49b-713d24d070f9,1,8315
7b7ca7c2-9b4f-4370-9388-7ad0b2cdda63,0,11524
4dd61819-c62d-453f-b473-0e5f82a38e4c,0,6202
a51f27a0-9628-4294-b537-ae4350f9e1b7,0,16240
de105d88-82c1-405a-9f70-acf2aa7c5828,0,22688
3b3e5b7a-83b7-44e9-8da0-7ca48f13486d,1,4080
0b974a07-7c7f-4826-913d-f5b0d5bd8142,0,930
c2e4d89e-1580-473c-9ec5-cd7ba29de6ca,0,19584
3df3ed06-02ba-49b0-9c46-d146e71cad5d,1,4392
6b7debe4-f52b-428f-8e6c-9df32423387f,0,9678
b652cdf0-6686-4ca4-9ae4-54bc846b4ecc,0,18236
1f89239e-8271-4c33-abbc-7c018723b4c4,1,2177
dfbab2e2-ae98-47a6-8382-7bc5a618d907,0,22880
46b6c069-1a24-41a0-aa77-056a42b1bf72,0,5385
37d630ea-61c8-4e24-9e3e-80463f53a832,0,3655
dfdf1e98-ef9c-4534-8f25-c8a2e1ecfa89,0,22894
13b24a60-a6fe-48fc-92d2-3a3b008ce7c7,0,1376
9a05ffb1-0988-4f71-89a3-2eac51deb62e,1,14972
64cd1375-6d81-4200-be9f-afc1a7abe69d,0,8846
f4b051b5-e21f-4599-b698-dd7f034aa110,0,25357
c203f4e6-0963-4543-a34c-48b9d62b3e27,1,19470
1562c5c8-39cf-4fb2-8592-eafdeeeb5dd2,0,1455
933c4c0b-c2f4-4799-86b6-81054b7645ec,0,14167
a0426825-2cd7-47ae-b20c-f536a1ec2249,0,15663
3473faaf-3f36-433b-aa8f-4e69a9948d18,0,3255
b9689b98-97cd-4ffb-8c25-4d3b686f62f1,1,18576
6cb2fc15-f04c-4fcd-be3d-a964d1467401,0,9837
1876d119-b100-4269-bcf6-766203b1ed29,0,1823
43b52b07-3647-4f6b-86bf-ca1e37ff3ea4,0,5037
ca4b1bf3-ff54-41ca-ae22-6cb515114030,1,20471
9760925f-858b-4470-aaeb-5908bf03672a,1,14632
a4318670-559a-4b13-b212-57f88965d6fe,0,16117
31461de0-0296-4b59-bb18-312dd2a61ef0,0,2888
4a252e39-736e-48df-aaf3-3446a8f3ac3f,0,5788
c07f52df-d481-434f-84c1-04263926ac40,1,19397
d06d624d-06fa-4b64-a29d-91c02c6a300a,0,21172
d3ebec27-0938-46c2-80fa-85ad7871421f,0,21552
16c68f73-6276-44e1-a40a-b15a0b807924,0,1628
3a19bdf2-b88b-4414-97bd-b24d79cdd53d,0,3940
525353ce-858a-47b5-aadb-3e25229f2d95,0,6725
8e67f906-1ff2-40a8-8ea1-c5b4887ce2bf,1,13642
761f4498-6f0d-487c-99cc-244136ef8a69,0,10935
325d5974-1e30-4d27-8802-ac3cf1b02e81,0,3019
eb0cc4c8-4ce7-46b9-9ad2-c4bb71fcbf59,1,24227
456df612-bc48-437d-a247-10a82d93e86e,0,5242
c9b33fcc-c1f1-482c-8ef2-12c7cacd46db,0,20400
a72b9712-26dd-493b-a945-fc0e49d7845a,0,16482
b5046b7c-f721-4c19-b3ae-51f095f36fe6,1,18084
bfbea630-4c43-485f-b1b2-0e5715109ae3,1,19344
49bf089b-82d1-45a4-9fda-d5a903a53a86,0,5737
47d56dc3-c4b0-4bd0-bab7-d39549cc46a0,0,5533
c62de3d1-5334-4cdd-b733-b1e354acc208,0,19997
c769a155-25b3-450e-a5b4-f29d447fc8c8,0,20126
478d58f7-13a0-423d-b759-20dc25412a66,0,5500
3e2a04cc-bf06-4313-8815-b8e8afd46ced,0,4416
17af0269-b24a-462b-bb27-01ca17cb6494,0,1724
85f49d66-c50b-4f89-be34-2aee655583b3,1,12683
4388adcf-881c-4b32-8837-c8c472fe86cf,0,5024
45572ba9-4ba9-4fa2-ba16-6e6b44b6f493,0,5233
a7fb334c-5fa6-460a-8115-294dfc821187,0,16583
4fc8d965-fa2d-4ba6-a6d7-7b148d0da420,0,6437
3ea8f4c2-376b-4c36-8a74-5010faa24414,0,4475
77c828fb-8cf7-4953-a964-6a566f3d07ec,0,11114
a6f364a2-5199-4415-8592-141cb1e821e1,0,16462
58e7a5ed-7a8c-4071-9518-fd0a6eda58de,0,7484
d729b6cd-ba12-4435-b706-e80cff80dcfe,0,21933
de021bc5-eacc-4c73-a8c2-7f98d5467c52,1,22684
ae5ace0c-758d-4f0d-9acd-3f4817b0634c,1,17305
8a5cff4d-53d2-4a42-94da-e4b3f2008b1d,1,13169
786b24ef-aeb1-42a6-a606-bae80423f811,0,11173
77600a83-1710-4847-b7d9-2d1d6982e40c,0,11071
eab834b9-09b9-4dac-8292-adb6141057dd,0,24189
3839ce1a-14c9-40db-9f31-53c84760f1aa,0,3704
f1aa4030-201b-4b7e-a2c9-fd1b5fa83055,0,25014
b2c2c9ad-7966-4c68-bb66-6dc9f9c19fda,1,17824
b7ac0a9c-3226-407d-9734-91a45d371732,1,18380
328b2a99-e908-4cfb-8efd-9c5dbbe1d855,0,3045
0c652b5b-8d2e-4c10-8dcd-a47ad0caf39b,0,1034
86e054aa-1863-46a0-9f9d-1a8ed005010d,0,12771
a68a107d-2929-430e-bcab-d68d6de7802a,1,16401
eeb75f03-f0d7-4adf-9854-77ea08a42a03,0,24668
9154fa10-92c5-4d23-800a-887ef8928eff,0,13964
c02f9163-bdc7-4d16-89dd-a51c0409e160,0,19382
d6cc8a62-2d18-4257-bcfd-079e3b0cf441,0,21876
fbdd9aa2-5da6-448a-8237-9907e0a379fc,0,26187
e910c042-111d-43b1-be8a-88e17f59c2c6,0,23993
c08bb1c2-97a3-4dfc-babd-aae561c3ab68,0,19399
6a250116-64e3-4f3a-8432-850e06a33c9d,0,9490
e98cc7dc-6a5c-4b3a-ab05-67351a18e3b2,0,24045
65738ec0-4bc7-45b4-ad9c-8d1d84b1618f,0,8934
17b391e7-f5dd-4fff-99ae-d4d9959d2408,0,1726
c2d24770-1698-4506-83d1-94e5ca8dbfc8,1,19577
77dc3ec3-a29e-4733-99fc-80b51a76e833,1,11120
17700745-d6cb-49cb-aa70-d725ba0165ae,1,1693
8dd45725-f065-4bf1-8786-8f0aab3d8000,0,13577
977d629d-429c-4af1-bbb9-d2e8b6bac2d6,0,14645
312920e7-f9a9-4064-aa35-96b805637bcc,0,2879
e32c79df-9fe1-4ed0-bde4-eba4e341936d,1,23294
c33b5552-ff51-43d5-bcee-9bad9c372de6,1,19614
6e66dd4c-d183-42c7-ad77-32abf6ca9760,1,10035
d3ac4cae-248e-4ada-9da2-d943a82de813,0,21531
32b9ab38-2dc3-471b-87d8-4a67f49bfb7c,1,3063
9d0cbf60-07ab-4621-950a-9ee60910d2aa,0,15289
3827ecef-1d37-421e-ad89-2738010bccd1,0,3695
39810fc1-3b9d-4c68-b290-25ab5141027b,0,3871
a535c1bb-53cc-4faf-a4c4-50156f46e673,0,16255
73ce684f-bb84-4803-9aee-665ba64f1891,0,10663
3f10faed-8444-42f9-9ffe-568579f05cd1,0,4512
dd2d7639-394f-405a-8e0a-6d655823012c,0,22584
9f1ab54d-5fb8-4464-9617-26a7d25f26cd,1,15526
92d45f9f-e2bd-4ed9-bd8f-901ecb453752,0,14119
14646970-7b11-438a-bde4-eb21606dd259,0,1400
07534f30-58a1-4043-b70e-156cdfafe1c6,0,471
397c8f02-ae8c-4596-a812-d5a17830c5b3,0,3867
c4361e74-54c2-497e-9b24-99eaa7243170,0,19747
091d9bb8-eb0e-48ef-946a-254a4f8f0a0b,0,663
4a2abe71-8cd4-4d57-978d-2da7d67bd80d,0,5790
b77179c2-a542-48cf-a63e-a2d57d51b0d7,0,18359
69c648f7-ef97-4c82-9587-4e0af5a0d44a,0,9450
5f6ce9e1-afb7-4719-8d1b-e2276d772a76,0,8214
bd873d50-9a01-4db8-990b-22fd8c85e69a,0,19075
a8871908-bd16-4349-8662-36827a88736b,0,16645
9b6f8882-b59f-4a4d-8f48-b3f355fd70b9,1,15122
9cbd5b98-7ccd-4660-aee1-7467f20a76c9,0,15259
8748f059-1fe3-4cb3-8595-177a46ceb5e5,0,12822
c9814a4b-8bd5-4583-b968-d78138131baa,0,20375
ce2eade5-de18-411c-be2f-8b3caf6c4506,0,20929
f8a015d6-f7e6-4dd6-8984-6db9ae4c556b,1,25797
c04866bb-85d2-4186-8c48-3ce46dcfa80c,0,19385
7332b4f4-b061-4d78-a5d3-036feae9a25a,0,10598
d71abc0d-aaa8-4226-afc0-fc059b6d6a9f,0,21925
f54914fd-4c5e-4cca-96a2-7dad442fbae8,0,25421
88acebca-2dd3-40e3-b1a6-967a68799b85,0,12980
c654fc41-f1d0-46d9-8fe1-cc56e09cdefa,0,20016
78ee7ed7-56ca-4fe5-8dad-2a04e9a5d1c6,0,11251
d7f4ada7-964c-4d32-8a77-b74e175d7a6b,0,22018
bb91c165-aa67-40b5-ac57-ad8458036952,0,18843
d387c1a2-693f-4401-81d8-fb5f30eb47d0,0,21515
bf22936e-6390-4f6f-b7c2-9452972c3ab1,1,19269
ac68e9cc-42b3-489a-8ee8-fbb28188c73d,1,17088
83cb9b93-a13f-47d1-b645-81b540c7e321,0,12484
ba174e17-bdad-4a4e-98dc-21e270b93248,1,18658
8516af33-0c73-4a81-aed2-c722e15cdd46,0,12589
aaf0cb77-efe2-4129-ba1e-a7b153132427,1,16918
d40f1544-3c94-4030-97ba-246ec42239d1,0,21565
bd8979dd-67d7-4133-af7f-485677b25199,0,19077
b1358746-8e0b-47d6-b653-dcd10b317429,0,17647
74480045-29f4-478e-b1c0-322b2f4ccdc2,1,10722
ba6db8f2-d7a4-483a-bf42-7ab2e83f040f,0,18704
44c69cd0-67dc-4ea9-80b8-f77e61c673c4,0,5162
89745fda-4d0b-47dc-9b08-b51ec914e659,0,13062
f9f45545-d210-439c-9869-d2a33f48b139,0,25961
63271b16-59f1-46db-af92-63570f893222,1,8643
5382542a-4669-4044-bd7a-9ff2dad7db6b,0,6856
84b41293-07b3-420f-9470-1bcdd1c09ca4,0,12559
638cda92-a9c2-4523-a564-4b2c89836c5b,0,8699
7e82595b-7c34-48f7-8778-7415441132e7,0,11879
b3ffee84-ce9e-43e5-879a-86fef0e875a2,1,17960
d82cab3a-67b4-4316-a2dc-697ee283fff4,0,22038
adbd0f93-b694-41f2-947e-44c7804cacb4,1,17240
3488c0cf-8257-454e-a9a8-fdcecc72d5ea,0,3269
624a95b9-354b-415e-8bcc-382c6510469d,1,8539
a3fb5bad-9c30-4587-9dfa-46d134eebcfb,0,16092
fe7f6d2d-9ee1-4e1d-ac8c-bad8d2c4317b,1,26491
9c9d6aa8-27f8-4761-b2bd-92b89a895c64,0,15247
89dd8f63-8320-48f3-b142-d903f40d5c8c,0,13111
c386e937-e121-4981-87f1-14afe0315fea,0,19655
860b35ae-5242-43fb-8e37-4b08d2b79a70,0,12692
fefdd549-9fbd-4e90-a7e4-4a0d2d4466d6,0,26547
f2b1c859-e2d1-4aa7-a602-c73ef7cac2b3,0,25142
dfddf479-6e12-4df3-9c57-02182546a182,0,22893
61547b57-720d-4423-9bd0-7c51351f22f2,0,8436
fdf04bbb-d289-4421-9ec5-020f71535fab,0,26426
e73a7ac0-a121-4476-ad0d-1f216e8a9e9d,0,23791
76c9e6e4-9cb5-4475-89cf-23b20b0be522,0,10999
ddfb874c-8d96-4548-9f5b-eab93d0e9398,0,22680
15965584-26e8-450b-823d-030d71049494,1,1482
3ce9825c-2910-4596-81e9-78d076c7fe52,0,4277
fd434b64-6bb8-4829-a529-a66464af090c,0,26347
bce1a9aa-127b-4535-9e96-d1ca41d72e0c,1,19014
edff33a8-b569-43a1-83a0-9d2a0bd97cdf,0,24594
e1aa3281-83f1-43f3-908d-d32ee4f032a8,0,23119
e93ef558-f463-4979-879a-c108f0b0a408,0,24013
dd9ce726-1d01-45e5-8a71-2ae8663ba3a9,0,22639
f32a14a8-be06-42f0-b757-984c98f7e556,0,25195
6c069d96-31a4-4aa4-b808-6012bb4e5ca1,0,9751
44a23bfa-5c34-4919-9b41-a31f1ff4fcf8,1,5139
bbe656f0-f2a0-45cd-8e5e-c6031d36cc1e,1,18875
a1be5d47-d573-411a-862c-d5e0ec36f469,1,15838
3198c328-990e-452c-81d3-4b149f54421a,1,2932
aeed4687-0e91-4584-a5ba-01678fc4215d,0,17381
5bd84e26-fe41-4661-8fe6-d443473e4914,0,7799
7df61fa7-1294-4e57-9e63-b84a5c272982,0,11815
60b61cb8-6ef6-49ac-85e0-d3c58996ab70,0,8366
141fcca0-f7b6-464b-8467-5adf3cb16da2,0,1391
812d9935-b186-4812-a0b8-bc37df854773,0,12193
d9c69b69-38f7-4b21-b43c-95dff9cc94b4,0,22224
61bcfd5d-f380-449a-a982-eb1f7c2cfe65,0,8481
db0d9835-d96d-41c2-bb0f-2bbfa9e9b90f,0,22357
56765678-1929-4687-8d34-f695cd0cec17,0,7203
3b258862-6865-4a06-ab21-d18a5dfdfa4c,0,4063
a6a94200-33a0-410a-9e4b-bb080cfed624,1,16420
ac37af54-f4bb-4020-8ff3-be7b33e750eb,0,17067
270b8a22-8a8f-4ba9-9f76-bdaff1c98e9c,0,2453
5f1863c0-7804-419a-878d-b9719f354b22,1,8173
e18e7bf5-70c3-42f2-82b7-380943d96fb0,1,23105
66f58805-60f8-4e89-b99c-dd060a33bb86,0,9127
12d2566d-fd1e-476c-8be4-68d15657d7d0,0,1343
e53f9c40-3d4d-4053-886b-4e786d6535fa,0,23538
082fd63e-aec4-401a-822b-eb10d98b562c,1,564
73bf15b5-58dd-4aa2-974f-2749e0a5fd92,0,10655
c8565201-fcaa-41ed-8ed0-d8d5a2228fc6,0,20236
39aea8b5-f528-4253-a529-d37d2f1791cf,0,3890
f4c1d5e2-95aa-46f1-9815-10bf70f564d1,0,25367
5e4e1c31-87eb-4d99-8a63-345343c5112e,0,8079
aebf9717-f500-44ac-87cd-273f24e0c3ce,0,17355
88d42227-98c0-4f9c-9700-c89ebe83490f,0,12997
cfa9aa21-a9bf-49fd-a8c7-810d6e368a8e,0,21089
99239481-5f84-4fe9-aa79-dfa79d3e7ae0,1,14849
9f96adbd-11c3-4c1f-8453-08497916c699,0,15581
7ce31482-fdad-4830-96a8-1a6ac96c544d,0,11700
fe973a22-141f-43cb-91d0-78da23fbd5d3,0,26502
804df40a-0ae0-4d28-a353-dd634bfc736e,0,12108
0c66c256-fae5-4c7d-bae4-a1864b7227c7,0,1035
9794f244-18dc-4aa4-8409-b8ccd3d41a67,0,14660
a3d9e81b-9de4-4d4c-8449-327ba2875585,0,16079
f828ad6a-96e3-465b-b189-b0968a34e4a8,0,25742
0a25c372-266b-4d06-9ff5-a4fbb0461be4,0,775
499b0c85-952d-42e5-86b7-8f2345098f2c,0,5720
a058e58a-be32-4941-86ce-b01a36285658,1,15669
c2c1e0ab-281a-414c-9569-06b9408b50ff,0,19563
5828e978-162a-4726-82e3-a057474d6b8a,0,7400
c98eb387-08eb-4a10-ad95-007e8c52c7bc,1,20379
ae794223-db3f-4b8d-a307-a5cb1ac5eb57,1,17322
def67044-2caf-4e5a-9fd4-a2d186893a14,0,22794
9f65dff1-52fc-4d14-b918-a931ce1f91aa,0,15557
a69636c7-d292-4e42-9114-a5a1c1158086,1,16410
33f64978-7afc-4831-9546-bc93c2c817f3,0,3205
505f2e1e-81fb-4351-be2e-d421a805bbb6,0,6524
c8792ac7-e105-4243-b3a5-4504f2983a06,0,20258
c1718678-44af-407f-829a-fc65bc854094,0,19444
f0e63975-2990-4f7a-a9ea-8b2193acc83b,0,24909
999ddf8a-204b-458f-b161-16b66f03efe1,0,14912
d0d1689b-90e7-4812-bed5-2b9b526bef81,0,21216
f3ed5f13-2aa5-4e1c-af8b-e2683cfbd6a7,0,25281
3f189f11-c1f4-47a9-a1b0-886fb7344bc1,0,4518
b7542c5a-1cad-4598-9c63-d1adc3e76741,1,18340
eba80948-4a28-4909-9b2d-06a0175c830f,1,24305
aa1aa69a-ad81-48b4-9ab9-e475de6b54ad,0,16826
ef761069-33cf-4ba2-86cd-30d385004b32,0,24758
dc08b204-e149-4998-a7c1-1f72c12fac16,0,22465
65f61ec4-b763-4d94-93ef-135e22717e12,1,8990
375beb1f-d663-4c1b-9593-7385b0f21fa4,0,3597
dc3c7d12-a717-4ae6-b8b6-05c339a6f878,0,22495
cd5abf04-df76-4139-a26f-0545c5e7ab89,0,20837
45618772-42d3-4d9a-9a87-188e5bb82aad,0,5236
541f235d-c207-4092-8530-8d826e2fa5eb,0,6936
0a2c130c-c536-4651-836d-95d07e9a89cf,1,777
06c3982f-b0a4-4e3a-a85c-564c2e47e472,0,397
1677cfe0-e54f-4672-b49c-36cfd12ec76b,0,1598
e9d29594-4928-40f8-9cf1-f0d51b6c71a2,0,24080
a76e70fa-0108-4d55-94f8-94e7ff3b652d,0,16519
7b67b1d4-9518-42a6-9d8a-05babb919b46,0,11518
dd530604-c307-405e-b1ab-6419fe00ea85,0,22603
5ae077c7-0d89-49f4-b32d-626adaceada6,0,7697
f3826a5e-d3ca-41c5-b389-c128589aacd1,0,25232
81972ecd-eba5-4267-b11e-88245d3f1176,0,12232
45dd0d26-0740-4c32-bd01-34246a41f3e3,0,5289
d6e82de1-190e-45d8-8a10-8d920b054661,1,21887
1973f134-1419-4720-9058-c7d62999efcb,0,1927
881171f8-f1ea-4740-89f2-52fbc63fc2d2,1,12912
aa5418aa-065b-4dfe-b61d-3cddd302b4f2,1,16848
762f405c-b9fc-4b1c-abf0-a6c5a3f92b16,0,10942
435655ed-87ce-4814-80e8-95cceec2abf0,0,5000
c34a3ea0-04d7-4df6-afab-0d7c7280b749,1,19623
9c5f1187-8a9c-4fbd-8d87-05abfe89233a,0,15221
871ebe50-8492-496d-a49d-510be81eb07a,1,12800
e4f130d7-0a85-4d4d-a989-936db8cbf598,1,23493
e43dfd99-e6f6-454c-9aea-ce72f2485627,0,23411
4dbc44ca-694a-4814-9a24-bc60c8d8d611,1,6187
725e5df8-932f-48f6-bb2a-619c40e00bd6,1,10501
e7deadde-c104-446c-a75f-f200c31eee66,0,23864
1617d8a8-6d1d-45a8-90d6-83dec3e5c088,0,1556
4295050d-3a68-4126-abd2-bdf443a665c4,0,4931
f86b5b00-73a5-4d58-ba24-196ee4c58b17,0,25773
52578c7e-3299-432a-920d-10ebbb427041,0,6728
818a1ce8-68ef-4cdd-b92d-f09ba72c692b,0,12225
9c1f1174-93c5-48ff-8199-61095885a20a,0,15191
518f3f6f-32d8-4c5a-916a-e9f3670e7210,0,6636
4f8178a0-d707-435d-a582-9ba89911f6b8,0,6402
9b76795f-c6ee-4b29-80ed-88a66910a784,0,15124
939d305e-8292-4575-8bdb-d5533fe5312e,1,14219
42405caa-8e52-40c2-a6f8-abb41c5520c9,0,4890
17aba977-7b64-47b0-acb0-d41abba1fcbc,0,1720
445c2799-58cc-4d3a-93ab-c8e16398e1e4,0,5103
5f745654-4335-4aa8-91e7-dd26c42d6699,0,8219
001031d9-f904-4a23-b3e5-2c088acd19c6,1,4
98c8bc72-1779-43f0-a118-538edcbc9e71,1,14802
1a132cab-43fd-486d-b5db-0fcece5fab39,0,1962
7967a41d-a36a-4bdb-8436-323aae1f4054,0,11294
405ed36e-d013-4580-8a98-99f4b7fab29f,0,4670
d1d814f0-b094-47c2-aae7-6d24aae6ccd7,0,21334
ae14bb5d-9134-43ab-ad0a-c44c4e52bd67,0,17276
0a50d5b7-436c-464e-aba4-4264cebb35be,0,789
ff3b24b7-a7df-4ee0-a3f8-d213914355c4,0,26589
590adf90-b0e6-40df-9500-85b6bfd85e21,1,7497
bbed6ee2-01f8-451b-98a5-e54211fb58cc,0,18879
4fee1a16-bef2-4115-8527-a280735ca77c,0,6460
5d31b348-ba73-46fc-a3fe-d9407fdf158a,0,7956
4eb3e763-d4cf-4dcf-a2c4-218b1dc8668a,0,6308
18774506-f9cb-497c-898f-0bade580f342,1,1824
15427579-e055-4f31-a2ac-f92da3855bcb,1,1442
ed0c5d1e-934a-4e31-9221-3a6a69ec9c1b,1,24484
b6744d49-d49b-47c1-b006-0a1256e83452,0,18245
bc816a92-976c-41d6-9659-6fc32281231a,0,18954
e238106d-a690-49e4-a23e-aeb2766cb2ee,0,23178
813a9141-d54b-4fca-a46e-2499e8065495,0,12198
c979c23d-624a-4109-ba1c-c3332530cde1,0,20371
62f2828b-2d93-41f9-bcfc-7d8abd1e8899,0,8620
bd7b4e6e-5384-4cce-9732-0dd7f9d15da8,1,19070
b9251876-de66-4c09-9680-7d17d681bf3e,0,18541
9ca73f51-417b-4c4f-add6-03471ba9f26a,0,15250
3c92c85a-acb7-49dc-b732-1b6e203e6d7b,1,4240
2a15b6f2-2a17-454d-b14c-ba1bb4bd79f4,1,2580
c10ae3e5-822f-49e9-8c02-b0e2a98eddc1,0,19420
29fbf731-2297-4336-8b59-f3399684c486,0,2577
76bf3bd7-33a3-4eac-a59b-4ae8859a6b60,0,10995
2f9652fc-2682-49b2-8307-3d7435753118,0,2808
fe849ca6-4b1f-4a54-a807-3d0dc20a47ac,0,26494
d3d4b37d-f9b3-42e5-b98b-b27744d7f732,0,21544
bc0ad774-adb9-4251-ba69-63286c338bd8,0,18887
cad26b43-35ef-4bdf-8244-a7fd9172f9d4,0,20530
a20c1c8f-e16e-440b-89d0-2393ea43b340,1,15869
f627cd4f-39f4-4b3f-8729-1dfad8fce3fb,0,25531
d7003cae-3056-40a6-ba2a-eb277e991567,0,21907
d46b428d-9c61-4b2e-a0ff-bcc755ed4ffd,0,21602
55773dd5-fa20-40f2-9c52-53731bfb3e82,0,7090
7c427dbf-cb62-409f-a8ce-4847500e7001,0,11629
ee48599c-0c53-4afc-b319-299710053553,0,24619
18a279f0-b065-4e26-97ae-11efd9883c3e,0,1844
5a9947e6-bd14-440b-ba5a-09d52b1b4c68,0,7668
62ce6e7f-e6f9-400f-81aa-1efd9301e256,1,8602
094977f5-89e2-4f48-9c9f-5954aac94d59,0,679
ed282a1c-7989-4924-9209-61d3e6b30785,0,24502
f25757a4-1613-4ebb-b0b2-c09d28908c73,0,25096
b7e58e65-9a85-47e0-a45c-6b943e01f726,1,18403
bc50a164-53f1-4e3d-9949-09133238944e,0,18925
441b1f5e-3262-4afa-a38c-fb62a96043ca,0,5076
c66dab9f-24b4-40e9-a7b7-6acf1db635f5,0,20026
fa680b55-3a19-4e56-a42f-b55ae0edcea7,0,26015
2b55eeed-3408-46fd-9e18-d7c5295a92b2,1,2627
b0c98c20-ceaf-4f52-a67d-f738000cb927,1,17594
baf2ce5d-4e43-47b7-88d0-4dd0948cea84,0,18773
2bdfab0d-4192-4a7f-a366-587c379ecdba,1,2652
08f9a388-c195-4b33-8acd-e05d4da14585,1,644
8ddd4aaf-983e-4a98-9cc3-b275887b95e5,0,13583
7ac15ebd-be55-4c7a-9035-34645d0cc1fd,1,11446
4b22e87f-d0b0-43d6-a8e6-97a27cf0ee9e,0,5898
03f43232-8362-4a4b-8632-aa336ce7ac08,0,198
81fb1d2e-b163-4c60-8c75-9ec4d724285c,1,12287
860d10fb-1b34-4355-bdd0-b194ee1f8788,0,12693
aac5e3c9-f621-4193-8818-ca6ca3ba8320,1,16904
72dfb20b-bace-4888-85b5-22646ca74a28,1,10559
7985ea01-edde-47ff-a770-bdca2c3fad98,0,11315
157cdcc6-85da-4280-abac-46afe2ed9138,0,1473
d60cdcd8-66ee-4e89-bbcc-cdaed2895d84,1,21791
6a6f4940-affd-4a05-ae69-665ab2f0ac96,0,9535
ffcc35e8-6fe8-42df-9605-9fedf57240d1,0,26657
110f1696-ffba-439f-9918-1230c656121a,0,1280
0174c4bb-28f5-41e3-a13f-a396badc18bd,1,63
9a92a92c-216c-4843-a230-d986ddb0b015,0,15032
bfefcd13-122d-4c6f-8f4f-5c53417165db,1,19370
44df69ad-a93f-412c-bc4c-0af29c0e0c17,0,5174
8b9f7401-fce6-4a9a-a4d0-9d708cf6f854,0,13323
e77dfc75-8bdd-4aee-967c-c7d97f9771f8,0,23819
2f0f42a4-dc05-477c-91d2-fd7228d4844b,0,2784
ea3ae077-39ad-4222-babd-db7d772f0a48,0,24126
166479fb-b1f7-494c-b894-2ddf6d21131a,1,1590
c2ed72cd-0390-46c3-ac73-601b1a875d5d,1,19588
51cfb573-cbc6-40e5-ae8a-541adcd77003,0,6661
3b3d0da3-cfb5-42c8-a195-6ac03626a11f,1,4079
32d09ef2-c60e-4df0-805c-d45d5fb0a51e,0,3078
527fd0ab-93d5-4a17-818c-ab312efdee27,0,6745
0586660a-f243-41dc-bcae-d1e342640846,0,277
63d464dd-2789-41db-8b2d-a067a02677d2,0,8723
8e5b976e-c49f-45b1-9f3d-9c33fafab5c8,0,13636
9de7304a-bda3-4aa7-8002-c7b1b662745d,1,15375
6c685c7d-2d48-4791-ba79-21136b30347b,0,9798
ea5c9883-171e-48ab-901c-e9b7b507afe3,0,24142
3c4c732b-8281-41ef-bd8c-98f98a1c11fe,1,4204
651cd9f4-24c3-4ed0-9139-bb1595b18522,0,8883
f0fbcbbe-f0f2-431b-835e-2899ce2b3856,0,24921
777696af-08cf-4f9b-a8be-b9dc685bfa44,1,11079
f16e1f39-243d-49ef-ac41-9d932a86ab8e,0,24984
d162a89a-a185-49ff-b599-12be6ed137ec,0,21282
2c7ce8e8-56b1-43a7-b955-7e9669ecab45,0,2672
bc03768e-ae96-4627-b65a-4458abc9ca62,1,18884
9a735bd1-ea0d-4cde-adaa-4d5e407a87ac,0,15016
d30fd0bf-e680-4647-a878-45bab65c8030,0,21473
5205d480-a428-49a2-a5d0-d44b822ac724,0,6693
e6b8b863-a0ce-48d8-8de2-9c72ba210f3b,0,23734
6ac3ca72-632b-47e6-9cf9-de7e0468e859,0,9588
48606dcd-ed00-4bfd-9e38-8b7ab1dc8e5a,0,5594
df315274-a72b-4977-ab13-d723d5577b8b,0,22825
ec6224ca-82dd-4368-8300-936f333557ab,0,24400
6dbed23a-5942-4f7f-b2d0-71621f8fcfd8,0,9948
503cee4f-1ffe-478e-b3b7-0ced2ae1d5b0,0,6507
ef0fe9c2-fb59-4631-86ec-c47020ff231b,1,24708
d91b519f-9216-4ff9-9e2a-3356bfe4e391,1,22133
e1e5c1d8-c9a0-4fcb-8f88-0a46f9b266ca,0,23140
4cf3f04b-9217-4fae-91c0-edcd56f838af,0,6105
34d37f0b-6aeb-4af0-b0cf-f4516a3035af,1,3310
6713f9e4-1a57-414d-b19f-ddabcf32b9c1,0,9143
d84d271a-8ea1-4065-90e5-9f9c94794310,1,22051
f4c6e50c-67a6-43b5-805c-df7da921f8f7,0,25370
ef7604b3-22fe-4a73-8a0f-5a0b8a00d730,0,24757
8a25c295-ad10-4334-95fa-488ef96aa2f5,0,13144
4cced631-6710-435c-b822-e7880a448a63,0,6093
9dde630b-1f95-46e6-bcde-117eee4c7283,1,15369
5476c3ca-86b8-4540-bf4a-a57c57a0fdc2,0,6974
ad30e051-603f-4a3c-adae-e792db39f74c,0,17179
f9b4c07f-4d0c-4afc-bab6-96014387fb5e,0,25933
0111d61a-8a5d-4dc8-8c00-7365f8a8de3d,0,50
0b510189-2f09-4273-89fe-4ce4581ae69a,0,890
798f3843-7acf-4f6e-84a5-dee0652be5f7,0,11321
442882b2-28f4-4994-9ae2-5072b566687b,1,5081
d75bba61-b5c7-4d8e-a97b-0550a6de2f01,0,21961
f12d5151-4168-4bce-a9cf-c9eb427a1743,0,24952
25e09b01-feee-4917-b64d-4922b4670ffd,0,2406
cee5e4ac-1a5a-4e6d-98bc-d22c6ec91840,0,21004
e8b556b4-6728-4ed9-b08d-6d0111881e19,0,23955
7f148dfd-80a6-4bef-adc3-d0de8968de74,0,11951
f5f736d7-ce6f-4e5b-8374-aad9cbf4b86b,0,25513
887f1973-3952-40a2-acf7-19a471c1c92d,1,12960
180e443a-c5d0-46ad-8b5f-73b7e3939a80,0,1772
02e141b9-8bc0-45df-be3a-5508768412c6,0,147
6f5859fe-9eaa-4a4e-bb4c-217596812fef,1,10153
10223464-9ce5-4445-ba26-cd5a01ed5d4f,0,1245
b22eeadd-f4c0-4ede-b41a-78549f7a058e,1,17761
c95a1770-d740-4f50-b4a6-8e4a53ff9767,1,20361
6733e222-411a-4703-98fe-9c147ef562b7,0,9154
ca670005-549e-44e8-a1cc-eb3293efb4e3,0,20489
58508fc2-0fd8-4c2a-87ee-a3bdda7cd9ff,1,7417
3fc1b246-9939-4707-b56e-b72e550b633b,0,4592
fb423cbf-a579-48cc-93e2-239f30a1f0c7,0,26110
858f0e6c-fb62-456e-9543-fc0cb512e059,0,12638
61cf3ee7-bf64-4376-8ade-0da34a802894,0,8486
0049f7b2-229b-4a46-91a3-0e321a3ca80a,0,17
7e299a8b-364b-4348-bd16-c43ece7c9d12,0,11836
a8e0af66-dc6e-441b-82c0-077c56cb43a9,1,16686
e50ccada-bbde-47da-8a44-9d360b31dacf,0,23514
107f84d9-65b3-4a11-9c8d-921a5bed5b2f,1,1259
ff2baf79-403a-474c-89bc-a7f3904de194,0,26574
3ea1ef34-b3ad-4af8-8fbd-93e46be01e24,1,4470
4b67f21e-1016-40ca-a98a-a055b1aa6076,0,5933
88942782-7948-43f0-bb6a-8ef1f7002327,0,12972
0b6c6a3e-4eda-4886-9182-e0b686fd9e53,0,909
f72a28ac-8488-4fa6-9024-b0243155905c,0,25635
b68055e9-64be-476d-9cf8-e06a8cb10a7d,1,18249
f50f3c2d-e52b-40d2-9acc-277cd996e673,0,25396
a3b2ac7d-5677-41d8-b884-b2494a1361e0,0,16061
81a208fa-0cf3-4450-b19d-06c07fcbaa3f,0,12238
25c7d4f1-d16e-4fba-9155-8f79a396aa81,1,2400
06697be9-b1ab-444c-af0d-fd11a053f2b3,1,358
1b1dc237-cefb-48f9-87ae-467e99fa9cf0,0,2001
579dd9ab-05cb-44b0-9cb2-05f6ca01fe0a,0,7337
6da20c13-b4ce-4009-af02-191262a92791,0,9938
823649c5-fe9e-4774-88d6-320f24184ff3,0,12306
9f7377a2-d46e-4467-a936-f0d8fd8ea296,0,15562
b13de918-205b-41c0-aeb3-2bed13081fcb,0,17649
09147009-39a9-497a-ac10-a07cf7126d58,1,656
b6eb4991-000f-43e9-bf39-2ffd63fbedb1,0,18293
b6962866-8206-446b-92d9-a028283c2e07,1,18260
00a85be6-6eb0-421d-8acf-ff2dc0007e8a,0,33
0b74faac-00a1-4958-9571-b5f7f9c52179,1,912
41b79fa4-906b-4d4e-8b2e-ec02f5d2b65c,0,4839
8e8c55bd-96fe-4d8e-81f6-ba625c7d1a6d,0,13658
fb92d9dc-51e7-4311-8e68-ccc610fc175a,0,26148
2cd0cbc4-bf35-49de-963e-8ee3fd08ca75,1,2689
ad897723-3ee3-4652-b5a8-30605ded589e,0,17226
ef448fc2-1b4e-4158-9b04-34cb7f3fb62e,0,24735
f358e7d1-679a-4389-bce6-c08a6189478f,0,25210
f758a20a-506d-4e4e-97d7-54043148fb59,0,25654
48d77f2e-0e34-4996-a67c-396cfcbb7491,0,5634
5d3ab08a-dc2c-4441-83b1-8926f46b29f7,0,7964
75ac9b0b-6f99-49f1-865c-3ccf54144b1a,0,10880
a5d644ea-bffd-4ae0-860a-45010bfc7119,0,16323
8fa5de8b-d395-4ff4-8549-4c76386849ec,0,13793
e0289603-5241-4fc8-92e9-709ec5f180ff,0,22937
74c665ca-a728-44bc-8131-8e15ec862cbf,0,10773
b02feb41-867a-45b8-a15c-526019267e0e,0,17527
bd912d93-28c5-47df-8971-8ca9bbc1feb9,1,19082
ef702b60-9b45-4d6c-b392-2acf1835c64d,0,24755
102b58f8-0c33-4c7a-958e-0fc23d1eb8a7,0,1246
619160fc-bcd5-43fc-b368-a31a9a4ded0e,0,8462
99a379a4-9e41-4f8a-bd8f-15ce969044f2,0,14917
7413a015-85bf-4a42-b138-96fea1aaf03d,0,10693
db5c4b38-0c83-4f5b-a159-ea4c3e1bc7a8,0,22388
9ae2536d-f32e-4fed-afbf-8286021a5da7,0,15063
fd5cc454-f85b-464d-a04f-09d46a86d200,1,26362
d341810f-864a-4f08-8da2-c8b0896d6db7,0,21488
acb42b54-806b-4770-87c0-8dbe0b064192,1,17123
8a14a02a-0867-491c-aa6f-fc0f643ffeb4,0,13138
b2536145-8054-4cf0-b968-0a689ebbde0c,0,17779
0a828af6-b7c6-4757-88e4-dea54fe6cdc9,0,810
a924e647-a3ff-4e00-a9ee-75c6313c32d4,0,16719
cdda8323-32fb-45ee-afb7-d3133928a052,0,20891
08787bcc-1365-4567-97ef-dc8ad74eda25,0,591
0d45f420-10d0-41a2-9b87-f5ea81c28599,1,1097
e0dbac78-1be8-43dd-abc5-cf3f834b80ec,0,23019
f002b136-7acc-42e3-b989-071c6266fd60,1,24820
3f33bafd-eb7a-41c0-b888-b1269f241c9c,0,4535
5dcd6fb0-b6a5-47b4-bfcf-d6e5bbfea166,0,8029
a3f5a3d9-78a1-4689-8b1e-15f146e14b4a,1,16090
d97e5889-7104-475b-bf38-69b04157515c,0,22184
c8f13fa3-eae9-4e24-ac7f-2ad597b62921,0,20315
734e9b9e-18c4-4d9c-bece-dafaad5742dc,1,10612
89f6abe4-a259-4c7d-a98e-6788d11ee3cf,0,13122
fee34cf4-5179-488b-bf71-3e8f00f26840,0,26535
e42ba38d-5675-4054-8f93-1751856013d2,0,23401
841e62e2-9f17-4622-9c8d-17aa639e7c75,0,12512
d39d1d35-290b-49ff-8066-5933f0732cf7,0,21521
50908a8f-e286-4304-8d97-562654d734c4,0,6541
a694ac65-d011-4e71-b6f8-653258278b3f,0,16408
f3236920-9024-4ee1-bbac-a89b68cfb44b,1,25193
68d9ff29-877f-4d6f-af4c-c831c7c72966,0,9328
db7a5cb2-c62d-4829-9e55-d6e080796de9,0,22405
3df7c845-1bfb-4bb6-94e0-0fb68e6d1f0a,1,4396
59894658-97ba-4ba2-9fde-50987588f1a7,0,7565
5d22272d-01db-4754-ba62-d2722763c933,0,7946
90de382f-ab3f-4d2a-a4c8-ef4085287976,0,13919
b42890cf-b45b-4bd0-9344-2137ae74b6a7,0,17981
57d0397e-af1d-41d7-9b52-4c80037e4371,0,7363
95c8203d-4ad7-4945-ab40-190af0ac570d,0,14458
53307192-eab1-43cb-afd3-5fc380763796,0,6817
040a0743-f663-4746-8224-f0e3bacc7ba5,1,205
5022892d-0048-42bc-91db-052f9bfee2af,0,6491
48d473f6-a2f5-43a8-ac85-9929e2e7bc40,0,5632
40f0c132-373e-4129-b80c-06a6cd6cb09d,0,4741
f5ba9837-2483-4663-8472-2961beaddd18,0,25486
77265389-83a7-4195-8f49-80b9602a3508,0,11044
d77b519d-abb7-49d7-8bec-dedebe8f50d1,1,21969
4a258020-a61c-49b7-9045-b271786ed1ce,0,5789
3a1c6cb8-cb42-44c7-8d5a-925f813427c7,1,3943
56638ca2-cc41-4667-b745-049aed6b39a5,0,7198
0fe227eb-592b-4ae5-b050-e7573d423953,1,1227
d42a7f67-d5e7-4df7-9b0f-f37bdaee33f3,0,21575
84f07d83-e987-4a16-a083-5e8a87218532,0,12575
9cdc0d49-71e7-4cbd-add1-0b61cbef44f6,0,15269
7332ae2f-48af-425e-971c-81092e98187d,1,10597
82820eb1-3545-4cd9-8786-d5e7ae5557cb,0,12336
91b0043a-35bd-4cf9-b338-1cbc9b05b76d,0,14002
98b85e3e-79db-4bf5-9d13-5abc8c767dc2,0,14788
e8ffe2e2-7ded-4a59-b7cd-399940e5f3f1,1,23980
a3d92122-8745-4b88-930e-922b0b602f8d,0,16077
9dd71f8d-5fa7-44d0-85c5-55cdc5a3cf50,0,15365
15326703-f0f5-4acd-9c2e-f37f898aecc8,0,1435
7bcc5458-d8c0-41dc-a682-a80c50f8f60a,0,11570
ae6974e6-b709-42bb-8076-ab8499929f09,1,17312
5e2c6ec8-0460-48c6-8684-442ed783cac2,0,8058
a8328d63-6a90-4e20-a7a9-65226cdaaba8,1,16600
440e0b82-41f4-4b08-a0e3-405a2831a7e0,0,5074
e17e53a5-916f-40c8-9c9c-dcc01031aa46,1,23097
c7baa4b2-e22d-404f-ac74-d5793dff9a8e,0,20165
88b30c18-843f-4c50-ae65-52b03b1a9486,0,12982
50d934dd-f974-48c2-b021-f40b9539051e,1,6573
7ea025b8-66e9-4318-8860-001464f6df89,0,11896
e2805622-6164-4945-bd30-f9b472f4019b,0,23208
4d95fe98-3899-4bf4-8d54-c0c2ca641201,0,6171
45aae41e-dff2-4997-a14d-169ee793ae27,0,5264
f188e0fd-0805-4f39-b3de-5b5e57d637a1,0,24997
f88e605a-a637-4df6-a153-5c51bb304a73,1,25789
84fbfb70-4133-44c7-9c1d-67fc20d011df,0,12581
88070db5-6752-437e-ad22-3f0f2451180a,1,12906
b28024d4-4281-4d77-ac09-e4e07dedb611,0,17806
4e337ede-1529-4d30-a213-40cb7e91e4cf,0,6255
097574ff-b999-4c5f-bb7a-3eee6fed02d1,0,700
6f6f2177-304d-4174-ad65-7b163f492c33,0,10163
6f1d6d64-5ccd-4545-a996-dfbf4fd9d298,0,10121
b7fe2048-abe7-4f69-b82a-ed93c354a8aa,1,18420
e1447b7d-98a7-4321-94d4-03b686676da8,1,23070
7e267157-f731-4d7c-9bb8-dd0649562edf,0,11834
d5566f6b-26c7-4610-82af-a29a80ac6525,0,21709
4be16314-d0ab-4f19-b044-be9089215842,0,5991
c37cfadd-1e52-4704-9831-403826ad2974,1,19647
dcef962e-8349-4077-b266-b988a169c33a,0,22566
cc742d71-6c60-47fd-8fb1-70f5e68ec6c6,0,20721
1953e32b-c76f-4ff4-a893-484772972100,0,1916
7a04fb3c-2357-4bbd-832f-a843e380336c,0,11373
6cd06a0e-f49a-443e-b616-1808561347a3,0,9849
35621d68-0915-463c-b0f8-2365c6e56e11,0,3372
be9df318-f46d-4245-9ca6-33079e6e74ac,0,19206
bb1648ed-992f-482f-b3a7-0a21237c8972,1,18790
084aa98a-91aa-45d8-aa52-4fad8344b0bf,1,573
847b3af1-f22e-4695-b93d-9c52e9551316,0,12534
717d4dbc-ae51-456c-bbcf-f4b73be7b6e8,0,10395
d58a922b-97c8-4ee8-ad84-1c4c6c883c86,1,21740
b5d4e417-034f-4c3c-9a92-b365842f7290,0,18183
77547063-7732-46c1-ad38-d3d0dda9a55f,0,11063
93ababba-31c5-4015-ac19-cd98d51651bc,0,14227
5d44d6fa-b592-4cb8-acb6-bb19ea73e10e,0,7965
df6fce59-efa3-41a1-bdf7-1ff27cad394f,1,22851
bfb32559-717d-4a13-81b9-1b9fa902f4f2,1,19338
c4400499-489b-4867-973a-06747a8261bb,1,19754
67cc4492-4ac7-4528-a54f-e871c228d375,0,9221
1eef9264-e6e3-41ba-b5fa-6a2ab638a7c9,1,2149
c61eab1f-fe15-4bc2-aa58-2d5dfe028771,0,19993
58117ccf-70df-491c-8830-4f7ea3f9fa90,0,7390
ea58f4e5-f999-497e-a7ae-5b428df04eb1,0,24140
1c049d3b-394b-47d6-9b54-405d46db1ad7,1,2043
dea92c07-28ae-44bb-bf10-f0a2f687b82e,0,22748
eeacb0f9-1dbf-43bb-9177-a7254d60093f,0,24662
b503e477-c5dd-48da-8723-fd1ca2a0b405,0,18083
424aaa0a-b9a0-4766-a8dc-46ff4a5422db,1,4895
f0163438-7fad-4c43-b49d-ae23beea475c,1,24827
4b8b9a8e-c100-46ad-9a21-5699b33656bf,1,5950
3dcd7335-7ae9-48cc-99be-0839820485c7,0,4380
37a1e5df-1309-40c2-b943-0d347681258b,1,3627
df91e70c-28f8-4468-94a2-0954ea7397a3,0,22865
1f458170-a4e7-447f-a157-2b44e85f1e6c,1,2163
71a747b4-d566-4590-8a69-4176501f6884,1,10424
d0e483e3-bb23-492d-8e21-f310900eaece,0,21227
afd6c35a-134e-4607-bf71-e5a1c06264c8,0,17473
7acb350f-d188-44c2-a726-e812c347bd75,0,11450
04158595-a45e-402c-94e9-df6fce1bb6bf,0,207
994d2f09-24c0-47fe-8e59-c85e8e861dd5,0,14871
f7feb95a-6cb9-46fd-84ea-3d421ae122ef,0,25729
fb4406f0-2d2c-4571-9b15-5db51e7cbe60,0,26111
e8d62821-d460-44da-828f-a1f17934a29a,0,23968
79255e97-c107-47ee-918c-6eba3081f3bc,1,11270
f69a4b5a-6048-42ae-87b2-c66a6331d7de,0,25577
d48e61b7-594f-442d-9e0c-a435f5e811f5,0,21615
82cc884e-e00a-489a-b68f-e6c094fe81af,0,12361
40f55d75-0e89-4392-a32c-84ff66530a4a,0,4742
fd67d636-d57c-4698-876b-23e94eed5067,1,26369
47ba820c-c63e-4efa-90af-7b88e6741151,1,5518
df4aef64-6f96-4908-a4bf-cabf75be667d,0,22833
ee2aa282-fcf7-4368-a66c-70fc51aedbab,0,24608
543af344-25de-45dc-8562-ecebedbf479b,0,6946
cd0ae273-2dc6-4093-975c-b33e8982e441,1,20801
80a5c4a8-ce44-444e-a778-e6d374a39e59,0,12142
5644ffb7-8c60-4b02-93aa-96ea5233fb88,0,7186
db9ffc16-5076-4f41-8693-dd1d54a9daaf,0,22422
a616c756-c1f4-4c3b-af81-cc51695d4fe4,0,16354
e37f89d4-3cdd-41af-8a07-3238b93230ce,1,23325
8f3b080b-1c92-4319-9778-267d8d55fe1f,0,13744
79f85434-48b2-4910-b861-bdd0e3f7d042,0,11367
85a40af4-f5e5-4fae-8260-6c6031a73e0b,1,12651
70355576-c080-4518-baad-c2e48f94dba8,0,10239
15e6c264-0f5d-4659-805f-fddff71b48da,0,1527
f196d537-bdf4-42d1-89b6-b0eaadec130e,0,25001
22a849f4-c10a-4217-ad87-cdb80c34a5e5,0,2275
66ff9b21-0de0-4242-88e2-427cbde96968,0,9134
97c4d952-46d1-4d31-b8ef-2b555e7ceb2b,0,14682
c88d5bf1-aac9-4d2e-87ab-c3a0d8028f12,1,20268
aee1bed8-19e1-4ca5-9d1d-3ebf08a06156,1,17377
08a5ff94-633a-4b7a-babe-6f91a324e672,0,612
ba6ce5ed-7b5d-4104-9050-967df0dbd928,1,18700
9471cd26-848c-4d14-98cf-64c9bda9929c,0,14307
51a9ad88-bc0d-4362-93ba-2d567f971c21,0,6645
ee90c652-9168-44e6-b010-0e5bd01fb9b7,0,24652
986f8031-5b52-4a96-84f3-82bbc920915a,0,14752
69c66f87-1483-467e-a44c-846685b2f474,1,9451
2e4e8d73-c213-47f2-a4f4-cebe3a6b2467,0,2751
2ca09b04-a0a9-4592-be28-bb6a47dc1732,1,2681
8ae68afd-5f4e-49f9-8185-3751b1d12241,0,13229
6a5eeedb-f8f8-4c18-88ce-e392a91270f7,0,9522
c2b6c97a-c501-4a9c-b5a1-1dbb07d944cf,0,19557
25465a29-78c4-44cf-984d-b3b9477f2de2,1,2382
3be59bb1-6183-4c8d-9ac8-4591b6ab90d0,1,4154
0985fbca-8311-4a6a-9d74-7dca4dce2521,0,713
7d8ddfce-7ac8-4281-9b48-9e6de0c8e158,0,11770
8252e0cd-4d10-4f42-ae3f-d6e960f11989,0,12319
58dddcca-2f38-4556-8a72-326f8113ebb5,0,7480
ce85247b-3efd-44c4-9b81-b290baae4fef,0,20965
3957d078-d848-4fa9-a3cb-3e2fb963dd9f,0,3854
ab9faaf2-1f9c-49fd-9148-1ae56b695fae,1,16998
fa2932b5-02fa-4d1a-b2c6-3db35049e65a,0,25987
91d1abbd-b1e2-40cc-885f-891fef0ded1b,0,14017
817d5029-7df7-4f00-b592-f05c30f16ece,0,12223
52523b06-76b3-4a00-aab3-f27815a378c6,1,6724
859ec41e-8eb9-4aca-a0bf-c17a0984b894,1,12645
def7067b-e6c2-40ce-8c08-1435e04fe14b,0,22796
660423bf-1b7b-43d8-9d9a-ec96ea1afc1b,1,8999
bf27db61-1c2e-4710-9f25-31eacb526f5e,1,19273
41d319b8-f243-4464-b0ec-b283fa696fa7,0,4855
3d6c05e8-8db1-4d72-8cb5-8068b649161b,1,4341
d094558c-2614-4d0b-b142-a9de0864f572,1,21189
a3d7d366-e56a-4f7a-81ae-cf3922497b5a,0,16076
c9259563-9f5b-425d-88bd-35affb2ef142,0,20339
c95eac75-9927-4961-a0c6-2b7190814723,0,20363
b28af7c9-9cb3-4cd9-8261-0d1815d1609e,1,17810
9c85b427-0b51-44a6-8247-9f7c7f8aa61d,0,15241
9f0d24c4-9e30-4513-91df-a6969c197213,0,15518
3742349a-468e-464e-94a2-58f2af7b461f,0,3586
38633d5a-4ed1-4dc5-b4ef-6fbdb0948fc5,0,3726
3aec9f35-58ba-4c7b-8b02-06f1218d3b3f,0,4041
737030d6-07d1-43de-9e11-82b31accd240,1,10624
9e44dd90-b1e7-483a-9e7e-4ef2e6104330,0,15416
bfea966c-f72f-42f7-9712-9cf77b66bad6,1,19368
4723e9c7-2812-46b0-962d-183008ed0ee8,0,5452
fa03359d-9704-44e0-9050-987ffecc5435,0,25967
658da350-aa7a-4a04-b084-43a89e53259d,0,8942
d6f2bc24-e0fc-46b6-a633-cf181e6882d9,0,21896
0798f0c3-bf7d-4f04-bd5e-b119163ea1b0,1,502
ea32dd2a-6106-4df1-af7e-ce64401a4010,0,24120
6c324073-374c-4319-9399-6e40fbe60b48,0,9771
520d385d-0571-4204-86d5-15d7b63f04b9,1,6697
dbafd69b-c2d5-44f5-a3f2-6c347ce377d2,1,22434
69c17251-a10f-45a6-9603-3ab0cee52d2a,0,9448
9c28904a-278c-44ad-b4a9-7f5bc3ae58a6,1,15197
99599993-5aca-43f8-b9f8-220ec7fbe4da,0,14879
ab3cce5c-b5df-464e-93b4-23c2e268f614,0,16955
ed267d94-1def-4572-bb3d-49a4f9a7dee2,0,24499
913adb0a-20ce-4576-a97d-28de3b015d68,0,13954
3cd77f6e-8eb3-4900-bc19-3921d8d22960,0,4267
5d76b90a-e59d-4031-a49a-fca0f14aef78,1,7985
c09b4889-d8d1-4690-806e-dfada1f79e0b,1,19401
a5ecf3c8-4d5b-4cba-9390-2e708ad3a772,0,16337
d8e66874-305e-4c80-9b75-5e764eb718ff,0,22110
fdfe5097-3eb4-444a-ba7b-f479c20fd4ab,0,26432
d086792f-5d97-473c-b0f3-291385da233f,0,21182
477c40d9-9cba-4d45-a5d1-c691fc01adb0,0,5495
8aa89a63-f4aa-47c7-9f39-37b8f6bb8444,0,13198
f5b2e019-e73c-4619-9728-47d6ad26326a,0,25478
e07a03e6-4625-457c-b785-2b056577c80d,0,22981
e8d403cf-9ff0-4ece-b09d-9aead68c8e58,0,23965
e00118cc-329c-411a-a011-9ad3c5657307,0,22910
e7038aef-3a42-4a0c-8de6-8e7a3c903e48,0,23769
c9cd4d25-9d6c-48d6-bcfe-5b1382a2065e,1,20414
9130c6ff-ef18-413c-af5b-7c7f8de455fc,1,13949
e83b9d1d-e6b8-4a11-be97-2cd5df61defc,0,23906
5f81b127-8dfa-4499-ba57-93c229cc44f4,0,8224
6a0b3425-8eef-4d27-a387-680e6c1f5b13,0,9480
404af959-af1d-4883-bf8e-d86e2075a4c1,0,4658
7d3178fd-8811-4b12-8093-1ef9d8b32683,0,11728
b98714cf-6270-4394-a9eb-05454d7799df,0,18585
604e0958-831f-40cd-87ff-08fe60c9890d,1,8319
c69b465a-7bfe-42c7-8896-0c4a419854f7,0,20043
d83105c0-f7f4-4940-a2b6-ab71d4d986ec,0,22041
cb267a1f-a786-4e14-a278-898c30a5a4f2,0,20572
c8463dfe-4d56-45b5-ad45-4c1236a55633,0,20233
8cc0b6f0-ca96-47a8-bf47-7fe2d3641d0c,1,13448
ac166a48-f6e6-4236-8a92-c41b1e1ed87d,1,17045
407bc983-cb9f-4559-9e82-8b559e466042,1,4684
bde3783d-b2f4-41df-b7c6-69f041171416,1,19123
8d4ddcd5-75ce-46b9-acba-f8c7552603df,1,13510
dba10a63-a7b8-4962-8fd2-1ffc41e9da7d,0,22423
979c0e8e-e24a-4383-bd0f-d7e7eb95e6d5,0,14662
3606dcdc-56a2-405f-b799-2f7e13d1b2e8,1,3451
fa2d2cf7-acfc-4c2a-a231-9e60abcf5d66,0,25990
0a35c2fa-9f9e-4157-8deb-8e5d9e69dbc3,0,781
91d9f69e-f6da-4f70-b539-7a3133714594,1,14021
1b4d9ebb-644e-4602-ad36-d83cf7415be6,1,2010
6a97ec99-92f5-4989-a29c-30bdcf595eed,1,9562
81bbeca6-83e5-41b0-9949-24169a2c8c51,1,12252
0ae93f35-2954-41a2-a33b-6614f36dd1c3,0,847
5dcc8b5a-0c74-4aff-9e53-80b6b0221927,0,8028
78b27e41-69e8-4da2-a2e9-8e6399bd712d,0,11213
3d259836-0ac3-4608-8384-ea7b8473709d,1,4304
071206e7-d4c0-418d-9d06-ef6505ee5316,1,435
dd9d6811-a4f2-497f-aced-d7b532eaedda,0,22640
6b85ca20-da92-4ee7-ab30-37eda9dffb6c,0,9686
99e2b312-a119-43c6-935f-d954c9c5e080,0,14948
6b31ef94-4583-406f-9fee-35e9e8831145,0,9641
fc6811a4-fc77-41cc-bd7a-9336bb59c42d,0,26252
502fe167-0beb-45ee-a6a8-3c3e7447f915,0,6499
e498b9b4-3ca2-4651-a8ab-c4fec3153181,0,23453
7639c65f-52bf-4040-8907-729964dc5563,1,10945
debd00ec-7e9c-4790-92f5-22118bd54a6d,0,22756
5f4de3de-11c8-4adc-ab78-8b16a0e2be00,0,8195
1872758e-a516-468b-9498-632699a6c729,0,1820
4d59ea0c-8e47-49c3-a45d-60979e66bdf8,0,6145
50059823-7c93-4f6f-b1e5-e3ce3351b4df,0,6475
b7a29be3-3972-4b09-8b41-04e6bc2d96d8,1,18378
3b0df968-c8e2-4c0d-8401-f42b104850a2,0,4050
46a46b58-a96b-438b-9742-ade04045c9fb,0,5379
801f51fe-d8d0-428b-ae6c-94ededd55127,0,12082
f27252da-ac5d-46b2-8df9-32e09763574b,1,25113
e816e0d2-f658-458e-9609-a745d8279bde,0,23890
aecf37ea-fe82-4618-bf8e-650d83f2ba42,1,17365
ff337f11-e307-4173-bd1a-5b285dae5073,0,26580
a4697f7f-72ae-44b7-9daa-880ee963689f,0,16141
785beb65-509a-4bcc-9130-5548af4fef1e,0,11163
1fc9ff06-f015-4fad-bb4f-e41e001294c8,0,2185
a8a1c87c-e541-48d6-981a-ac821dec99f0,0,16658
632a88aa-2123-4bc6-92c7-b3dd7c91224c,1,8648
6b0119d3-2157-406b-81c2-d56d0d3c4675,0,9614
1649b78a-cc96-42da-b826-61f0ba2f7907,0,1581
cedb4eb3-65e1-40c9-9683-c3b582991877,0,20999
e96fa677-9c96-4611-aa91-963087217a51,0,24028
c210eab7-72f4-4d5a-94b2-7550ff5acf0f,0,19479
53cd7c28-fe79-4537-99b5-e942987b67d1,0,6896
59a41481-07af-4816-8e5f-472ad42febef,1,7575
b4823a54-2c30-43e1-9662-bc830404fdcd,0,18034
c1696635-dfc2-4215-ac85-46825953fc82,0,19441
6966eddb-6e2c-4f3d-bb00-26f20bcf8c66,0,9399
387a5aa5-1494-4955-8c5a-a44ecb695a54,1,3733
dfff79c7-da5b-4aa8-a79f-76f238d69da5,0,22909
e75caca3-22a7-48dc-9b2d-d6e19db6bb29,1,23805
4d72c78e-2064-4615-bd7f-af58e0ec22db,0,6157
f69af194-65fb-412b-8004-9b6a643b1c39,0,25578
32dbe7f3-6c0d-4320-9c89-775dbbb933e8,1,3083
4c5e29bb-55e7-487b-9c4b-ca54a3551870,0,6040
7b483fe4-6723-47d2-9387-4f94c017553e,0,11505
98c457ea-f13e-462c-987b-9ed7c3e6fdf0,0,14800
d393adf2-8a12-4ded-a842-6e4f4289fcc1,0,21518
53d91b9d-2b76-4f28-bf6a-f1b79effc6e6,1,6902
9ef52df5-6e16-4448-9eab-9db6dba9bc01,0,15502
6aae3572-8953-46be-a0fc-5f3e891dec7e,0,9572
0c523b07-6025-4d80-9de3-f435fd92002a,1,1026
e508969f-c931-462b-aa90-ccde34a4d9e5,0,23511
bde1918b-f7d4-4d49-bd15-c68039ff938a,0,19122
ffb0166b-771d-4463-8e38-20b67fa2d3b2,0,26649
83fdefc4-082e-409d-80dd-7b043aed85ad,0,12503
ef426ed4-3967-482e-b5fd-df945555094d,0,24731
4dda80b9-1f21-41aa-bbf0-84bd252cace3,0,6205
7145fbf3-42b0-4611-a670-c207b9042a67,0,10363
9af1d25e-fdd6-4ea0-9845-04760b196c47,0,15071
f24a721d-1f92-4df0-8efb-4e20927d96e4,0,25091
73a0777c-caaf-405f-80ab-342715b384c9,1,10641
d86dd588-40d5-4564-b321-1843369bcadc,0,22064
e34b4c47-5541-4d5d-904a-51af75d2e8de,0,23309
556ea435-2b79-45ca-9612-cde5f6bdffdc,0,7088
09d11876-e367-473a-addf-f445b1a94bec,0,743
3f432d6b-e0a2-4b46-ad7f-e42f713814ee,1,4543
7bfcdf16-2730-4b80-bebb-d5889a8fa71e,1,11597
ac8c5b1a-2e5f-43a0-8b13-3ff7561a83aa,0,17108
c3d5edba-cc4d-422d-9b8a-a1c89301b22e,1,19701
93bcc9bf-872f-4338-888f-c755b5be7bcb,0,14237
d6a2ad68-f1ce-441b-bf20-6c165e33dcd3,0,21860
8764290a-9a6d-454e-8655-4f19e6054b31,0,12835
79a9b7e9-e836-49b8-9959-025907fe10bb,0,11331
bb47fccc-23c4-4264-bd35-616a3c44161e,1,18810
7f9623a6-510f-4e84-8e58-12b65a5e9dfc,1,12018
625f8968-3135-4c81-a5a5-aa61dab240c7,0,8549
56f44a88-2d8e-4910-9c41-46684fd1fdd4,1,7268
36c82e78-4a3f-45f0-94c1-27357fc79aa7,0,3530
a6b1db87-8a39-4dfd-950d-59d9c172dd00,0,16428
41d8f17e-030a-4565-9c40-2b5e9e9e993d,0,4856
8bc63e87-a51f-445e-a7a3-91014a85b985,1,13332
b7f74683-4c0a-4123-9aad-9eb79374d1f2,1,18415
0976dbc4-041f-4bb0-9110-3024d0786c8b,1,701
fcd159f4-21d3-4169-a94b-95a2b5ccddcb,1,26304
0bcb73ad-aff9-4367-adfe-f9e87b229523,0,957
62bfeec8-bc21-4903-adf0-5aeff23ede5b,1,8598
791a687e-c45e-4772-bdd4-0a9d6301d994,0,11268
0bc28e7b-7097-4b84-b393-25cd12dc4cc6,0,952
535ed71c-ca04-40b0-a830-afc4f806bc03,0,6843
6f125823-8206-4bfa-abfb-b5c7941bc630,0,10116
ea2a4715-d9ad-4833-ac3b-3f52090d437f,0,24116
78fc7340-87d9-46b4-81bc-2bc2dd5de8cb,0,11256
c857ee5f-f53c-4060-b93a-8c3437da80cd,1,20237
d9431971-23aa-451e-a643-a95ce034c3d3,0,22153
6d70a183-af3f-4dad-8561-9e161ed99163,0,9922
336622cd-55bc-4404-beb1-8c75de224d0a,1,3140
72d3d76d-2437-4a88-b495-b8dd8b75c719,0,10552
7b9bae7a-8954-4c6b-a5dd-b17c7e6c6e04,0,11539
c2a5f77c-517d-4987-84e3-0338ad29704e,1,19546
6e359606-dc03-4d0b-b836-b88f4f32a9bf,0,10017
18ce990f-bea9-4174-a6a2-8f61c4517b24,1,1860
c72f26ab-fca8-490f-a9fc-0375f8a93856,0,20098
589bbf21-be25-45db-9014-7d4e650c7530,0,7454
0ba245bb-b2e4-49b1-8c63-576e38470708,1,933
e6124983-5035-4478-9429-7b04c5de614b,0,23648
c74d5dc7-fa15-4bd7-bc0e-f3c590c92c10,0,20109
2ce0ef42-0fda-43a3-a224-d0c8c43d7ddd,0,2694
c7487750-fcfe-4b9c-8885-4466b9b85f3f,0,20106
bc92c935-81cf-4e5b-8edc-381c0327072b,1,18966
5852c84a-e471-4a41-89d3-48566a9ec475,0,7418
ca315c36-fd74-46dd-9307-0524e6b937bb,0,20460
3d72c8da-a547-41f2-9f4b-0dbc9ca9e0ea,0,4342
4e1aa7f5-2f63-4783-ac89-27cf07280c71,0,6237
c8e5e305-3f16-4432-98ba-9006ca057c4f,0,20311
443a9c62-1b0b-40fb-bdbc-8913449b3980,0,5089
74f8f310-cc0c-41ff-871d-8daadb81bbcd,0,10799
bd3be67d-192e-4cfc-91e3-381fc8465019,0,19046
d596c11d-ea61-448e-bf60-94473370eb54,0,21746
4d37001c-bde0-4687-8b9a-f95c99f8908b,0,6126
4df1b19b-7996-407d-a323-4848fea9daec,0,6215
78f8a9db-8ada-4330-8a6c-dd7756f3223f,0,11252
be90708f-2e42-427c-b532-5501a4ab1a25,0,19200
ab940f3f-3e24-4923-9907-17b3507157be,1,16992
a8f4eb91-ca90-4cdc-8546-9ee300c62102,0,16701
b5c7d8f1-91f7-4251-a761-7388800ad0ed,0,18176
94508cdd-9336-4c52-a10e-a82a3085b9e4,0,14290
e1eb1f53-a6e1-461d-96bc-ca7fd48b8836,1,23144
4b7d10d8-97b4-4d5b-9a74-01c7c8a13b10,1,5942
cf6729ac-27a0-46e1-9c9b-7d2cb748c4b3,0,21063
0d8ca6ee-0595-45aa-bedb-1087dee15f23,0,1107
691d0575-b3a4-4da8-998e-3e8e124a9e6e,0,9359
2c1ad06c-df01-4484-9e58-49cd0cbfb423,0,2661
e8ec602a-9238-4382-8a55-e010520bb3b0,0,23977
5251194e-171e-4193-9b5d-ee5dc23d54da,0,6722
70fd3f0c-f79f-4cbd-893f-c1d6b80b7af7,0,10324
f298a58f-b8a7-4805-80c1-1cf5025edefc,0,25131
43591d25-6d9d-4876-8926-395f1997c6e9,0,5003
af22f5c3-c994-4902-96b2-8c75eb5e8e4b,0,17408
d14d2d16-bd30-422a-96f6-4f5d2711c2fc,0,21276
33eda96d-5906-4dfb-8633-ada51ada1e9e,0,3199
eb91e5d2-e41f-433f-afd4-61429951efc4,0,24290
40b8bf1a-038a-4fb0-a92a-0f2405cfa6df,0,4717
a5216c86-9455-4be0-999b-88701b96be65,0,16243
6f1242ee-a9c8-4931-8787-9060be4bcfdc,0,10115
c38ee02e-2fb7-4868-a909-d28167ea5fb6,0,19658
ae06b30f-ae30-40d3-b237-c934ce499774,1,17271
bcebde78-5cfc-4d40-8c97-2dc0f0feaa91,0,19017
f985cbd6-659a-4be9-a781-c384be2dc646,0,25901
b6ec9835-ad4d-446d-9faa-c206919c1d11,0,18297
17da6531-1b17-43c8-b052-c5e75b582730,1,1748
b9069b7c-4da9-491c-b105-8c5edd6a7d1e,0,18530
8930e23b-f647-4611-ad5a-fb9fd386e967,1,13032
aec21984-0f8d-440d-87c0-e5a0704727f9,0,17357
4fb8cb90-0633-41c9-b229-36d77816a70c,0,6428
e93cb113-b755-4672-8294-7d5edeec2199,0,24012
835ea6ca-9564-41da-80de-568f18c82ab2,1,12429
b5efdc67-97a4-413f-b62a-7d3edb9de1a1,1,18189
505db6f2-1a55-4766-b72d-120d1a6dfdee,0,6521
f58a1365-013f-49b1-b5c4-24523ba9bc0f,0,25460
400bc1f6-0c60-46da-bf66-80fa42c56fb0,0,4623
aff9bfdd-b179-49e3-8981-dff5e0ff16b9,1,17495
74eb29cc-33a7-4ad4-b420-a4f4ba34cf19,0,10789
a424f983-75af-44e1-84f6-6ef44f9580c5,0,16115
f2e8cacc-b217-4e82-93ba-33bf5e04e94c,1,25165
6760e7c2-b179-4842-82e1-1424c3972b87,0,9172
5cfe2f81-5739-40a3-9ccd-417bd6378c60,0,7924
4cabeea0-6501-434f-90b1-2771baee63b6,0,6080
49c413cc-e806-4bc4-b744-1987261282c1,0,5742
020f45a7-14f8-4ed6-9639-3969d1a87b8c,0,111
87344c44-8544-4e4f-bd7d-4d9b335e65c5,0,12813
fd1550bf-b079-4ff1-a1f3-8aa821c4b83b,0,26332
e2567da2-1ad5-4ad4-b3cd-d583b9be249e,0,23188
cffb3bb3-9d16-4a00-b600-45e777a17074,0,21125
6e94ef7a-a4c1-46b5-8fed-efe23d8ad9e6,0,10048
6a007557-7c16-4726-b91f-2da91ee8f798,1,9475
fb7c7c19-3c2c-452e-84ad-16a435b1ee6e,0,26136
76a5208a-c10e-4182-a671-06f10c9bd323,0,10985
5458205b-c67a-44de-a1e3-009f977b4f98,0,6957
9a8d4e57-b0b0-4c5c-b14b-12e0d6d56ba4,0,15029
aa9cba0d-e2f9-47d9-b092-80458c0b939e,0,16880
e78f8480-f3d3-4409-bd28-5f6d905fadef,0,23828
17764c35-e511-4ff1-a7d1-cc5d670b0f08,1,1698
a7fad7f7-9d4f-4595-9097-7e7b28195679,0,16582
10bff2c1-dc72-4459-82e8-1be1d1fc3d00,0,1269
6de9cd77-3805-4003-921b-07fec5a07b75,0,9973
d3cf7a30-f824-4308-96ff-b1f288c66032,0,21541
930fa3c5-f6ca-4b51-8d3e-2b3d1cc15428,0,14143
874b936d-24b3-4c55-9ee6-d4974a89bf99,0,12823
e39ebae1-62a1-4f8e-a01b-307173ef1ed9,0,23337
608623de-7a7a-4988-8e94-61d8a0a1cbd3,1,8345
698f4b2c-af7e-473a-bc11-ed5c158f9102,0,9425
1600da0c-21f7-41a9-92d8-1d138a70bfac,0,1542
e7975e46-ac5c-4225-ba05-6e0b5b1ba917,1,23830
936f68b6-a40e-4bd7-bc4e-60ad12a4b31b,0,14192
77bcb2f3-2dfb-4ed7-b88a-b21ad2c87df3,1,11106
5af0e058-e411-4e5a-a546-bd269aa7c788,0,7702
364b4a5e-baf6-40a8-ab77-a68b3aaec56f,0,3475
a090858b-0b73-45f0-81bb-97cc645af08c,0,15682
cbf79874-5afe-4530-baf8-0e70bbf5f135,0,20668
94211273-5b21-47fa-bbe0-7496e66672ac,1,14271
ce894c80-15b8-4e95-98a2-49f09bddd6b1,0,20966
ae6a4e67-b0d6-439e-ad05-8f751a8286c5,0,17314
c7692d51-2e63-486f-9032-7d25365f5ff0,0,20125
622d6303-018b-4dcf-88b7-ac0b9e529a9f,0,8525
557cdf5f-f162-4900-b7fd-a9428d9c1da4,0,7094
caf4d7d0-d59f-46df-b95a-c7fbbb6b0996,0,20544
bd449993-b9a0-4cad-8cbf-780ad345c3f9,1,19050
611aac41-d471-4689-9732-610d88abb3e7,0,8415
9d061b3f-fa44-4ad9-b0a3-74a8e70fe9ab,0,15286
57220473-4988-4fc9-962b-5d1080e4a35b,0,7282
576429a6-dd25-472b-ad28-8a8e09f32bb3,0,7304
06a161ab-2614-455b-b83a-00e6b0c29d69,0,379
f7baf04d-3174-4711-b697-87792749d612,0,25706
b83637fe-279e-4040-8a0d-b4ac8a860836,0,18448
d9286f2c-1c62-45ac-852d-f3d51b3e5119,0,22142
577c1d51-14c5-450c-b936-33e259a1bca3,0,7319
22ce653c-e7f4-45d5-9c5e-4abdc753b1b0,1,2280
6fffa5fe-5911-401c-a17f-ffc5f428c373,0,10216
c2c9dcb4-8cd1-4dd0-b5c5-dc1ddc55f7b6,0,19571
da8f0bab-c987-4b1d-aedb-f94e9eef6b10,0,22302
5c516953-ec2d-4859-9334-3e6ed90d4ba6,1,7863
ab08e493-1108-4f83-bf24-d47c9f6ab582,0,16929
6607a20b-41cc-4215-b502-370929cb459f,0,9000
b2db97fe-2ad5-48d9-800a-b909a36e7158,0,17833
a229390c-68af-40e5-a2d2-8d1abba22b69,0,15880
db13f27c-0bdd-4be7-a7e3-3ce6c47f8cdd,0,22358
b619e5ac-ed95-4a4a-990b-f67bdfa40b3d,0,18207
4f7e3856-e6fa-467d-b8e2-fd35bec78da0,0,6399
83425751-d8f1-49d7-afa9-fbaf47fcfaee,0,12419
74703b0c-9336-47b4-b771-88db5bcc3f51,0,10740
cf74b257-7f9c-4441-b988-b7fe4ba3ea64,0,21071
afbd53b1-ea57-4201-9690-9e2bba0002ae,0,17466
9709cc26-3db4-4fc4-a026-2deb53cc5bda,0,14595
e3f8ceb0-1fae-424e-b049-52569a4d771a,0,23384
bf4a6675-6a54-4610-90bf-94cbc3c4b482,0,19285
4a6e2719-0f8f-4b3f-8e00-afb65fc84050,0,5822
6f8835a7-fbc6-4685-8d3b-37a324413c13,0,10174
b10291d2-7d16-44b5-bb13-208e75806511,0,17621
cf13c527-ed56-4c9b-a1ac-27707e6f14da,0,21024
05f9a259-1b07-4e83-8e30-6b01f3ae1cf1,0,312
3465b95f-b01b-4c97-97e0-e4986afa5bd8,0,3250
f4caca65-760a-4726-a622-38ddc68e55e9,0,25372
c7471748-599f-4cf3-bd8f-3913c24ee6ea,0,20105
e29a81ec-a8ac-4cb9-b495-f095c502e6f9,0,23219
16637461-2175-426c-a0fd-e6bf3c6dbe95,0,1589
ba221090-4382-4ccf-afc2-cda9af445aa5,1,18665
19270f21-1643-4eb5-b692-70680acb6f91,0,1893
83a92bee-99e1-41bc-965d-2be0862cd4c2,0,12460
6b52ae14-6d64-4c04-9d13-8cdb8da3b642,0,9655
8c2671bd-77d0-4b0e-9d5b-df49b94b8f18,0,13371
4688892f-076f-4d48-85e3-34da2c3bf7f3,0,5367
7b3dd88b-8762-47fc-be53-9a835e59db8b,0,11498
7508399d-307f-450d-8f47-f24930ad6fb6,1,10806
a3a2056f-fca5-46bb-bfc2-bfc7d381169a,1,16050
9195350c-63c1-4180-9cd9-bfd1a030e04f,0,13990
84723d0d-ae4e-4c84-b84e-e3e16aefea88,0,12531
6c3c8214-b6cf-4dc8-934a-56e5c7a82072,1,9774
5dbb4c6d-0f62-48c7-ac40-4eca9562a74d,0,8019
637a9c51-38d9-4235-94f4-8730bda885b7,1,8688
4917e3e8-ac91-4828-9a77-6ecd1a9046cf,0,5666
59479dae-e35a-45e9-b73e-50e2630cc8e4,0,7527
afddf7bc-bdb4-49c8-8cab-9e52bb00e7d2,0,17475
d26ac6d2-b842-4ae5-a806-6cc1451fb1ea,0,21406
ff03d5a3-4e83-48c3-bd33-bff30f359b5f,0,26554
e27a1adc-88a6-488b-bc9c-8ecdccf093d9,0,23204
2c587800-9537-42f4-8acd-b86519ab09b4,0,2667
667eca17-25d0-4d29-ba3c-6e4f5cf5f9b0,0,9057
6403ef2f-fb2b-434c-a605-71c4f6db41ba,0,8745
d660d827-101b-4f22-bbc5-ff559de9d2f0,0,21832
bd164f7a-a3a5-40d0-933c-0d623be3ad94,1,19031
4fde5c43-28d3-4f6f-afa2-ba572b7e11e7,0,6453
fd6874f1-337b-4022-b82b-fe14072b2d31,0,26371
dc2ab31a-e89a-477f-a0ce-13a37033a551,0,22487
1aeb19e3-7365-4d66-afef-5157a3aca280,1,1992
40519f48-dcee-454d-a460-5feb88b12ef5,0,4661
41c35afe-fac7-4688-943c-7127cd7dd136,1,4849
928fedb8-0cf6-447f-b6f3-292ac06b2b35,0,14092
43640d8d-6d89-4bd8-b51a-af9f4565d128,0,5008
cd393b1b-1d2b-4ce1-9cb4-6e0065139ae2,0,20821
d0ea3f4f-9bc8-417a-80ba-2ed5603b7662,0,21232
16b15680-1f2a-468f-abe9-f3ebbb50dca4,0,1619
d13c4943-edb2-4bc7-a034-e6964bbbdbf9,0,21267
b3ff1c40-552b-44f9-9cc9-4362905f5eef,1,17958
dfb78d4a-4fb8-489b-a68c-864835f7f00a,0,22878
23ca0450-4138-4e7a-9489-0f5b6a91031d,1,2325
5f3f0adc-0d3d-4fbf-b24a-e2b1ccb4af93,1,8189
6d7eeaa9-f060-4fc2-ae1d-f4dd1476fee9,0,9927
6bc9eb57-6fcd-468e-9fdd-a511e8b10095,0,9714
c490db79-e265-4196-9b80-f69278d197bc,0,19787
b457ca36-8d41-4382-8488-b74f944e8a6e,1,18006
cdcecbe8-45cd-42a5-a47d-d58bc638f937,1,20887
1d1c3fb7-71d6-4104-8a93-320e4959bbdb,1,2089
86157f09-30df-44d5-92dc-b12153c24932,0,12698
93877b26-481b-4d01-9dbe-5f34288ab477,0,14208
bc15aa77-4017-4833-b947-42324d271764,1,18894
5d270645-9eaf-4198-9505-8335d0095ff8,0,7950
0ac2fb38-efab-454a-971e-d8349b8ad28d,1,832
d5360dc4-6bea-4a7b-bc49-5b2547ad7877,0,21695
f0343afa-3b37-47d4-93d0-9ee56c30952e,1,24844
1757b96d-2340-420f-a7eb-d8899466e682,0,1683
7c9c96d6-47f9-4ab5-ad10-9be7371ac649,1,11674
82b08530-77d9-4d64-8af0-63e44c522a11,0,12354
6991be50-a92b-4737-99cc-f3d3c9b9aeb4,0,9426
e52adb29-586f-4b18-88bb-139b6142d8d9,0,23530
7785f354-daf2-4b82-b90f-2b94b9e7dc64,0,11085
7bd2d1cd-f950-4898-8d7d-375da645c19c,1,11575
4571ec5d-33a3-4a1e-8473-3b6f423198c9,0,5245
7ff490a4-7ccf-49d6-8340-cb5c68af31b0,0,12062
e024a508-3060-4bd4-80e8-678ef24bcc27,0,22935
0bbe0f92-940f-431a-b8c4-3b371ea7d9aa,1,950
3e9ff8ec-edfa-4435-a3ef-898b09b234bc,1,4465
b650c752-cf31-441e-b611-6fbd80fee0e9,0,18235
0daa445f-6b0b-499f-8162-91296e89f61c,1,1117
a867e456-d903-4beb-ab77-dff28e2ddfc2,1,16627
e642bc2b-664b-416c-a86f-d11b4abe8c87,0,23674
c9659032-dfba-4e12-b18e-873d6ba8bd3b,0,20367
fa9279e7-29b5-4997-b30d-dcfa0a3ba47f,0,26032
cce563f4-a960-409f-9b1d-a7105c419b87,0,20776
f43b37bf-bc46-493f-8072-7d2e6be6f13b,0,25308
ee31d33c-0c27-45f2-9dfb-312c070d576d,0,24611
64f2b57e-5be6-461a-bdf9-15b85c767182,0,8864
0c153d93-d65b-4d3e-90bc-8b26350e3476,1,992
a3876172-efc8-4252-a340-522a6921b74f,0,16037
e3eda227-7f29-4e7a-80c3-44337ce0b413,0,23381
c37913d9-ce68-4902-92a3-bf84772c5478,0,19645
3c47e1a2-c1e9-4a4c-b545-7217d061a33d,0,4200
eea07e37-520a-4c06-a00b-ce9839260b4f,0,24657
8a72ad25-c50c-421b-bc5a-19b0357fb006,1,13178
6fd83e4a-1233-4be4-96b1-d610980ef0ae,0,10201
610b7e59-4f18-4ea2-9f0f-b3668803b409,0,8404
cfc59c0c-fda2-44a9-9d32-7541b2de5867,0,21100
48f6aadb-b69f-45c4-b9e1-186105e770f9,0,5653
fb2d6329-0e0a-40e2-9f31-9491cda7c267,0,26104
8bcb718b-2acc-4fe3-82d0-889940630c95,0,13337
9f857687-1aad-42a5-80f6-4dc277053c75,0,15574
f05cd3fc-440d-48f0-912a-0f7a8d28e67d,0,24860
df5992a7-1853-49ae-a49e-c21263973cdf,0,22843
6b62a579-701d-4f40-bf5c-01c21f36f149,0,9667
d78e30cc-f918-4558-a97b-7ad94694db08,0,21976
2744f4b1-f0a3-4f65-be56-2b93eb72f56a,0,2461
a6e6e9be-4ced-4c05-ad59-a07061fe72d6,1,16455
d99e786f-9de0-44b4-bb3a-00fba6c72994,1,22207
efad4ebc-9579-4fdb-8850-0af216ec919b,1,24784
33210eba-57f9-44fe-870c-4ca9b94a9e22,0,3108
4982e734-a945-45fe-ab58-99b8e3241c6b,0,5713
cdd3a281-fd3e-40a4-9276-3cce68ec47a8,0,20889
40fd6a4f-4987-494a-a297-80ba2cfa2dc4,1,4744
6fe10b24-08e3-4ade-bf3b-4dd80f0ea78d,0,10206
f99e3606-9561-4523-aada-2a8514f185d9,0,25917
6278c410-282b-447f-abf0-0b9384def64e,0,8562
3f55962b-e0d8-4b8e-b44a-23009ccaab33,0,4548
9a1a620f-7089-42f3-aff9-4220286b60eb,1,14976
a561b26f-fb7c-452c-b651-9588d51770ad,0,16270
58d1ec20-645b-4bed-a31e-1f08051a90c0,0,7474
c5db4ad5-a20a-478a-908b-1e8a5424b2ec,0,19955
a4b4d3de-f186-4aa1-8866-6228cede4d7a,0,16180
8d1ed81a-a903-4144-a7e6-e01115c440e4,0,13497
03d92597-3e33-4fdf-8db5-a27cf5b8d3eb,1,189
ab41912e-ba9d-4cc6-84f2-6175b528ca97,0,16956
fefec27e-8e4b-44c7-bf56-3fbfba05e83d,0,26549
aff7f699-462b-406e-9f70-f5232799a2ef,0,17493
160be734-72c5-4f7b-a02f-5425c65bb084,0,1546
710b5c63-68d1-4dee-9d3f-02f543f11ea2,0,10333
1738d7da-d93e-4f81-aefd-a1adb148664d,1,1671
5ffa367a-de51-44ff-9e57-9d1e4e6dea49,0,8286
a74334a7-a51b-47da-9ab7-86f517007e03,0,16496
a51d69b5-64a1-4fbb-a7f1-7f8a4e1fc953,0,16239
98ffe9d8-ec74-43da-b35b-e511193e097f,0,14833
482337a5-eda2-468d-ba86-332065f97bbc,0,5566
42a9738c-a056-4dcb-833c-8e4db6afde78,0,4939
65a018da-8ac3-4394-aae9-2720e36887f1,0,8956
192c7502-0bb4-4479-ae6c-9ff142f1c684,1,1896
2294cff0-b1e3-4895-a575-d1b77482f2a7,0,2268
981434e7-a87f-4cbb-8fc5-ac7f5ca0cd9f,0,14719
2bfadcce-abb6-4fe3-82e8-3a9f91dabd61,0,2655
d662d702-07cf-47fe-946f-e033585fe7e9,0,21833
cc7ab99e-17b1-44b7-819f-4b8591392416,0,20729
fcf5cd90-1a5d-4e45-925e-ff82dcbdc0ad,1,26319
a7efc8e5-c6cb-4ea1-8f41-055d4854a46d,0,16578
5dc0d1ca-756d-4053-9031-ed4d97fe36aa,0,8022
91a4c9e5-1800-42ca-87d1-6762cd65bf51,0,13998
9cdd71e2-ca33-4fe6-90f3-153f8f76e5dc,0,15270
ff0b66d5-ef14-45c4-8bd5-3282f45c163c,0,26557
413d1f9a-dbd3-476c-b71f-ffd23ef38b98,1,4768
ac9634af-f703-4552-bb5b-afc4718d3fca,0,17114
c8ad3d6f-19c7-4188-be0c-ad2c16b51c44,0,20284
c4b1d97c-b451-4015-928c-bf66de300a08,0,19806
7122e35f-0a9e-49b9-b2f3-a80e85cc521e,0,10349
758500d2-343d-4407-b5b4-8fd6b712998c,0,10865
d27b2708-49f7-4bf3-b2e0-56519eee4d5a,0,21415
637b1dfe-c876-44d8-b5a9-e5ebe3663773,1,8689
cc31a747-f6e8-480b-aad9-8ff352fcc703,0,20694
98d96d73-2a33-45a0-a242-dbbad2f2e579,1,14812
45bfcdbc-1669-4ce8-8d36-848bc4b0e40d,0,5274
d759f178-2451-47bc-80c0-2efe67588693,1,21957
cae03a83-a903-4087-b324-a67fe98638d4,1,20535
1a9c4cb9-c796-4174-9414-ca3d653b0d5c,0,1981
e7176756-4a8a-492d-a11d-25e3e0f2dfbf,0,23778
a6b07082-0fb9-48a6-8c53-2c40ea901b62,1,16427
ef99cacf-fdaf-48c9-bc54-a7c36590f27e,0,24777
fe8c4d70-fa9d-4bb5-b0c8-43bde0bc4e04,0,26498
3ea0e730-1b82-4184-a4b7-b2101e40fc93,0,4469
bb10de59-4206-46ca-b28d-c0750d460829,1,18787
8d48694a-f998-4043-bc98-63a3c18527f2,1,13507
6227d915-6ca0-430d-8905-34a61e29e074,0,8522
b72d2f85-76a5-4acf-b5aa-12ec1c3b0bff,0,18319
62ec09ed-1610-4e22-91f1-dab682d5c2cc,0,8616
3bf39734-e635-4b88-a869-48aa46480806,0,4162
86b32de2-c74f-4446-9541-9a27e1021984,0,12755
3c353be5-b19e-4b2f-81e0-fcabb93c429f,0,4194
f23a1412-7334-4aa7-878a-ebdaa5e83062,0,25080
698e0d36-b52f-41d2-a65a-b42bbcf67b2a,0,9423
f60834a1-571e-4454-b5e5-d25f4fee021a,0,25521
b299e0bb-b612-47b8-9e9f-269fac434378,0,17812
7600fee2-7c16-43ff-b5e4-3b0c383156b4,0,10920
266afd14-8d94-44b8-951b-9c239ab224a1,0,2424
7f83a8ed-dafd-49d8-a6cc-89ae947af127,0,12008
27dc31f8-148e-42de-a6b4-60bfa79e20ae,0,2487
85d9875a-9fac-4422-a92b-08a593461a51,0,12676
ffabea71-fba0-49ff-a038-2b1dac9971b7,0,26645
78827877-9d4c-4d06-979f-f40ca2001337,0,11185
8ce7c7e2-cf1c-4849-9a68-8d832c2b7e19,0,13472
8c29faa8-1a16-468a-b5b6-efcf5582d950,0,13374
bc0f83be-459b-41e5-a720-c2d3241ab395,1,18889
053f400c-145d-4770-841c-3ea961bb3644,0,260
80d79201-7611-47b9-892b-5e615d1f38d6,0,12156
193fcf6f-e8c1-4ddd-bf36-7abcc1b0cabf,0,1907
25d34f4c-7ebe-4fb7-a609-f0d98f5b06c5,1,2403
94b8c89e-1d65-47b3-beca-a6e322f3b14b,0,14341
6f3ee2c1-3491-4e1e-890f-ffab242b68a7,0,10140
8116f4cc-7f36-4c54-98a1-ad7ab1d21b6b,0,12184
35b69e13-ffe9-4034-8d6c-32b5ad8e8b1f,1,3414
901026ae-160d-4027-ad8f-1626ba9ab938,0,13831
57b169bd-1867-46aa-9236-da80cd78be6e,0,7348
bb50ac9d-6cb2-417f-b468-3c1eec9a2f69,0,18816
6ca6b0a5-1607-4a8c-9443-e175303c2e72,0,9826
6c5784c1-91f9-4339-921b-f654456bc9a1,0,9791
096a447e-8908-432b-a713-a51d3cd2ae9e,1,697
ef3ed802-8380-49e9-92d8-7750e6a7fe82,0,24728
40bfd201-ea8e-4c1c-9c96-d4d6e0834dc0,0,4720
38c884d4-086b-4489-b6f5-689e379a2a9c,0,3783
d5f2f97c-394b-4bb2-aada-5d58419f7a33,0,21780
4dcb986c-d32b-4acf-870b-342a42da7617,1,6197
d2fbd895-1c87-4a86-9867-38a94032c4f2,0,21468
5e25afee-3357-47e0-930c-9415906d57d9,0,8057
d213c5ab-f293-46e8-aa01-fe4a9df6093b,0,21364
4324b242-0e83-4075-9ca5-11ddde2d2e34,0,4982
cdf7ab65-b73e-4a41-9a79-3aa03fdbfac3,0,20903
7e947811-1242-42b0-b378-d77487f3b9d7,0,11890
ebc9da35-fa1b-4cc4-b963-16731802af49,1,24318
a91af2db-049b-4f98-9169-e54b67264102,0,16715
99ee2e4b-87c3-499c-8e9f-47c6777e60e6,0,14954
585b4e26-50b6-4572-8b7a-01644dab9fb8,0,7425
3d6b3a64-bfb8-43cd-be1f-2645c9df4ee2,0,4340
e9d5d7c2-0f97-4084-8702-1704e44083b6,1,24082
67a495f5-4a1c-4176-9562-2657a7790eed,0,9200
604be598-1827-4b2e-8a07-ad1e7ab51435,0,8317
ea5cc41a-f379-4d12-ae6c-129149c99c7b,0,24143
6999f74f-1a7a-4424-aeba-fc4a75b1082d,0,9431
c5067c8d-df22-4163-a3d5-0d4f9c80b289,0,19849
e291d547-db57-48d5-a994-4e216cddc1f2,0,23215
dae0dd94-d374-40d0-a12b-a8feee49f3a2,0,22341
6d61bf24-7968-416f-af06-153541cb6e92,0,9915
d2df9079-f91a-4fd7-87f2-b5de67ef2afb,0,21456
ac1426c4-11ff-485c-a0bb-790bd57d0527,1,17044
a306087a-3649-4a73-8a75-3c2820117a48,0,15982
eb10b4ff-6458-48da-b431-a3051604527b,0,24229
666dc889-847f-491f-ad5e-300f859dd70a,1,9047
08a74d38-bb50-4c38-9e41-7fd0976d428d,0,613
bf64307b-6a83-4032-9f48-99aa0aec9e8a,0,19299
9965a4c5-c59b-4fcd-a95b-3b2db9b0eb5e,0,14887
e0b66ba4-0bc8-4a21-b7ad-b3217dd88835,0,23007
cc508d41-d95a-4057-8921-b987be8b0763,0,20708
8ae596ed-a849-4e0d-acf0-5173e0df0d33,1,13228
952d444d-b0b3-434f-bb33-59e411657688,1,14384
45ab73a0-6d78-47e1-9282-a9eedf30289d,0,5266
152f5cd9-cc37-4312-befb-1b036cb68c82,1,1433
dc6b1f1a-26d4-4f28-a10e-c4f62eab4195,0,22513
ce1a6d80-31c1-4efe-8ad7-f8a60ffa8aec,0,20920
0927e819-9640-487d-a04e-f5d4732dbe0a,1,671
3bb9dce3-3f58-4a41-a75c-fa0748eb288b,0,4132
a729e14c-2d94-4ac2-a2e3-67f25e0818be,0,16481
e13ae969-5bec-4c52-af98-bf00ccba723f,0,23065
63c84888-7adf-47e0-b34b-1f3da73f1f8f,0,8719
7f6e376d-bbbb-48ef-9ce0-331758b82c45,0,11990
d35637e6-7aac-4489-96ff-24396ff9a70f,0,21499
e4f6a677-82b3-490b-866d-2ddca27c957b,0,23500
dccd9ab8-e731-408d-93e0-8b8e06357967,0,22547
2456fcb4-82bd-4fa9-8ef2-8e1250c3ff50,1,2350
f79fc759-fde0-4e2e-8951-26ac8af5ef89,1,25686
711b8e6a-0406-4c61-8c13-3e90fd7ecba1,1,10346
43fe8d49-f87f-4fbe-8e6b-d715ac8905db,0,5066
bf906483-d262-42cd-930c-41eb6a44765b,0,19320
654a61e7-07a9-4cb1-855f-a21ecba6fb18,0,8911
e821a416-aed0-411d-ab8a-7813185384b9,1,23895
3b01037c-d534-4829-9ec8-81119a652602,1,4047
9fe77679-215d-484d-af2e-6e5986edefd9,0,15619
f10fb878-e7ca-46d6-a8f4-8347fa3682e7,0,24932
ec2ed240-e3bc-4b15-8479-2bc9668c3200,0,24370
75b6d578-16fa-4e46-afb3-aab78453382a,0,10884
6eff15a3-997a-4e53-ac2e-24e748fb7c36,0,10101
b1793fb4-5a81-471c-ad19-8c735d94ec6b,0,17682
b270f32c-a58e-4e35-97ac-01540b2140e9,0,17796
4e73fd0b-65f9-4354-abf7-18e7311d1356,0,6281
a76c9c2b-366c-47a6-97e4-c442a2f84dd2,0,16518
7159b3eb-65a4-4ca9-aa67-106abcb09220,0,10375
2fb8f201-843f-44fd-90cd-d1f257f996cf,0,2814
b30acc47-d394-4a42-aeaf-17527f15dd62,1,17854
8c1f8de9-95a8-47d1-be3d-d8ea33bdeef9,0,13369
5ed00eda-2913-4345-9ef8-6c74d6b2f8d2,0,8143
562262f4-c462-437f-9a5a-29034cc5961d,0,7169
c81e3921-af13-4b69-b038-0bc165696a33,0,20221
b78a4ada-0963-4067-a009-3f8ee134e069,1,18368
d6d5e9ad-6ed7-40b5-86ec-be83b8316987,0,21880
6f9f12b8-533d-40f0-b685-1cdf8a6854e5,0,10181
b84cd9ad-7357-47f3-910e-626667c183e5,1,18458
5bfbf397-39a6-44a6-8294-b0cc1c157ec5,0,7815
7fa2ea6b-4d47-4f4a-b0be-8f47aac97d35,0,12027
f1509076-069b-449d-b659-4ae16300db31,1,24973
93550df9-7f67-404f-a974-516acecd5c48,1,14183
b99ae612-3a2b-4575-a6cd-b00c2e27c56a,1,18591
05c9c22a-fe11-4c93-bcb6-67900893db3b,0,295
9d2f9b40-61ee-4248-b68b-dfa22567181a,0,15300
b163a08c-8dba-409a-b2d6-e30047625970,1,17669
a4a3fd3c-331e-43d8-8e21-1d9162d34424,0,16166
0bb0dca8-127f-4793-849b-cf9d4a67a055,0,939
bc7f4d5d-cc08-44d7-b091-4df20dba6556,1,18952
da9dd786-889c-4bb6-8be2-0af6fa7783ae,0,22310
bf5d1ee4-a9e2-4648-8734-58d150fa1eeb,0,19292
b51f21e0-4a3a-4b16-bdaa-c8e0e4e2f8c6,0,18093
526e8d19-8855-44f5-a241-24566f2b95ee,0,6737
d27e22bc-ba0f-434f-a4f5-cdd9a24e598f,1,21419
23e6d8d3-2278-4fec-99f1-a522461fc8e2,0,2329
97baec09-1647-4b8a-b355-c3c8ba9b8712,0,14677
4c8048cf-7997-4d0c-962b-2f85396449f7,0,6067
fc10d91c-63f5-40d5-812c-15e33855d095,0,26215
55e37c06-e2d3-49eb-9ce2-ff2239ab9dc8,0,7137
514292a2-b7c8-404b-9484-9efcd7114dc6,0,6614
5319c552-1cfa-46b1-a3ca-b291c9bae2b0,0,6812
c504018d-eaa1-4b91-a28b-b250ce9861ae,0,19848
c34859e6-3443-40a9-baaa-94a51bea9da8,0,19621
ccaf24c4-e66d-4556-91f4-05c6f02c93f3,0,20749
1cdba4ee-0bb8-421d-9a24-7febeb399729,0,2078
515f5bba-0fd3-4c02-9edc-8a7631e7047a,0,6626
260e3c89-2bc0-48c8-8203-64d63693fa8d,1,2411
4ac47a00-cd25-4db4-ba24-8d4b53c8b35e,0,5854
5150b314-97cd-4721-9f03-a8d701822630,0,6620
bade0f31-c385-4f3f-b16f-bdcc83b2c687,0,18763
b74815e5-66c4-40fa-ad4a-e85526b278d5,0,18330
f69b3d65-3650-4bd3-8809-a0fc0eac5f2a,0,25579
3da7cc6a-7864-4ab8-8842-297650b7db19,1,4361
9eefe353-2aa9-4e95-85bd-c1db14bd66b0,0,15501
581ef093-8dac-46c2-8f2f-fc34e63c376f,0,7395
c79355c0-dac6-4727-9210-00bf0147a0be,0,20148
6ed32587-0518-4b4b-95e6-a4b0651b1a6d,1,10080
d75a471b-c105-4177-a606-8cd7939a36e7,0,21958
3892a267-e293-471a-b15f-ba5d2e453f64,1,3745
8ebff72b-4e55-466c-97fb-9cde291b9850,0,13679
8a6741e3-b863-4552-b714-6399319aff13,0,13171
aa2b8e03-8968-4d9d-a783-e64d9bca1d15,1,16833
ee7ca106-6c0e-44d8-a623-4ce748c335a1,0,24639
bf1e2342-1f62-4f96-a616-e0a279d9ba42,1,19267
545ef4ff-a6c7-40b6-bc2a-34e71c758909,0,6960
0924465c-dbf3-49b3-97db-a4c49f6010c2,0,669
b9586b0e-8871-4c49-9efb-45cad182ef56,0,18563
0812652c-3d92-4cda-9a06-c9d232e0b96d,1,551
b783741d-64ad-431c-82b7-ba1dab31c043,0,18366
9d5edce9-4fce-444f-b907-a70e2c6cd166,1,15324
f440eda0-0021-4ed1-8d38-fcf15e103b08,0,25313
de449954-b205-4dbb-9c28-fc7fb3bd1016,0,22713
c907aa0e-17a5-415d-ace6-2152bce2b856,0,20325
e2e1ae9a-80b4-49f2-944e-3273cffb43f1,0,23249
97734238-24dc-4e8d-9cbd-2f3bbc5bebab,0,14640
93a32c64-23b6-4a69-b926-a756dd51d495,0,14221
967d0817-76ac-4c5a-91bc-a7d0064e2efe,0,14532
e784de73-082b-43f1-ace2-cd12031f4787,0,23825
3c804d5b-222d-43ea-9f09-dc144ce5222b,0,4229
b5383fbc-271d-48a0-8d17-83f2dfb2e52b,0,18107
36fc451d-e7c1-4931-8409-cd771610bf7d,0,3550
5c357e13-cc52-4ddf-b597-d141c18ccd48,0,7846
a318797e-cb21-47c8-ad3e-49626c1c98ca,0,15993
e532aa3b-ffb3-40e6-9403-7aadb2e8278b,0,23533
32c9f801-2eaf-433b-a87b-08ab319ba27a,1,3074
953f8c8a-570a-4c40-b24c-cd919ae1c7f1,0,14391
54c8ebe5-3af0-4838-ae50-4d2295a78ad9,0,7021
331a89cf-4344-43ba-bb0b-77bdddae25af,0,3106
f137d0ae-b2f7-4fd1-916d-773d4695b626,1,24958
e4f3a1d1-79ad-44c7-8176-e95aea32b5a6,0,23495
c6c3be6a-d660-471f-870f-ad784dbb02fa,0,20060
69f247b8-48c4-43cd-89c1-e6be042d6b19,0,9469
366e8aa6-2b32-47b1-955d-1246bb000c1f,0,3491
d4a0c298-aed3-48ad-8f81-4ab8ba07fa78,0,21625
0fa93f8a-c813-4ff1-b44d-57cbe7f54d9a,0,1216
f24d6b7a-c6fe-47ed-9fe1-268182a995cd,0,25093
4a015759-30af-48fe-9d3d-50bca0dc0480,0,5771
1dbc0249-4761-4b19-9872-de59673942da,1,2113
ecf0161e-f058-4166-825e-4e1d5bf98d1e,0,24469
3aa9b5ba-df5a-485a-952d-3a7900c80b2e,0,4013
c7ffa0e2-4c2b-4074-9872-088a651d7879,0,20205
06fc2885-127a-4274-b20c-554d352ea21b,1,426
418bb59a-7697-436f-9676-4d3e2284927a,0,4818
ded57620-eb2d-403c-a908-f5499ba188d3,0,22778
737aa32f-2044-45a6-b50c-b3aadb51394a,1,10626
ef8b8ef0-b036-4202-a8e0-875eb3caf36b,0,24771
3cc33510-2c4f-4e01-b850-4b66183aa1e9,1,4257
c1ec14ff-f6d7-4b38-b0cb-fe07041cbdc8,1,19461
625a6c34-39e4-4c2a-beac-d61e28bf4457,0,8545
0e7d0fc9-9a11-4325-91b2-bb13e40d1f1a,1,1154
cdddfcfa-b5f3-4171-8d69-aa098ddbe1ad,0,20893
9c5c063c-a4c2-4b07-8ed9-61fac3340dde,0,15220
c241425c-418c-4958-8a18-c3425fe03f03,1,19503
757980d7-0e1d-4568-832f-50ac017d1e9a,0,10860
5ab218fd-5dcb-402a-9613-2647db580e00,0,7681
e862c6c9-71fd-45cf-b589-7714124d7462,0,23921
5f0b21ab-ed6f-4ce0-ba33-af559c6c6c5f,0,8165
55e3d725-ec64-492d-81f4-b8caa6c4c539,1,7139
42f7b653-fa95-473f-8151-4eb84fdeb61f,0,4970
f00c52d3-4333-4bd8-8548-c626db9c2c3f,0,24822
c4a3c834-8713-4813-9ca2-c8484c42415a,0,19797
77c19750-2f89-4c77-85f9-6e9494e5e842,0,11110
cf7e865e-f0b1-4a22-8508-f0636247f895,1,21073
53e03899-b8dc-4e96-a25d-c5061876db80,0,6905
0e88742f-1e63-4604-94d7-be3de0415200,0,1156
463c04a5-94b8-4969-a725-a58c2b6211c1,1,5333
9f059391-d2b2-457b-8784-330a31e87ad8,0,15513
9dd772c8-5c0e-43f0-b646-43800c6f2edc,0,15366
f2cdb6cd-1196-40de-baa9-5e23a9cf3370,0,25154
b6276787-bf66-4151-9f7a-b3d7fdf5ae30,1,18219
782683e0-8c59-4a8f-b78f-330aa73ba2e5,0,11147
e62b827b-475d-4ac9-abcf-5c8ebe319c38,0,23663
ecf17d02-12df-4cb1-b56a-b4dc014767e7,0,24470
d0370ad5-e503-4826-be45-b710ffc5066f,1,21151
c8d43f45-f21f-4e7b-96bf-2fc068be6310,0,20301
3b6cfaf6-8a40-41e8-b5dc-dc8c51fb8fd9,0,4102
fdc8f97c-dc2e-4489-a522-41d99e06471f,0,26408
b1d17ba5-8467-4e62-95c9-907673ce6b6e,0,17725
b448e93a-18aa-4aa0-8b28-2e58529cf8e6,1,17999
d2343ccd-9c7e-47e9-8b88-ff82a74a45e0,0,21381
77247253-b5c3-4186-bd4c-87bd62dcd7a7,0,11041
1651bc42-0024-445d-862a-55a35c04b954,0,1584
28f1790b-5643-4db3-9d4d-de30d4784a0c,0,2537
6a61fbb1-d1cd-4e02-a616-5340291556b4,0,9524
163d7cb1-bf62-4643-a1a2-73c03257b9d7,0,1577
429aeaae-6b1d-4261-8795-18ae2bffaf7f,0,4934
736d6bb1-8a77-40f6-a229-120d8a6263a2,0,10621
40a7d1e6-5d61-4f57-aab5-f00928e6be5b,0,4706
a2b13cd7-501a-400c-ba0a-533419bbd03f,0,15936
96bcea3f-00ae-4f28-958f-d5263e2a01c9,0,14559
ea9d7193-35cb-4e5b-91d5-34a5509f7508,0,24176
72290038-af8f-4ebc-ae08-1cbb558ada40,1,10482
33b5e086-3794-44f8-a4ad-077620ff3155,0,3171
4412fc95-4db8-4aa0-a20e-33088eff5032,0,5075
672abaad-b326-4d12-ad2d-4d61790e6ac2,0,9150
31559539-9087-4bd0-806a-30413a980cf1,0,2893
4c476833-0b39-4340-8fc6-c1be38cf13d2,0,6032
0b4fba3d-aeaa-49d0-bbf1-e66f8f0142ff,0,888
e8ea6c4e-4392-4b42-90f2-7358882eda3f,0,23975
a25d0b6e-cd0e-40d5-a225-4ef92baa4202,1,15900
367f60d0-7180-4459-aad0-e36bd6ae4844,0,3496
6b35c3af-5c16-45f8-a1bb-75b38742c330,0,9645
72c531c7-1323-413e-ae4a-ee0f5ba791ae,1,10548
3e6ff69e-0090-42c6-97b1-26434f52b19d,1,4445
67c56270-819d-4c3a-8688-5caa6208225d,0,9216
687b82e1-dae9-4fe0-873a-5dcd303ec751,0,9292
c068a37d-3fe7-4a26-bb74-575ea6be194d,1,19394
821692fd-9659-4179-b408-e4dda2e10dae,0,12297
9ee2b533-9bd1-461d-acbc-ac74aa13818b,1,15495
8142655b-0c33-40c2-a873-e504651431bc,1,12202
9fbc34a0-5af2-4ce3-a672-c7d90c78aaa8,1,15602
41c5032e-0c2e-4d64-8f7e-f41e5fa881e7,0,4850
ac23d97b-7d42-4ad9-ad8f-db7e6aeddffa,1,17055
759add8c-3802-46f2-9cb6-06b092c4e9bb,0,10873
ee135236-4a38-45b0-8107-e331a6f33369,0,24598
0f938aa7-9459-4c95-9b99-d0bf94cc789e,1,1214
0949d712-9d3c-424a-99b5-423a598d8b97,1,680
e3f0756c-2ab3-42e6-8a66-ced2ea802548,0,23382
62f42357-5ae3-4eed-a5b2-f189b545e579,1,8623
e122edcb-dab7-4a4c-8fd3-ab0ee84ce6b9,0,23053
5ed67fd4-8c5e-45ef-9d0c-1f8fef1e2fc2,1,8151
685e484d-8955-43ff-92b3-925cdc03c4ac,0,9282
5bd40ccb-546f-4823-a9ce-0d7767ad1ef2,0,7797
69a114cc-2c97-484e-8216-06d7adbfe672,0,9435
42ba9ff6-f422-444a-932b-b030624a9c2a,0,4942
a524a311-5058-41cb-a904-fba6a08c7e72,0,16245
8c4913dd-4992-4c62-9e48-37f2fdcf6c18,0,13391
4add9b3e-0e87-4875-902d-2f685166ce01,1,5864
f5808231-bcfc-4205-95cd-9ba5ed5bed03,0,25452
d9cdb986-5023-4bfe-a249-719072107933,0,22231
8da250c6-2d84-4977-b539-dff43c3ba1f5,0,13548
34d2350a-fabd-4797-b636-358a452d89c5,0,3306
5f660838-c965-4463-b376-125bc785efa0,0,8212
6fdfe34b-f264-4bec-8669-b19786a1a6e8,0,10204
ffad4160-d78e-4bcc-ab1f-47e20e613bd6,0,26646
dbc5db8f-3ec9-4906-8afe-2969e096b6a6,1,22444
ad5636b0-97d0-4d4a-8e5a-a4817ed59838,0,17195
be00aef3-ebcf-4306-9960-a41b3c0cdafa,1,19134
b9c99ffa-21b9-4f54-8312-f3952ec4afdc,0,18618
9dd1fff0-2f72-4d3e-8d71-e69d73765aad,0,15360
9c52f20d-a5ea-45b2-a289-e6b7d2b614e5,0,15219
ff955beb-6f41-4292-adf7-f224054c882f,0,26635
86853bbd-5af2-4551-8273-f2978dffdd76,1,12736
33d0e01d-6a72-4dfe-ae47-a526edf8bbea,0,3184
a4f9f3cc-1cb0-4a75-b729-d11d44760c69,0,16222
4cdde362-4086-4e59-bb96-c0f38b20568c,1,6098
f27e1121-c394-4577-80c6-762f47e916b2,1,25116
b24f90e8-efe3-47b6-80c2-9ea95e93b6a8,0,17777
a9633eb6-7d7f-4d23-96af-4387fd2a8acf,0,16753
e63c5cc6-3cf3-4325-aae2-0ef665f6372c,0,23670
cf24b27f-989b-401c-b36f-f48d8404ea05,0,21033
800c7b61-e5a6-4dfe-bc2b-97ba1231a5bf,0,12073
fe71c437-e46b-406c-8870-3b2298fc7d3a,1,26480
fcad0e40-e0d7-4f32-b914-e19041bfd149,0,26285
bb3857ed-9f85-4afc-96ee-c8b6b637490c,1,18804
2f55650d-f85f-47e7-b6e6-79ad8e3c7c53,0,2794
ffb0a415-cd40-4c33-b806-cf533505f89e,0,26650
7af62535-471b-4d8f-a8df-3001fdcd3f6c,0,11473
e6f5c238-2bfb-4ab3-af53-7966b0277665,1,23762
f95974ee-1e46-44e7-832e-02f8a54676c2,0,25875
db891491-165c-4b70-a63e-0142e03ae889,0,22411
db71b2fa-5be8-47c3-a5ae-41f5211edc5d,0,22396
94ea3fe9-7dbb-491d-8c47-0d76b6888dad,0,14366
e97dacf9-9180-49dc-ae6c-7da8e3920c68,0,24037
60ae6dde-b322-4c93-ad89-1b061fa48098,1,8364
3beff427-a075-4b3d-9ddd-8295532d2651,0,4159
c7ec76a5-8389-4656-9e5c-731294c3cfdf,0,20196
66572a9d-0907-494b-8fe5-3d3771ab9455,0,9037
7d9e027d-8e9b-47b9-9771-1f75e0410c74,0,11775
7c48b75c-c5af-4b6f-8bf4-f176e1a40f7f,0,11630
6f3854f2-65c0-4760-a1b3-7879bb7fc75f,0,10134
02f1ea1a-375f-4d1a-bac5-dd7a4b41fdbc,0,153
40f04f41-fd36-492b-9d76-cfe38abdf603,0,4740
e34a437c-a4b6-4091-8ad8-1e11b8088c5a,0,23307
977bd2ba-e5f8-4459-b48f-36dfe1afb215,1,14644
34f5cfe6-4487-4ed3-880c-4bfde1f2f4d0,0,3323
18f8382a-edb1-4e16-b0a0-9cccf86a895c,0,1875
66533917-f0fb-48a3-b772-3ecdccbe066c,0,9036
ac3298cd-90f6-49cc-a584-1c519749612b,0,17063
46c06db4-948e-4495-a9a1-d4f945a0fb6e,1,5397
756312b3-4698-4011-9212-a389810fea9b,0,10847
ed268b58-7e78-4990-b2c2-148c1546a4a7,0,24500
096c2c94-dec1-4f8a-8718-2eb7d73547d0,0,698
45072f01-e58d-420f-8db4-5821f711243f,0,5197
3943f290-7145-4d32-b5a8-9fdbd5a73373,0,3848
9b782d00-7521-4843-919b-cd9dfc6f4769,0,15127
7cf69a10-86d8-4933-9c97-b68b35d1a04d,0,11706
4f9a7303-4d5d-45fc-bcc4-d3f50f03464e,0,6418
c0767025-7482-446c-a5cb-eecee44b226c,0,19396
a93bed75-231d-47cc-a21e-9a70c0d072b2,1,16729
99123af8-6f47-4ce0-8e8c-1d730bd44c77,0,14842
ef868205-5194-4860-9396-7c4c91316e74,0,24767
c4af240e-3322-40d7-9351-db82718ce4a1,0,19805
ea872d0d-d42c-4330-9c09-799bc3b0ab09,0,24167
8a08f0a1-478c-4117-b2fd-80cc43850efa,0,13129
2bb1db95-73ad-46b0-8567-8a03d9a83def,1,2639
0fcd4b17-359c-40bf-a21c-907d0a91b5df,0,1224
dc8826ad-9cdb-424f-9896-ec55bcaaffd6,1,22520
51bd3238-9425-41ec-9919-79aa2b32e724,0,6652
000fe35a-2649-43d4-b027-e67796d412e0,1,3
6ea8904c-f392-4439-a2fc-4f5e9d6a0084,0,10059
f5c92fed-e929-4944-8658-345ab207ef0b,0,25493
2f172025-0ba3-41d7-ada4-dcac1b651b97,0,2785
71c5e5fa-6d92-44a3-a9fa-1e3421b27a07,1,10432
62ceada1-7d9e-4ad4-922c-14bee84f8a0f,0,8603
c2079a92-c13f-4f21-84df-6bab8a9854df,0,19472
3b253e33-a932-4d96-a8fe-f3a5be6b66a6,1,4062
a51d124e-ab14-47e9-90ed-afda7bfafbc3,0,16238
efea1d7e-c7ea-4acb-89fb-cd9501da321a,0,24810
494e613b-e81b-4ae0-856b-178c0310552b,0,5688
b0e2b584-8e6f-4849-88ad-778a07abc055,1,17602
b7f5ecee-6ab8-4dab-a4b7-fefee43cd079,1,18412
617a8457-cda0-491e-8027-ef216b6a9744,0,8454
55b3bd78-091c-4c00-b83e-ad37e43a1ce5,0,7119
d5ba5556-356b-4c89-9d2a-db012e53059d,0,21759
91e5caec-93a8-4361-abbe-22fa1bd60c6f,1,14031
507fff2d-4184-4da3-bd59-93af3fb307ec,0,6534
b4af3d43-07ed-4e3c-8a32-762ed8c21cd4,0,18054
581a6cd9-f4ef-49df-8c10-9ee6468b0e40,0,7393
76f54014-f16f-4010-8f53-4a9237281615,0,11016
4754adf8-4003-4bc5-840a-511b885b0a62,0,5474
0b5a918a-5625-4659-a2fb-6baa4b55df9a,0,896
068c876a-d9ee-4a1e-810a-63c8195b27bd,0,367
c6b16970-bdd5-44e6-9b18-cebea7523af1,0,20051
df8819b6-6ab3-4b88-be83-2de4e569d2f0,0,22859
2a35b204-8931-4a6b-a8bb-7e621ee848b8,0,2587
44a9d61a-ff2c-40f9-b3de-7865a2f00993,0,5143
50ac73f3-76ef-4610-a62a-88ef8addcec3,0,6550
d4d7ed7d-3503-44ce-b3eb-dfe5afeb30e4,0,21663
3bb338a0-7e3d-4248-8731-a8daffa15e58,1,4128
76b14eb0-e55a-48f6-86d9-4dbc8353df17,0,10988
8b22ec95-9141-4174-b2cc-f20258639eaf,0,13266
f9049d8a-21b7-4884-972c-2c80f3028220,0,25835
6a995872-bb24-4b80-b256-770f6de7a05b,0,9563
ba30f407-5639-46f3-9c02-235566daed1c,1,18673
e20af8e8-56f2-486f-962e-7706d77dc5f5,0,23160
90cef4f8-3198-4c71-96ac-ac3ed528908f,0,13913
8962fa2c-bffb-455a-a57e-2b86d6e0d2b3,0,13056
448a3586-c9c9-4966-81d8-b897d6fe8b06,0,5125
77f3d56c-41cb-4090-ac03-30d4f857a27c,0,11128
51d97a54-bef5-4c37-85f8-8b3a49970ddd,0,6664
d5c0eb30-b101-4bcc-a8c0-f08675b45efa,0,21762
cbbcb63f-5fae-45cd-bf01-0785378682b0,1,20640
fc859be4-b0b6-4f91-aebf-98d3afe280d2,0,26269
f2ca38b7-7222-4f3e-819d-c3c3713d9238,0,25153
3ac3f8a3-21a8-4baa-a6f5-3ce889947dd7,0,4022
a0ed1bbf-c2da-4c12-a1d8-d0d0c64ffd08,0,15735
4648165d-da7c-4cd6-ba52-92bf16119777,0,5340
ed044688-4784-4a2c-b7b8-da2ae285fcb7,0,24479
48de5f0c-175d-470d-bc56-7235b5179d2e,0,5636
cc3e8735-8a48-4704-a79e-a253677ee5f9,0,20699
be653a8a-5978-48b3-9101-91e35a15e6d2,1,19182
5e97b34e-f150-4def-86ed-83bb38eb7bd5,0,8113
d2c420e2-b3e4-41b6-a407-6f94e2ec69cc,0,21447
36622689-e3a8-4c99-a5ae-1aeee1b32157,0,3482
ac8fa30d-caed-4d4b-acb0-173c9128672a,0,17112
3f25e62e-b79f-4cdd-8607-adc010808d4c,1,4526
c8826526-a050-43c3-bcd1-02667c3c0f8c,0,20265
ea4e3c77-6956-4ba1-9c73-3bc93c1f0398,1,24137
16164a04-5f08-4637-8226-e34d2fbdd762,0,1553
69e140dc-4be3-4ec6-8468-778f1fa58af4,0,9461
7fe0839d-0a9d-4c51-93fc-7a2132fbe9db,0,12050
70f5e68f-a4fa-41ea-9213-e71cf71b67a7,0,10321
dd0e54b8-9e25-483c-a45a-51a72c3203f7,0,22576
4e7078f4-a632-4954-a458-a9bafe717545,0,6277
899a3c1f-3355-4092-88a6-67848ecc137d,1,13077
31cf07c3-0820-4983-8eaa-2b305295dcbd,0,2956
522f915a-c395-4158-b7fb-defa93cac8ea,0,6706
32bac08d-957e-44e0-9c11-26657e24170b,1,3064
611a59c3-68d4-48fd-84d9-74f67339b5e1,0,8413
6f558e12-6030-4774-a18f-e7e7f5618bdb,1,10151
41abed8d-8781-4564-b0cc-9d4abbfcad5f,1,4830
ae77fb82-6cd1-4a22-8224-8ad1c359fd5e,1,17320
1bc755ca-d22a-4a4f-9eb7-acc2e2b45b44,1,2032
f6f6cb82-f83b-4abd-88b1-4ad5e9436bfd,0,25616
646917f3-2303-43ef-acac-37470021e91f,1,8789
badc0335-1212-4fb3-8417-a63a9df523c3,0,18762
b6ec4cf8-03e9-40c7-b4de-3a123ab75a03,0,18296
4c6bf128-c956-4a77-aadf-dc8f0f6ad4e7,0,6050
f6236cb5-cc36-4ec4-895c-d11ce043341d,0,25527
bc13ca24-abf3-465c-bcb8-b403906cbe1a,0,18893
8fcc1e9b-4ee2-4251-ac82-d9ec7dd1869a,0,13804
e5575a73-cc40-4c5c-9a6b-e47299e9fbad,0,23553
063f63c9-7e5b-4360-8d19-0060d849fdbc,0,344
8bce9679-42ee-49a7-a1f0-348e8ca90d60,0,13343
71e02221-987e-41e9-8235-e7bcea6ee5de,0,10448
99122ea2-e76e-4b70-bfd9-350b8af5691a,1,14841
e3a576a6-2c29-483d-be9d-4a6a3327a0cf,1,23341
7b5a2e86-13c9-4cb1-886c-8080716256fe,0,11513
e9674c4a-78a5-4af0-9aa6-f66d9a72c681,0,24023
32684a31-86bc-48cc-ba45-003c4b86187d,0,3022
8af89b60-74e2-4f60-8764-b954598cddc4,1,13239
33f840b6-f208-46d9-a75b-16f31dd0e24c,0,3206
8b62e87f-d35c-441e-b517-3048ff56f55d,0,13294
ef08ab22-8cd0-4f63-af8a-c839a94916db,0,24706
cc113a07-858b-4a47-9805-cd66e07d10c7,0,20676
a7bc2974-8056-4df7-ba82-dc2a2a17c292,0,16561
50d4dc83-e4fa-4efb-9db7-bd6997a9fb23,0,6570
a11e3d4c-8248-452d-8f82-ce10a150416d,0,15758
18792f05-1f16-4343-884c-c33420e6b104,1,1826
3e0a7471-7785-4f48-95c5-3ba778f5b85c,0,4405
4eb0d72a-4676-49da-a0e1-321822fb9139,0,6305
b394deaf-c6db-429d-864e-4f6aecc7a27a,0,17910
630f5987-5a5b-4844-978d-4b907c1daa8d,0,8631
e25ce67d-3ab0-44d1-9e36-3b2136857b0c,0,23193
a75e8b4b-4e89-4648-bdf2-4776fc865646,0,16513
988324bf-9f09-409d-ab39-3d54aeef0a79,0,14758
e9745bb6-c432-47fa-bc3a-cf7094a38acd,0,24031
c86ebcd7-2b45-4c77-a401-0a27e55a4528,0,20250
bf3d7cc5-cde5-494f-ab8f-e33660767f18,1,19278
575b4e6f-99ce-4827-b7f7-866d8f4015ca,0,7301
c602d3b5-41ba-4633-bc25-46fc71a09d57,0,19976
ec3a11c0-b993-47e4-a658-e6dc1d339db1,0,24378
d63b315b-cac3-487b-aee7-258691082c98,0,21813
a20bc291-6c7a-4194-94c4-de6f395bb6eb,0,15868
0c00260e-8326-458d-9e91-a731488717b2,0,979
761160f0-7d5b-448c-b708-c77838def919,1,10928
ae59f8e3-455f-4f96-b686-465a38a0f3e2,1,17304
f455013b-884e-4f9f-b603-86b137c2b845,0,25321
9c61da04-bb7c-4e49-b9d2-04c1f59ad7e3,0,15223
4eb851fb-3331-4180-af49-4b9ff2dbfaa4,0,6310
0f8c91da-7e03-480e-8760-1604b1d53c97,0,1211
af07c1e9-17f1-4a5c-b3e0-7351eab56e17,0,17393
ea696000-e0e3-495e-82e1-e0b5ea273cb7,0,24155
d71602f4-ca1e-4651-8eb1-86bfde77556f,1,21919
d07429f6-a00d-4992-ba88-dc8d3167921e,0,21174
8dac50e2-b384-42f6-b05f-80347f7d30a9,1,13553
cbca8cb0-e6c1-4644-8cc4-8b2c82d0f510,0,20652
ed1db802-8f03-4d9b-9a91-4d7dd03b2b21,0,24489
eb0e6171-b47d-4996-9f53-3deb449ed835,0,24228
9580ee59-d186-42c3-b39a-1c0dfe3523aa,0,14423
e5f5d529-7f51-40a6-9301-0b6ed0cfa941,0,23635
328ffa15-a1fe-4d51-865e-aa4c1855c9df,0,3047
5dbb418a-7dc7-4ceb-a3f0-956b28b39734,1,8018
514c61c6-7f67-4fda-a852-8ae6dc17faec,0,6617
7cedbe1b-b8b6-42b4-a0b2-ae189fee42af,1,11704
188218bc-84f2-4103-8e34-0dd6d3103b2f,1,1828
ebcdf1d0-95e1-4af0-b7cf-690155487ae7,0,24320
d9645d7c-415f-420d-b82a-675062674282,0,22168
5aa9d87b-8b54-42d2-b2a1-9b48f524707e,0,7675
ab877686-52ee-4476-8613-a6e4ca3959a2,1,16987
75b939dc-925a-4718-883c-08fb45019a3b,0,10885
a7ea61d4-4c53-46fa-ab3d-043b310de519,0,16577
d18bd9aa-3310-484d-b754-3229e3c3da30,0,21305
bf64c720-4afb-4ddf-a6a0-bc91dc155a33,0,19300
650afcc7-26bd-4f83-b9f4-e0219d836c52,0,8873
6757c97e-6a68-47d8-acef-f7b9e3c12076,0,9166
c8a5645a-4d8d-4ab5-9644-e4bda9a395cb,0,20279
e46a2dc2-a741-4ab5-afb0-fabdbffe1ec4,0,23432
58abf633-84e8-4e22-8706-ff72e9e8cd69,0,7458
91e5abbd-a704-49fe-b9ec-96987de7050e,0,14030
a83d65c1-4b19-452f-a486-4c34aee21c86,0,16606
04a6aa6d-bd6d-48b1-822b-21b81c4bdf3a,1,232
bc25b9b4-252f-4f51-8294-97723612fd00,0,18901
c5b5c787-ec1f-4a20-ae1d-e58e93da0474,0,19933
86bd39a4-568d-443c-9ad4-4c9807d7f136,0,12758
09854bb5-4fed-43e2-96cf-8f24ca71cb6e,0,712
b4747fef-5911-464e-9854-a54718d81867,1,18020
fd44e53d-3541-4e9b-833e-49696a540106,0,26349
5ce33c89-036e-48dc-b047-59adaaea4f85,0,7916
6aa019d7-8e9c-4dba-8621-fdad4efa4f2e,0,9566
7908d3ae-c10c-4bc1-a256-42a6b16e90d0,0,11263
a46b4f2b-729c-4b12-82c6-b005854a811d,0,16143
904365ef-e5a8-4741-85a7-f4fb305d1453,0,13858
4b912423-ef5e-45c9-90a3-b04fc7977653,0,5953
ccfe789f-1e62-4e0f-be6f-517378ab780c,0,20792
5a86544f-f65f-4a0d-b9be-8fe05da50413,1,7657
0927bc1e-e1af-4c7e-93c4-7127d366f57d,0,670
f5926c42-623f-4a7d-9214-bf9f0964e9fd,1,25464
3632aa2e-04b5-499d-8a27-1af18699e5fa,1,3466
be792f68-ad41-40fb-8f5c-babf29a9e0fc,0,19190
d86c6699-534d-4396-ad9c-49c978acbcec,0,22063
de74b415-c6cb-40de-8f17-4d9f363bd752,0,22731
18b6e05f-6b9b-4af5-a1c4-be5ac246d342,0,1853
70aceaf0-dc67-4ae3-8f18-9d59d6585634,0,10290
5f4eb911-ad6e-46da-bc76-2029fcb9dc74,0,8196
9a3e1197-91f6-4e4d-9aeb-fcde3483849c,1,14996
0851431b-cad7-436f-acb8-06aed97e5339,1,576
de98671f-8b66-4d73-9620-bb69b2622bc3,0,22744
7a8c7174-87e5-454a-9c2e-c79c99fd74e8,0,11427
3691108a-42af-48ff-ba9f-6e11c63f000b,0,3505
a038cb68-7a3c-4a5f-9b6e-4f6aa2957f7f,0,15657
edb131ab-eee7-4527-a06f-9c8a731d57ff,0,24564
7594b38b-54a7-4ee0-b5f6-694e12bcd830,0,10870
637c030f-e379-4db6-bde2-c2f2ad0028fa,0,8691
9507332f-6b76-4844-a501-7f8ffb05eeed,0,14376
e6e93d3a-571d-4c1c-9c62-cbb043d9cc49,1,23756
4e73b1f7-9b5f-44b7-9a6d-45d7256b8b94,0,6280
b0047aab-84f1-44b7-b485-37df40388101,1,17501
6b57680d-0850-4d8e-8663-3d49e3e677af,0,9660
87dd1f64-dd37-47e6-a2bd-8da9d37e55d6,0,12887
4c712f9f-9bf7-4e8a-9a64-e418d8fbf176,0,6054
c5b5f055-d02e-4af4-9e00-e1c3287b4702,0,19934
73297d21-68e5-4598-9e5e-8c6bfdceef93,0,10594
634b4289-f604-4c8d-bfcd-8b33388333d1,0,8664
7860706e-b07d-4c69-b17c-03ca4f8e8a95,1,11165
caaa9115-3afe-4f23-91b4-a6a7246c4401,0,20515
17fa0ef9-d8da-4d79-ad6e-03b1b6a3a7aa,0,1763
a8b5a123-6dbd-412e-a871-12f4f65a6a05,1,16664
5f47b009-71fc-40d5-8c16-278331ecb652,1,8194
796c9a6a-2ea4-4361-93ec-bfa894d4033e,1,11297
5776da6e-0b5d-4d8b-a9fb-2a8af858d424,0,7316
aa2c95e1-c96f-4dc4-a136-c849aac5a428,0,16835
0beab473-5df5-41b5-b737-85749bf77a44,0,968
45d322eb-1062-481e-b19b-701cfc9f097e,0,5283
8ff1f4c6-44e5-4893-8915-5fd3c5397baa,0,13821
b34945a8-d965-4a56-b38e-968dcf2ae993,0,17878
9680a3f0-01ca-4c8b-8d09-d209f72108ea,0,14536
97ef09f8-293d-4051-84a4-52bc8401e0dc,0,14701
ba850c54-6bfc-4cd9-aa21-cca9c02f8b0f,0,18710
a4cc8800-73db-4fdf-94c0-8b15b7777bf4,1,16197
133a1f56-1ab0-4df7-8e1b-4a6293934f3a,1,1365
eb6a3dd0-7264-4fa8-8664-2960e316e446,0,24273
b17cc4ff-5181-4a4c-97d6-cb23c91fb4c8,0,17684
5c5fa6bb-227c-4654-85a3-ef1a1881c139,0,7867
4f0ee67b-d4c2-41e2-96eb-89fd7287844d,0,6349
4beb715a-335a-44a8-bc72-a2b27fd0377d,0,5994
b34a774d-b5c3-49af-ae92-c0cb28208a11,0,17879
e79dc2fb-15d1-4ffb-a2c5-2236747918cb,0,23832
6833b49a-ee76-46ec-b620-cda72affbd4d,0,9267
3d3c4768-ae36-4807-bfc2-195fe0194b07,0,4317
32d8e2d5-48f4-4ae8-ab21-bb48924bc850,0,3081
c907dcd1-6011-430b-9515-009900b4a98f,1,20326
4db6ed26-1699-47fd-8dee-44b683213b10,0,6185
eb9ee346-11b0-4ae1-8b69-99d54acdaeaf,1,24300
b4299b1e-7fb8-479d-8754-0a8fa6463400,1,17984
6a8935b3-71b9-4f31-973e-b0f0846d4b2f,0,9552
8ec9099c-705e-4197-9e6f-b1a9a51b5ae8,0,13686
9e61c568-6559-4634-b4af-7f1bbd8d39f0,1,15426
cd3bd5ca-2606-4efb-96f3-abb7adb3fc3d,0,20824
61d1d633-b916-4c45-bdd4-cbd800153f00,1,8487
acdc118f-742d-4e1c-a5b4-f9f052adf54d,1,17142
5bcc2f5b-46d9-4e87-bfc5-b4808ec4f13a,1,7790
aa8377bb-0c43-4c48-b185-bf96cc5c6537,0,16871
438090bc-eafe-448f-99de-33a5929cd44e,0,5022
45efba63-8fe8-4f5f-9adb-6d2eca3f12f5,1,5299
6222228a-e831-40b9-8d5e-eed896717642,1,8516
d2e846f6-5072-4b65-a5ec-2d8bdd104891,0,21464
65cc7b42-4bac-41b7-ac07-cc35319cc2e5,0,8969
f3f4d035-b090-452c-9c40-73d65f1b1940,0,25286
f25fbd2a-7adc-4701-95c4-549983ce8aa7,0,25100
6dc41591-33b0-4feb-a809-95bd1620f648,1,9951
e8659b01-8820-4db5-8c93-fc377f231ae3,0,23924
9504e1f1-2574-4331-9cc1-da45e0e13187,0,14374
d67de413-a4d6-481a-aa99-1f8ea4d0d73b,0,21844
b1f0da6b-6c87-41b1-8dce-a8dca049a537,0,17739
393b8e45-6d97-4013-8100-27ebf07a1dad,1,3845
44bdfd06-2293-4d2a-997e-81153a2808db,0,5153
0c4c0dd9-1685-48c3-a09e-817816695016,1,1022
921825c6-38dd-4f88-a872-0d2eb681b0f4,0,14053
640dd4d6-8797-4fbf-b2e7-2a754a0f14f1,0,8754
0812b373-eef7-47a9-a942-0850b004eb1e,0,552
a705f22a-c348-4413-bcc6-a0730c628b9d,0,16467
62946b4b-efbd-473b-a878-833b04ccc016,0,8577
e5274cde-aaaa-4851-b306-a9293e8222ec,1,23526
93492fd4-c508-4e1e-abc7-6975147c54ad,0,14176
44307e31-46aa-45e6-97b3-271fbca8d876,0,5085
bf61a6a9-03d3-4e18-8576-c599934b9cbc,1,19296
8b21bfa4-d960-44ca-a61b-97bbad3f60a9,0,13264
803ff18f-d723-43a7-b93b-be1a541e4404,0,12093
51fc5fdd-49a7-4c8f-b9e4-41d3e61d75fd,0,6689
a741b52c-2fe3-434e-bdf3-b012ee8aab48,0,16493
1f6a4921-3e72-4e98-aaa2-5df79fe85c02,0,2170
fdeff9e3-54ca-487e-a00b-71c9072eed25,0,26425
5dc0efc3-1df6-402a-9f16-fc04e5c03f38,0,8023
412c7d55-6146-450c-a4bc-0c87cb332f00,0,4762
200613d9-e461-4836-ae40-b349087e01a2,0,2197
444e8478-9c00-487c-8b75-fe72dc480def,1,5097
66f69589-bf3b-4083-b226-79c68e030099,1,9129
bda68f49-6eb2-4afa-86bf-89a3d4378100,1,19097
507f46e9-5760-4ae2-bebd-b0afd82fdf0a,0,6533
3aa28a0b-fc2f-4f03-87ab-26808d456527,0,4012
b4c1338e-c297-42b7-9122-2a83abf2f7f8,0,18059
dd0b42cc-e6af-4b9f-bd8a-cd7c6edc29d7,0,22574
ff3c2e94-b672-4bd2-8073-e9a4b6d9294d,0,26590
27e7f64a-a6a4-4a36-8888-c6c96c8e7828,0,2489
7fb3e6fd-596b-41e7-815b-b2be3f856184,1,12037
97bcb1a3-d10b-402d-a3f0-2c9c4b7ed190,0,14679
df2f0b8e-9a52-4ee4-bc43-0bed234bf8cd,0,22823
55f92991-e880-42d2-b347-362f5d136e10,0,7149
7a5cdc7a-bcde-42bb-b2d9-02b9b0c740c7,0,11407
49b96a4d-7bfb-49f2-a31f-932371038652,1,5734
3a9cc5df-5d6a-4401-bd8e-8cd1f0b27285,1,4009
46baab38-2341-4b1b-bd3c-fb16e4b1237f,0,5392
1631378d-7d0d-400e-ad6c-1a57c74377e2,1,1570
0004cfab-14fd-4e49-80ba-63a80b6bddd6,0,0
ac648f87-a79f-4ce0-9439-23a8dd886b71,1,17087
c589810a-3630-47c3-8c0c-fc54350ed844,1,19911
6dfd619c-4c70-40ea-8177-eb8e19dabf75,0,9984
315275a1-3a50-42a6-9528-ba99a286be5b,0,2892
d43a6e87-b64a-434d-9e4b-27f55779ad86,0,21578
fd5713c2-2caf-4db9-a57d-af4d55e4e325,0,26359
e85105d0-78b4-4f1c-8eb9-01b05193be13,0,23913
8c51d199-1882-4a94-b660-0143c8a90a84,0,13397
abb5e336-dc6c-448a-aac1-bb24a644d278,0,17004
c5b3c088-89a3-4312-89dc-4fe0ce352664,0,19931
76f71a93-8105-4c79-a010-0cfa86f0061a,1,11018
799c5159-a2fb-4e25-8f90-13d3e1c66354,0,11327
9e8bd81f-b091-4c02-9ea4-1927c896dfc2,1,15446
81bae049-3b5e-451b-8b0a-f11c5f7b824d,0,12250
9bfe74ff-3d81-45eb-ad67-18dc30f6d48a,0,15179
b35dfbda-395c-4c9d-befb-331f6ac3da84,1,17894
84a2adb0-52b6-4a64-908d-538356e67d6d,0,12551
f749cc07-c137-4fdc-9572-5353e989e475,0,25648
925b38e7-1c45-41a7-a2ca-f09d5a547341,0,14073
557ab975-0426-4746-a88f-872ef5675134,0,7093
0ed09fd0-a4f5-4440-9fe7-6272d7987f33,0,1170
83b505f3-e034-45c5-9a45-fcd262562277,0,12467
1260a8e0-dad4-4b75-8448-0c54c1e21f84,0,1328
16e5a578-1e41-4fa1-ba13-bf18051625cc,1,1636
dcaafe3f-11bf-4341-8c3e-5f65c7dc5972,0,22533
7f6f91c5-70aa-4838-bb5e-0461f07ef1d7,1,11992
fbe6e89b-e7bc-413e-b339-54793c6e113e,0,26195
278696a5-840a-49b3-b5f8-84cd9a236c23,0,2475
8dfb32ac-ff76-4f27-bc81-37d295f6ddbd,0,13597
e077d195-b88c-496e-b4ee-59ed3921ebff,0,22977
cb42e866-d620-4e49-90fc-aab3086921f6,0,20582
7471b2a3-12dd-48dd-a43c-04c4718e5e20,0,10742
413a991a-8787-4097-b981-662bb8737731,0,4765
8cb8ed42-24fe-4bb1-9e6a-9a5b4a269c8b,0,13446
35062e5b-b6ef-447d-8c60-f8673b9168df,1,3331
a0252e5b-4ff0-4147-904b-4f81496ceb99,0,15647
53517578-a6f5-4822-94e0-e605746afe7d,0,6836
f49ad8c6-4e33-4038-813c-5d71baa3c574,0,25351
3c0a97d7-6d90-46a6-a10a-1df9e4064d52,1,4170
edc4efa6-5033-4da6-b7a5-f5740dc584d8,0,24570
964514c7-0a30-47be-b94a-ebb1551c9b79,0,14511
8cf9fffd-08ef-448b-b9ec-1074d9e5691e,1,13480
b31c76eb-b9ee-4c98-88f7-b8c04d7aa33f,1,17859
ff241103-be64-4022-b8b1-71a1cec279a3,0,26570
efea1e5c-246f-48b9-a076-83f4e8285eaa,0,24811
3e1d0f66-4d41-47ce-9b0b-c8e79ad2215c,0,4411
7fdfc8f8-9505-4390-a520-e948c22aa4d7,0,12048
13932109-fbd1-4b6b-b81c-91682740cc50,1,1371
cfd5b32e-0b3f-4cb5-b502-ee042473aa7e,0,21109
ce73e9d0-475c-4e50-996f-6018b686db52,0,20954
a4ab8964-aba2-4d15-8183-4ea58be2671e,0,16174
b39d5502-47f0-4a2a-9978-97741698bac8,0,17913
ac51aa90-d1ca-4247-911b-09e5b324fa30,1,17083
924f4f8b-fc27-4dfd-b5ae-59c40715e150,1,14066
568fdf74-7b00-4755-9185-6e89b197170f,0,7218
c251540a-13f3-4536-9260-a2534c6af0c3,0,19511
09db0213-0ad3-4062-bc7b-9a82e5a74097,1,749
ba9bbace-d0f6-466f-9adc-6fa3267ef31d,0,18726
d1e04cd0-3680-4cee-b9ec-310997e049e4,0,21338
6a66b5bb-54f3-46b0-9675-9d137cb3f895,1,9528
88914c65-c706-42bc-88b9-59babd158a89,0,12969
8d05952d-6a24-4633-9fdc-ed5227500c41,0,13485
f4ed7de6-fcbb-425f-9a20-9ef2dda05d78,1,25387
46bd6b24-99ec-4179-bd67-739fb573759b,0,5396
9b88c5ef-6722-4658-a4f1-df685b47d555,0,15136
b342002c-f204-47d2-b726-51e14e8dc028,0,17875
06a07f16-f6b5-4ae5-8f68-a97131fe4701,1,378
7228bf11-3ce7-47f5-bee3-d36325df1dc8,0,10481
f132234c-b0f7-4083-9896-9800289ea90e,0,24955
1c2633c2-6fba-4a94-84e7-648ea251f1b0,0,2049
0f2bce55-7193-45d0-8223-d978b550477a,1,1189
8e1be024-8e1a-4e0c-947f-0d84f2c92f09,0,13609
17c89450-d10e-4041-afa0-4c5a39adccdd,0,1740
9477a011-ac09-4b47-b21d-8d19d322fd06,0,14309
976f0494-b925-46fb-aee9-fb7897f83b24,0,14638
482986dd-d09a-4850-94d9-3a13e8d877e7,0,5572
db3f619a-81f5-4cd4-b08f-304b8bd9a81a,0,22378
6ae40616-cee1-4d80-a5bc-878bce7f8ac9,0,9604
9c60c661-eae8-4042-9b93-464f1e3c1d77,0,15222
da0d705d-7722-43d1-a880-a34c553f0719,1,22259
714b86b6-779c-474e-88f2-060715186706,0,10367
ace71169-f41d-4a68-a7b3-b16abf065f9c,1,17149
b482e039-2679-4fd9-886a-b0fea2cba242,1,18035
52ef86be-c19b-4adb-b331-1629b72eee1e,0,6795
571d877a-4c56-4400-90ba-8fbda622daf2,0,7281
e4f2f4ca-796e-4adc-8bdb-4d1dc2155f1c,0,23494
1e919d0a-d02e-424b-abf4-6bbf4f6f9ad3,1,2136
de209b62-4f23-456d-b8e1-ab64b5493993,0,22696
8f825cc7-1dca-424b-8bff-decbc94e921d,0,13772
e72b1ec4-c97b-4328-99c3-54f518823c2b,1,23785
37bf8743-ce24-4848-bf86-519659823bb3,0,3645
ed340654-2517-446c-afd8-54ec352c5eec,0,24508
ffae40ab-fcfe-4311-a74a-89f605dba48b,1,26648
d5d9c073-56ac-4102-abda-ef3b1f00331b,1,21770
a01fb62b-62b1-428a-bd43-0e0cbd50ed66,0,15644
7c6ddc4e-9859-43a4-bb33-33e9efa42685,1,11647
4b9d409a-77c1-42a8-8594-3a20a875f28e,0,5961
c5bd1233-18b5-4f75-a676-35a7917a20a4,0,19939
479c8352-38cc-4af7-87f0-125b8f1564bb,0,5508
95b1aff1-7aa0-47de-9109-3d9c0a10be05,0,14444
e0cc9552-af6e-4b2e-8744-78689b0f2aaf,1,23014
3f30761d-5615-4039-a155-0fd26f461742,1,4532
7a32a64b-a415-4585-a110-981b913ac959,1,11385
7a818840-880c-44c0-90b2-f47e8e505b95,0,11422
c4a2f14a-82dc-49fc-aa03-037bf6b99c6c,0,19796
f5c8c054-78a6-4085-8028-7bb635dc6122,0,25492
fad6cec8-922a-4490-ab8c-57dd59e908c2,0,26066
d1d9bf55-e999-4e44-be02-aa94b7ab0e77,0,21336
46660df8-f835-40d3-8609-9518b00eab7e,0,5350
5b32f81a-c96e-4f4b-bc7b-9b0b6861799e,0,7728
d125836c-de5f-411b-a76d-4d2ec44ad9e5,0,21258
cd3ae8e4-09a2-4da8-a028-8b54b0b8591a,1,20823
ed4ece2f-96ca-4153-b165-79816f5a16f2,0,24521
7a5b8476-3a3f-4b43-a23d-524384981214,0,11405
f0217efd-ddbf-4d88-9b64-12642a57c45c,0,24833
d3573178-716c-463c-a50e-b101fecd267e,0,21501
58119b67-26c8-4081-9c3e-0339604982cd,0,7391
bba5faff-f2f2-49c4-b5da-2d881320de34,0,18849
45dddc96-f7e8-4dcf-94b1-34349c0ffdc2,0,5291
b4ca70d6-3ac6-4106-a211-9638f6142501,0,18061
f6581bd5-a2f7-4c37-ba2b-6208f905ea78,0,25551
60c027e6-b1fc-4064-9e9a-2301d520a19a,1,8372
de593794-d905-42b7-82b7-459f567a2672,0,22723
86ef7679-5d43-44c6-9917-d7cbcd83c2a9,0,12776
12705828-047b-45cb-a8cb-4932ed887de1,0,1332
a36085fc-65ab-4a82-8aa3-010967287008,1,16020
91b8532d-9a47-4ed1-841b-ea4091f1db8c,0,14006
05333c60-bee9-4c69-adc6-fc9de52e8cdb,1,258
3c0f0186-b2c2-4b74-b6c0-47eaf4a3b47b,0,4171
eb91a618-122c-4de4-88ab-eb534c3ef4c5,1,24289
47cb63e4-4f88-40b7-b4d8-725fdc053c28,1,5525
e4d22644-951a-49cf-98ca-3e8119448192,0,23479
90fc47ed-f40f-4460-8ba3-94a6a1ccfcbc,0,13930
09460406-b734-43b0-8233-23055dea6dde,0,677
45370643-ec58-4da1-a1f7-4bd179483766,0,5222
5df55e51-37f2-4f1c-bd52-70b442b92f92,0,8042
72667b71-9dee-478c-b49d-cade9780abd7,1,10503
dac1c859-cefa-4ebd-88b5-39b8d3f20346,0,22329
6225ce13-719e-43f8-a22a-ddd54107a7ff,0,8520
6ad7f3fe-7c0d-4dbc-a3dc-386cbb8e219b,0,9597
07daedd9-d1b8-4ff1-b203-24e71326d083,0,531
4adac412-738d-4b9c-be5c-200d616d0d59,1,5862
f0486970-9fc3-469e-9b80-375b5a04f9ae,0,24852
d9fad3be-6120-4eb3-8c28-e9226f4b0e7d,0,22251
8914e26a-095b-46a6-b4eb-858e6f75f5e6,0,13016
a2f12028-4bd0-4598-b1b3-ed3e2d55587b,0,15969
c543628a-b6d9-443a-8c1e-758453930dd2,0,19877
917ea1aa-b1b2-402b-b831-cacf85756279,1,13986
80444b97-3034-43e6-877b-df60a7695c60,0,12098
4bc6b1e5-743d-4106-a2a1-a2cf3c726986,0,5983
2ef9bafc-c45c-478e-a789-a5e2bfdea8f2,0,2781
7e9f2963-7428-4275-82f5-57c48f39c7d9,0,11895
23f653b7-5388-4213-98c6-418aa9eb980d,1,2333
574e8310-2477-4a25-992a-6f9511afd61b,0,7293
f0a3b615-f4cd-468d-be89-80ade0ba6752,0,24890
663c8e1e-6afb-4ccc-b78c-a7865dc179a4,0,9025
119a9ba2-0785-4321-b074-dbfcffc5197e,0,1299
340b962d-8a45-4593-8728-18b13e26e3b2,0,3214
bfc43f55-c88e-4ad4-90ff-a0d465862d6f,1,19348
4f4289e7-3e09-4934-ab15-bd5c25546061,1,6371
7efe1069-9223-445f-a8d5-64b5a35438d2,1,11938
de1a97be-5e54-4fb5-94dc-295b11b74b3c,0,22694
08d8e57a-4835-445b-8c79-8dd31ab17819,1,629
b31ed450-b8e6-4339-8283-dbb754a9094e,1,17861
eacc422e-0f30-4176-93f6-e8d5e1c91fbe,0,24198
b468a5c0-3e86-46d9-84f1-8a0dea47c854,1,18017
32b0d04e-72fd-429a-8f71-6d1089e24415,1,3060
b804e2e7-2c39-45fa-a21b-0e225df9ddf0,0,18426
a5de312f-1c37-451a-9d60-2089e0227b97,1,16326
06cc46b7-50b1-41c1-a406-ccac7a5ac3e2,1,401
e023e66b-6ee0-4b6e-84f7-3a8ddc0565ee,0,22933
e5921edb-d226-4db0-b7d4-08cd2f5c46f0,0,23589
b446ee65-b575-40ab-81f6-68acec049528,0,17998
d0750b9f-c013-49a9-a392-1d64d36a0de0,0,21176
b769cfe3-12b8-4e18-ad65-63fe6c5fcba4,0,18355
68c36cca-65a3-451b-9e47-4fda245588bc,0,9319
40abf906-d723-4ea3-ac96-b940c8bb33b1,0,4710
e0c331c2-65db-4589-855b-89743b30c8d7,0,23010
fdae7287-6f51-406c-8592-e3825f9f3b8e,0,26398
ea6270ea-10ae-4e5a-b88e-54e6471eab05,0,24148
64422f2f-ef37-4a5b-8f2d-0b3b3d7ccde0,1,8772
d7963df6-0a3f-43e9-98b5-c30254a9a1b5,0,21980
e10a4dfe-00aa-4a32-b45c-a069cede1701,0,23040
216ef465-167c-495f-b1ad-8218b65338ea,1,2238
171648d9-c749-4146-8e2e-2a9aa775eaf9,0,1662
cfbf9f49-2c81-4fcd-b682-4ccf7752a530,0,21098
4c75f230-f5c5-4ea6-9431-6b592d665aaf,0,6058
6eb28c94-0ae4-4a4f-8ac9-c9e1d4772d72,0,10063
f36a65b9-1b55-4b23-b756-55f97c961605,0,25219
6ee0b617-c6ea-44d8-a3ef-4789aab257df,0,10088
086c0080-f9e5-4f22-ab06-7ad7248e814c,0,587
4a04893d-e68e-46eb-956d-1c92b6ee27a4,0,5772
c252b18a-102c-463c-96e7-5c48dede71dd,0,19513
f743c21e-5876-460b-bbd6-2e2dcca41baa,1,25646
c59163e8-1375-47cc-8c9b-548536910d1b,0,19914
41061f8f-e709-4be4-ad2c-fa6ac0472678,0,4748
64965325-3bb3-41f9-9377-b19ec6110048,1,8819
83f4781d-6f1b-476b-9916-d23ec415d928,1,12497
b08e8d54-295c-4ed1-809f-dce33b4a482a,0,17573
b30df62a-be07-4d97-8869-2192bf6fa004,0,17855
29130e41-78ff-450c-91ff-df7f906c1878,0,2546
9658279f-1689-4700-ba68-202387e569b7,0,14520
79f76e04-510e-463d-a3d5-9585cbb249ff,0,11365
a9568af2-7ac8-4527-b6c7-f537842685de,0,16742
17fc4b35-5736-4105-a316-ae5b5eb18b60,0,1765
66256fc2-3f96-48cf-b110-2fddf4229e5e,0,9014
815dd1c1-3e01-4038-9723-39d05e8b3cd3,1,12211
b90ed550-7c89-417e-9b00-3a1e34dc49d6,0,18533
78b6c826-ed88-4a05-b038-e4cefbabcd27,0,11216
a69341df-a6e7-467c-8b9b-6fef2e441e82,0,16405
eadd2c1c-2e56-4392-85dc-2c4fe8a9d420,1,24204
71576c22-51ce-4510-98d8-6933e0b9b810,1,10374
39930ace-aa1d-4d12-b1fd-fa7dd50b312e,0,3876
35669389-7137-41c8-9040-f6b4aaf7ec3f,0,3374
6d398bc7-dcf6-47ad-b096-f5f12c1725b8,0,9895
d631dce2-124b-4ba4-8acd-26979315d435,0,21807
cc4e43bb-a9ad-4554-b060-2a64414cd6df,0,20706
6dd82c53-30ac-42fb-aa7c-2bacdc03a766,0,9967
b450fa50-1d6d-4e97-b843-fc0fe530d2ff,1,18003
326f120e-54fa-48fa-ad82-253125c9dea9,0,3026
73f6d76b-c5a2-4493-b39a-7ab830178f72,0,10680
90ea89b5-c9a8-4147-8882-70e8e656b888,1,13924
8c2f692c-da4d-41d8-9e6d-c558cb5ac6e0,1,13380
d21874a7-4f0f-4f9c-b96b-349095f57898,0,21365
6cdf200f-5939-4864-a1c1-80062145133a,0,9854
8ed4a02c-9d40-457e-a8d0-c890026c4067,0,13692
99b81444-3f24-43d8-8dce-b4f238574d2d,0,14927
81936d3e-4dda-44c0-9de4-66af23839677,1,12229
eeb9f766-b980-4161-8560-dd2fc3f15ce9,0,24671
5bead01f-8566-4570-a44c-73b682bb7329,0,7807
71113b89-1149-4d5d-bc89-4b63694a43ad,0,10338
5596c4c9-c124-4ea4-ace2-8e69ad8616af,0,7105
c9bdef24-bd9d-4e53-a0b1-acfb3a3a3b57,0,20406
06f5a38a-e4b1-4e5f-8c62-f48630a52504,1,424
8abd6d5e-6aa0-44fc-9e02-7914ba22ad68,0,13212
66a01743-311e-452a-b093-2ef63ca3ae2b,0,9077
8dda3f06-b2fe-40ca-ae22-6457c956c3bf,1,13581
ca2ee113-9d1d-486c-aab0-ef51cb27c79e,1,20458
fa7241a7-13e6-4b63-9153-6159a6e49227,0,26019
b178a56d-0194-4475-af25-4caa97eedd38,0,17681
a7a60e01-2bff-4556-8404-dab7a8d74131,0,16543
3220814c-9264-4036-8598-1974deeb2a6b,0,2993
b95d1d0b-1ca1-48d0-bf6d-3b1054df8a0c,0,18566
fffb2395-8edd-4954-8a89-ffe2fd329be3,1,26679
e8d3f1b0-6019-400f-b1fe-9f259d4c4fb8,0,23964
20b8b7c9-258a-4a3f-9f1d-2548fd996b46,0,2220
788cbb61-6cd8-48b0-9078-a81ab73f80b7,0,11191
1578e536-3b42-4258-967d-0ea897410008,0,1469
7a5af47d-4b4a-446c-8b75-13126304095c,0,11404
de688228-d0fb-4c28-96e1-f01e61069bd1,0,22728
0bf10e67-5532-4177-bc48-c0cb545248b4,0,972
761c89a5-19b9-4e1b-b6f0-b7fb753a9b70,0,10934
07cdb450-541e-4810-900b-b3b7b9846e8b,0,524
3d8b3936-bbcc-4700-999f-0c2129d07997,1,4351
87a2d8e1-4a73-442b-b9da-4a640b6f631d,0,12861
10866808-61ec-41fa-aefd-89eedfbaec04,1,1260
e02fdaed-5d9d-4fbe-8222-cfbdd3b00a3f,0,22944
7c83831b-e399-4b25-b9c3-ed436c26262e,0,11657
77265ac1-7a24-44df-9969-41cbd6c29263,0,11045
877b9210-bba9-4c32-acb4-82498f175a2b,0,12848
6b78d3dc-4db6-4ab9-9e7b-2d91dff9c4c2,0,9677
f84a628a-75e6-403a-a15c-5dd0126fcc01,0,25753
9c01bc3a-2491-4434-92d3-d10a92753d54,0,15184
f0310a43-5e8d-4661-9cfc-4555b47bc581,0,24843
7fe8a8df-f979-4407-a682-bfabfa28fefe,0,12054
093ce867-9a80-4748-83ed-3d81d26b7741,0,675
52d4ae22-7dfe-478f-abac-c6feb913df92,0,6783
cb623389-d255-4025-89d1-1f3e2927bd86,0,20591
fef2c610-5694-4192-ae72-7874fee1feb9,0,26540
b6690f38-62b7-4435-bb46-f99a7f3e6e8b,0,18242
a94a5734-6a7b-4461-9d13-dcb187808da8,0,16735
2cc8447b-642b-4fb7-9e8f-44abe8c90d65,0,2687
717269da-561f-461f-93c5-f5047f91e5b5,1,10392
6a22b1a8-9a9e-4290-b042-fde131853cdf,0,9489
68fb70d8-304f-40a9-ac88-0d3103591093,0,9340
7dc8c265-2253-4010-9198-b716d1e9c76b,0,11790
6a853ee6-586d-45d2-9adc-2932eb61b58d,0,9550
681ab01d-9e70-406a-a2e8-52b6b59839e1,0,9255
55d80d80-afcc-4b9e-ba27-fed14edd99b6,1,7135
cf5e0fac-1011-4865-8c9b-0ecfcc748c3b,0,21060
d55faf33-fa7a-4d88-8050-abf7686577bf,0,21715
a23f2117-8ee1-475e-aa06-e74f6b6118d7,1,15886
95eeb017-71da-46b2-8bee-aee7de098d63,0,14476
a27e7dc6-1003-4059-a14e-a39a16b76896,0,15912
0ecb70c9-6334-4cae-9a9f-733fba0bbc18,0,1166
29e75170-ef12-4e4d-a0fc-4055fe7470c5,0,2575
7705b170-db4e-4b7e-bc45-574459bcd540,0,11026
dd63324d-d1bd-4fcb-bedf-f080f6c62a57,0,22612
8f755ed6-51c4-4af7-8130-10a3c76a1ab8,0,13768
53931ba8-38aa-4407-8de7-ba36e0d065e5,0,6865
529e42ac-8f1e-4a34-a4d2-e1b6861faabd,0,6760
d27decb7-145b-48f8-be9f-4a028619062d,0,21418
36ee3d9f-3cc5-4968-aae5-8ce646c5113e,0,3539
f26810b7-9e48-477e-961e-88a1b5065964,0,25105
8a225736-714d-489a-9cb5-ef44f4c09774,0,13142
b97dadd7-8a4f-4bdf-898e-c59489b8add0,1,18581
e8b61d5d-258a-4fdb-9065-a397d1c9dcc7,0,23956
6a0cea71-6201-46cc-9312-ce2572398874,0,9482
5af4d243-2bbb-44c4-9a74-12893d3b4489,0,7705
43ff4e14-8ec1-427d-b0e7-ad0090e106e0,0,5067
deda4033-e93f-42c0-8b7a-833ce322505b,0,22780
54b53c56-3a5d-40c0-9a2d-c0b287944a60,0,7012
98c1ceb3-4659-4a77-9ac6-e1cf4fa0593e,0,14797
045a317c-52dd-4528-ae30-5c6d53e039b1,0,221
03aeb73d-0520-48ad-b21a-8249dfcf95d8,0,179
97a6f7c7-df3f-4127-907d-27823c48f2fe,1,14666
5c33ccf6-9166-4788-afc0-522ea74a343f,0,7845
01a5594f-e5d4-4f7a-b79d-3f57559fe37b,0,70
bcb3a190-1449-47b4-a24d-ffd8701723d5,1,18991
de467a03-bbd1-4467-a707-e1c8f00f085c,0,22715
15697b54-5aa8-413f-8bc0-12d790340fff,1,1460
e685e94d-52a3-4c1b-bb41-1f0d682de390,0,23709
71d99089-75f8-42d3-9216-33b902503e6b,0,10445
449547df-d691-4032-870d-e37732eb809d,0,5134
fb0eb436-4668-46fe-8a94-9f06164271f8,0,26091
6f3ccbda-6bc1-4bbf-aa49-f789335a22b3,0,10137
d9b3d26e-1ea4-4964-81e7-0eff0ec336f7,0,22216
f61c2271-a0f0-4a88-a803-71bd7dba0be9,1,25525
54ca2bbe-f8cb-4c30-b128-9a0948f9da4d,0,7022
5ebe32fe-3ee4-4ebe-9bbd-3e91b9a84da3,0,8132
43878c35-f708-4267-9593-483bd34990ab,0,5023
759cd727-9e85-43da-b6f0-528818a3f8e1,0,10875
96252c3b-c8fd-4389-934e-298b01166931,0,14501
e380d5fb-dc74-41c9-adad-05b7b88b9137,1,23329
fbca815a-13e5-4fcb-8ce0-7d9eef06a3ce,0,26177
023558cc-fcca-4fc2-9749-175e2727d49d,0,121
b2735729-757a-4a51-8eba-9bb330b29a77,0,17798
a3f77eaf-8e19-4ad8-84b2-9549f3dcbef8,1,16091
33ef7198-c976-4bb9-82ba-9ed9a73350ac,0,3202
8aee90c4-2018-4326-83b9-a7080655597f,0,13232
0b323a31-28e6-45b2-a07c-cc9b60571053,1,875
5485482e-1cea-48da-af97-2cfa9a3cbdbf,0,6984
801d3a16-46bd-4382-b3ce-36fc7d6e99e7,0,12080
92e9d73c-ebeb-419a-aa41-c0151860d40f,0,14128
6b244a0c-daef-4063-8d33-973b8ac9adae,0,9635
b0899110-9ada-4724-9c9e-e79d916fd5b4,0,17571
192e8e4a-4db4-4c04-9b74-297e15b87c8e,1,1898
e51ae9d8-2e5b-40a1-89fd-06b60fd64355,1,23522
992e0045-7de4-476b-bb57-91d860ef4f51,0,14853
6876208f-f19f-45a4-aa5f-4efe3d542d20,0,9291
6b090aa5-6234-4560-a750-ac9f39f49885,0,9621
31cb3893-373f-4126-8654-48ee8898b85d,0,2954
957e2d80-bdbb-41a3-9f04-e3f2f51a46c3,0,14420
50004925-0127-4750-8dde-74e727f90ed9,0,6472
3c6c4fae-aa8c-4fc9-ac6f-d0970cd37d79,1,4215
62593691-46a3-4e6a-b84b-64cbc3853a94,0,8543
b3c3a0b7-e29b-4e0c-ba93-8c00c26ba5ad,0,17927
1aae983d-cb59-42a3-ac06-441bc3d17050,0,1983
e2bc24a7-e469-48e2-9d5a-6ffc8557d59e,1,23239
bdd44f36-4634-44d1-b90f-3cbc8dc639f1,1,19117
15713eb9-2c08-452e-8a4d-467fad2ce8de,0,1464
85b4d16c-52e9-4dea-8af3-c6b6c246e316,0,12659
a7adf94f-aac5-4d65-a860-1b54596bcb51,1,16549
f2503512-a6c5-4bb6-b6d0-f5af47fed61d,0,25094
5b4100a0-0646-48c3-86c0-43f7c43cdfd4,1,7732
2d8aa8bb-f2f3-4da0-93f6-5e92d02481ed,0,2718
a36bcdda-c363-4ae6-a8b9-47bb0e05dc43,1,16021
aeac2576-33b3-41a1-bf61-355103e4d3ea,1,17343
ddc8682f-307e-40b0-a6e0-1c14864c0b4a,0,22658
6a37b9f8-d542-4c2d-aa3f-a81104df4bc4,0,9502
b270a010-9969-43bd-ae89-2a3c3f7b0d21,0,17795
5a86a100-18a7-48b1-a3ad-6c93b30b2bdf,0,7658
be8c0087-ae1c-4b60-acb0-4b2e6157eadb,1,19197
a30ca912-91dc-4b12-8a6a-d4bdd67705b5,0,15988
f9a66a3b-9e7c-43b2-9b52-312778377251,1,25926
8f9210c1-0b2c-4d37-b08d-dfd608fbcfe2,0,13781
f8918010-5d4d-430b-bacb-8ca1f278abae,0,25792
b25d628e-9ace-4a6a-8105-407cc87d3cbf,0,17785
8e19bbae-f2e3-4e16-bea1-cae6a3810350,0,13607
66b2ce6e-d833-4979-b764-fc2eb0cfbd90,0,9094
3dc86cfa-f3b6-4880-bab7-66e0211de904,0,4374
4ab138eb-722e-49b2-b4ce-91bb364eed7a,0,5846
3dd2b56c-ae47-4a7c-8a18-76f8b4465bf6,0,4382
4525fd0c-bf27-47aa-99c9-69ff442f61bb,0,5213
f5ab7e82-92a1-4845-85a1-499a17943eb4,0,25474
99c1e908-714a-4b05-9de2-db3978e9435d,0,14932
b21ec09c-a75a-415a-a32a-a825fecdcaed,0,17755
50ecddc3-f0c1-41d1-b09c-67b227ab0ca9,0,6583
98b21955-5f84-4188-8ff2-5b6bb140deb0,0,14780
f888c6c9-2c96-484d-b16f-bd7495288635,0,25787
4b8177c9-4436-419a-a044-6a1db71a8dec,0,5945
745b583f-24ab-4ec3-95a3-c244d4639957,0,10727
1d3e4775-9d2c-4e5f-81de-ce29b540a9f7,0,2094
8cc94bca-226f-43a6-83a6-650442c0a8fd,0,13453
b5d4c20b-2fb5-4b13-8eec-af3ae34a2282,0,18182
dcc2a340-323c-425d-afd5-432ed61c15a2,0,22544
9a291cc6-48a7-421d-855a-5c902898ab8a,0,14985
c34e9dbc-7ca5-49f5-a800-f600a5091d67,0,19624
a10862b8-f4db-4719-b01e-79276d36694e,0,15747
eeef960b-b82b-4a8c-8845-0da4d580cf16,0,24695
99fa243e-5d53-4d28-bef6-b3cec2d2bc7f,0,14963
7a0ad288-8774-4fd5-84aa-3593f910d25f,0,11375
6ca248a9-07f4-47c0-9755-cd533eb7f401,0,9823
0700bc73-b6e3-412e-9e2f-aa0b83424804,0,427
33103256-32f9-426f-9f6f-9963b097648d,0,3103
faab1954-075a-473c-acf1-aca1ba777de8,0,26044
c75e992e-5dd4-452d-afcb-07d4d49124a0,0,20116
8e2001aa-2958-4e86-a73a-c3c1eeee00cd,0,13610
5a30d39a-979b-4646-a17a-87a8e6fe5322,0,7627
93ee001f-366b-4ffe-9446-50a88a330805,0,14257
e5134a5d-70af-4ca8-a163-305441fbcf9e,0,23518
b1c000a9-7e76-4469-8000-d99a5ba39642,0,17717
55a8fd40-5cd5-41a7-b23b-1b2bd671db04,0,7113
5e5b0c0c-3df3-43d9-8a8e-530a2343bffc,0,8086
7211cf02-869d-48f9-a79d-108fc6da2599,0,10466
672a7b2f-f672-46c5-b876-bad17cd8a567,0,9149
5982f231-9323-42a4-a437-eea95ef123b3,0,7562
7c39b797-9f03-44ba-ba1f-60763e865923,0,11622
ffba6230-71cf-4287-a0d1-887f5d16e95d,0,26653
cb31cb03-5e10-4e97-b0c0-6308f4726306,0,20576
d0e84fc9-e88c-4fe1-92d5-74a96b87ddb1,0,21231
85d594b2-bfec-4a82-a67d-79b59ebed297,1,12672
83c485a7-1c15-481f-beee-021f912e9903,0,12478
0b9f36a1-cc44-44f4-b500-cf1127fc71e6,0,931
95a7b129-0666-45bb-8e95-68c4a352d61f,0,14436
bfa0bdbb-8f93-4c32-b8b6-4e71f6caea5e,0,19330
64ce18e9-ff65-4633-a2dd-04f1b40c5819,0,8847
d4160dce-b9e6-4a58-b12d-7dc4455dee1c,0,21568
156634a8-5ca7-4822-92cd-677aedc2247a,1,1458
26080061-2232-48a5-99aa-e0984b4d5427,0,2410
8a67bf0f-a6f3-414b-8c0b-16230219055d,0,13172
7f5c524d-2d8f-4314-826d-10890906455a,0,11984
d535a3c8-c4a4-4856-b5cd-17f6332eac8b,0,21694
a46cc8cc-8314-443f-a7b6-c16eb68a4a3f,1,16144
b1643e50-a528-48a9-8d7f-fda2cb7a09c9,0,17670
4365cc37-3900-4f87-8060-9f7e166168d4,0,5011
e994229d-3219-4c72-bb20-322eb6183c0e,0,24050
7ffe65dd-764b-4e85-8b9a-58c229abacdc,0,12066
477cd50b-52f1-4994-871b-91cf32fa3174,0,5496
44ee4739-b5ff-402c-a4d1-b6bd7362024b,0,5184
934aa4e4-b587-4fc2-8542-65e849b3ef1c,0,14177
4b57dece-117e-4f02-abf7-ee0c61bd7272,0,5926
743f7a78-4406-4201-9991-08359f3bf556,0,10717
15fb2749-8cc5-4bdc-b0f4-fca4e2443aa9,0,1538
4dd31a3c-7825-4072-a457-dddc0f9cf3bc,0,6201
8b252ccb-1a24-47cf-bd2d-b42c6c9a2557,1,13268
f8850ac3-bde9-473c-aca8-095f16193071,1,25784
cb1322af-160e-4486-bcff-a7e72fba2ee4,0,20560
e3539d15-18fd-4bee-b593-5c74b0cc9210,0,23313
669ae596-b72a-4acf-bd63-2aa25513017f,0,9073
0c049df6-5c1d-4460-8f66-2583e86364f6,0,983
c3c78e4e-1a31-4a92-be4b-0fc3c7f992a4,0,19693
593144fb-32bc-49ec-bc1b-2eee96c5af4a,0,7522
b4e32a32-9c48-4edd-86a7-ee03a1995c9b,0,18069
d6406a7b-d4ce-4495-ac63-ccde4b062fa7,1,21816
c4046c56-0b47-4293-8921-c751ee5fb188,0,19720
9bcac162-cc50-487d-a716-e922ebe2ebf0,0,15159
d9eb090f-c64f-48a1-b38d-519d4dad2831,0,22243
494a975e-b29a-4dc1-92e3-de61ea9d6372,0,5686
0cbc601f-91f0-4f86-b780-ffeac24471c7,1,1072
4f34c638-80de-4e77-92c7-87ccd0453b32,1,6363
cff05483-363a-4b26-ac12-cf8807caeb95,0,21121
0ba96c88-a3ed-4f28-9981-36c340f4996b,0,934
504ce437-0f1c-497e-a9b8-af0fc9ba08b2,0,6514
67622768-ce02-415d-ae48-8d84bde29ba8,0,9174
48235c65-9a41-426c-b695-a01590d15333,1,5567
57ec4b6c-3b10-4f00-8644-26f808e0465c,0,7372
f9663bae-690a-43c4-bfee-e4bf84622407,0,25883
e855834a-56b1-473e-9d77-fa2ad603a42d,0,23915
7afa5139-7239-4d27-966c-593c60115c51,0,11477
6b905bae-fbbb-4f8c-a939-080872e4fd64,0,9692
ffb8998b-f262-4330-820d-bf48a4d8fec1,0,26651
c5a4da7c-b21a-4249-a7e7-f96e21a7e57e,0,19926
a86617dd-c1b7-4a69-aff1-68537437cb93,1,16626
503b9ede-c29f-43e1-8b3d-1cfe7ee27dd0,0,6505
b1661019-e835-47e9-b466-6f8faae84715,0,17672
1feec494-6f00-4ddd-ac00-c4a5b5792e8b,0,2192
cf3b020e-54de-4fc2-bacb-d71feee8d1a1,0,21046
87cf06e2-8bda-47a4-b406-38766408a9c6,0,12881
bfd795ae-7656-40fc-b44e-566515e52ed2,1,19355
d3b89ac5-a2ce-4631-984b-7da22da71cd2,0,21537
79df0c01-2397-4d31-8318-435a1c80ae47,1,11354
8a746dc0-cc72-4f17-b0b1-388cecd3022c,1,13179
b255cf25-6d4d-438d-af57-95f8e8f3654d,1,17781
5efbdd13-1fea-4be6-8ccf-4ed970231da4,0,8158
c86561e0-e9f7-4d8a-b8c6-aac41465fd94,0,20245
dce40126-49cb-444e-99fc-a5d5546569de,0,22559
372b2fea-2013-4600-a06f-765c3f054a82,0,3574
e22136f5-4d6c-4d2d-aa6d-4585aad874f0,0,23171
b54df7bb-39f6-454d-bb1f-4eceb2d08d3c,1,18120
ae6832d7-97d9-438f-9fe0-38250c104951,0,17311
ba3766e2-8065-45ab-a8a3-a5e5d81d5c15,1,18677
025b6ef8-0fd0-4900-8519-52dc9181f3f1,0,127
7a881e37-b18a-43ce-b98f-29c479dbfcc9,1,11424
92e0dd85-743f-4b58-b079-9b4909f71d43,0,14123
6d2354a2-9b64-4dd4-b4fc-f047cbb73e3e,0,9885
455f89b9-3245-4c41-87e1-a867ff4622fa,0,5235
74ef566d-21ce-4b66-b134-a713ca915762,0,10791
d1a1567d-07fc-4297-8d1c-3c73d11bc5be,0,21311
075d258f-013e-488f-9bd5-ab473413a1b4,0,478
9f0e7349-144c-4202-86fa-3cd5e1bf252e,0,15519
ffdc957e-6239-427d-8a54-fdf8ced3a356,0,26666
462a48b2-bcf4-486b-b082-75c91b9f1fb0,0,5324
e581fe14-9b05-49c0-abad-ea5920d9b741,0,23584
9d670655-925a-4b96-8227-cb180f1cb34d,0,15325
a0dba0fa-15ca-4499-bd60-3b89861fd5d2,0,15729
67392cec-c194-41e2-82e9-4bf66b8557ff,0,9156
b00308f7-dfd6-423b-a42f-102e634e2fc9,0,17500
6207b736-fe0c-4f73-ad9b-9ef1e81aa885,0,8505
e4f88354-be72-47c5-bc1a-29024b2051f9,0,23503
9caad2e4-1f2f-4670-a82a-f7d2fd23e4a6,0,15253
7e2d9c61-e029-403c-ac1b-49f11db36a90,0,11840
3617f75e-3204-427a-b4e9-4703d2a51b1c,0,3454
c485a9bd-6e18-4328-8c5c-cf80f71aa35d,0,19779
78c33a1a-8f22-476c-ae97-8190192102df,1,11223
3ed830ca-6746-47e8-b91e-0cfeeff9f9d2,1,4495
e89c3c68-04d3-4675-ba9b-cd9fed51055a,0,23945
9f51baeb-be09-498c-a38a-8d70c03f15db,0,15547
64677c31-fa28-4732-ba10-5571a711a8bd,0,8787
614cc4ff-0808-48cb-930b-8064a601dd9f,0,8435
894e2c84-f131-41f6-b846-eb5ae491a1c0,0,13044
cab975f6-28c4-418d-b6da-6cd6a4f8d902,0,20521
a52d38b8-f4eb-4aad-bc8d-6d1f9a6a36a2,0,16250
7e04475c-5234-4db1-b708-5b18704b6010,0,11819
c47fa422-bd5e-43c5-b62d-771edcb4c617,1,19775
73e02b82-d818-45fe-80bd-3f8fd75bf95d,1,10672
5f9d676f-13bd-4c0c-8727-14804220f54f,0,8239
e3f6c8b4-6647-4a84-aa33-50d06297be03,0,23383
baab6817-52a7-47dc-a5e8-31d8d21c12d3,0,18732
6ecaa4cc-179e-4957-b96f-6117973c90d2,0,10077
0a4b4307-d370-416e-afe5-7c9aeb1d6953,0,787
ef21f886-1959-463c-845c-bc55181a19f5,1,24716
b7f3190f-8ffa-490a-a429-826965114a3d,0,18410
900ac1a5-2f31-487c-a333-b7801873a25c,0,13827
bbdd8674-c782-4ac8-a20d-4baef4afa895,1,18870
5943e6f7-7706-42ce-837e-2b48396a84d4,0,7525
b750080e-5e58-4c49-94dc-8db8d20d4489,1,18335
f93481d4-8870-429b-9293-333d5f82a636,0,25858
63ef3455-8f9c-47d2-a1c5-1a4c55221aee,0,8733
40ad92c2-901d-4f65-a6f2-b9d7452b5047,0,4711
751b96bd-f68e-4d48-abbe-65c8f16440f4,0,10819
9efb183a-3fff-4b83-9cd4-a25337821569,0,15506
78738b9c-e47f-4ad9-9941-28ba1d9756d2,0,11177
17a1427c-70b0-4383-b5f3-a2b5f1ec0691,1,1713
f462597a-29bc-4693-b781-1f04036eba96,0,25326
d084e093-1b8c-4478-811e-f1d337cbeb2c,0,21181
347476f1-b3e1-4e7d-a029-e6da07d7e57c,1,3256
32ec2e2d-9efb-4510-a7c1-14a007336a68,1,3092
e1d8cc12-d372-48f2-9126-74660809eccf,1,23134
b32508d0-975d-4b74-8233-174fef34684c,1,17863
6d4f6f7f-b446-47cc-96bb-024105e4a064,0,9905
9f2cf186-cae2-4b29-8312-d20cd1df7d25,1,15532
13e7e928-b7d0-4191-8eb5-b56aaa31edc8,0,1382
05576ba5-4a1e-4533-a6e3-9eee9a56368f,0,263
9f01e063-7de5-40ac-b075-d30e47f29c60,0,15511
e300292a-1edb-42c2-921e-7f3c507119e0,0,23271
6c4c12cb-6922-4fe1-8308-34a0247063a8,0,9781
eef92899-5dc5-4f31-8807-2391f0f88588,0,24702
665e0932-179e-49e4-99a7-05d1e310d14d,0,9039
99397efa-26b1-4583-8a01-1480d0f95705,0,14861
729ad38e-12b9-4bc5-8773-cd1615b5bd04,1,10538
d97a37b0-1987-43f8-8fab-359c7ded9358,0,22182
f1993ea2-413f-4a41-bf31-ec23edc32805,0,25002
fbe472aa-1dda-4c4d-af44-2d41966c819d,0,26192
c2c49031-f803-495d-9abf-32589c04a99b,1,19565
f62c81d2-f85c-432f-861d-1911b66d9727,0,25532
a7e5936c-6dac-4460-b867-19ed7f790246,0,16575
61ecc87b-b535-4930-9960-3b37f2996594,0,8498
ccd41f6b-7715-4c84-9957-c5eaee20b0f1,1,20768
52fee036-272a-455a-9714-b6ff73e28403,0,6803
b9c687bf-4fa5-447c-b526-24ea3ce3d6e2,1,18617
7019898e-cf8e-4b6c-9891-88412605fee4,0,10225
8a0f1bf7-0ce8-4fff-b5ad-398aa0b6015a,0,13134
05fa458a-9e6a-4e02-b85c-c8d67c3161cf,0,313
ebd94589-a44c-4190-873a-06f3f3d0cbcf,0,24329
17e95c76-ae2f-4ad9-b713-08b617d3c9bd,1,1756
55e6396f-23e1-4553-a2be-a825dc70a57a,0,7143
87921e7c-7efc-4af1-a66f-a0aefc658f5d,0,12857
8b12f467-8181-4ace-8eaf-3cc40c8ded81,0,13254
de94af88-e9ba-4f94-ae62-b5e2948bbbd4,0,22742
0ed30a38-fd74-498f-aeaa-6febf7eb66be,0,1171
4672156e-25e5-4bf4-8891-9e0e4a742c49,1,5358
43f620a0-745b-47d4-af1d-02661f920f82,0,5063
f29ed1fa-5d58-408f-8e40-43a7ec4a9cd4,0,25135
93a855fc-2b35-4acc-8cdd-2f15f888bfc7,0,14225
625ad952-940e-4c0c-b429-0ef0837b457e,0,8546
2598d635-68d5-40a8-9229-f8f242592a0a,0,2394
098e14d4-3205-4c2d-a059-738f830c0aa5,1,720
b6485351-ddd3-4bae-9b4e-6038370e827b,1,18229
b6fd85af-1619-498c-b118-4c1191dad257,1,18303
b181eb13-a6b0-4576-afcd-0e23c90723ba,1,17690
3a6bee2a-e8ca-41eb-b33f-5048b9f0e068,1,3990
09e8fae9-1714-4b54-a1d3-42a29a9717c3,0,753
4b27d745-6f91-4e34-a295-d19410013d41,0,5900
8f1981d6-ec3c-4acf-bd07-17042033c9c4,0,13723
7918b5a8-0e82-43e9-ac13-70472f297d88,0,11266
8b2e301c-ad07-41d9-9575-f7fc2f6d5b54,0,13276
05073cbd-ad54-456d-9de6-b468db719b57,0,246
043cf55e-48db-407e-b8a3-e4b2d45a3131,0,216
a0b69080-fb84-49f6-a2ab-e3de1cfd2ad1,1,15705
d6ef3c16-9f2e-4ebd-b106-0d1f61cc3ad4,0,21891
8fe3df6a-c79e-4660-b9a8-5dbe0c8922b6,0,13813
ef3f258f-aff0-4ef1-9aa1-bc424d9d7b2e,0,24729
65e64b92-979d-4fd1-b627-f7b1df07ab5e,0,8981
06d6e209-0bd4-45d4-81b4-4b97546d57fa,1,408
79528fcb-5f13-483a-b185-69cbc10d8ddf,0,11291
6a56c65e-22ac-472e-b678-c75669deb4d9,0,9518
d798aa5b-28ef-463e-81a1-c05c83dcdebb,0,21981
8d14d37c-f6de-4138-b8b9-20613c8befc2,1,13494
8295ec58-4848-4e22-9b39-129e0888f413,1,12343
3627ac65-1380-4575-ae70-84e57071d898,0,3462
2dc46628-e8b4-4499-adc1-78907fa247cc,0,2725
50845a20-98db-47d2-8254-5e3e07acb6a0,0,6536
945a109f-4015-4844-a49a-500b72237ce2,1,14299
17924737-81b7-4dd1-9d9b-2d75af022f8f,0,1707
d55c3e2b-327a-4d3e-83d3-059ec3132363,0,21711
c34fe1a1-dab4-49d2-bf9b-dedded15d885,0,19626
4d33b7db-3776-4ddb-8f60-f3a87bd80b16,0,6124
fff7447f-99ce-4102-87f3-9788b2459eb4,0,26678
ead62479-e4f7-4515-af86-d72db531c5ff,0,24200
08732533-75c0-45e3-9565-f69307152c23,0,589
5b42824b-8785-42be-a8d7-2b12f0de0d14,0,7733
73a59a79-acad-42c5-8b91-b22ff7939cbb,0,10643
5e67cab7-41f5-4708-a6a1-37000ad8bc52,0,8092
857b7847-e656-4682-ad6a-e07172bdd937,0,12627
73a53464-7183-4a5e-ba1d-f2c014d1511a,0,10642
d45c8846-1b98-40f8-852c-61a5170da06f,0,21591
ca51b3ac-e223-4a54-aee7-f9081f415f0f,0,20474
cd67900c-dafd-4978-9938-fc112ab25b0d,0,20840
4ca78474-f750-4feb-adb7-47da99bf4255,1,6078
5e8c5295-6749-4e4a-8f4b-b770140fc529,0,8110
dd636913-f8cf-4463-9191-b9014b5d1055,0,22613
639b858a-eaf2-4605-9a90-25a07876421e,1,8705
81538bc4-5548-4c2a-8ed8-27a32b8eabae,0,12205
88b4addb-e92d-45a3-91f6-ed710e0d7443,0,12984
4885207c-0763-45f4-b2ac-ea5658e3202f,0,5608
32a5efc6-17b5-4ce5-902d-0342553a19ce,0,3054
9f653409-3233-4ab4-97f6-4647faa03e81,0,15556
77e9a287-61ee-4686-b029-c7e1b09b7dbb,0,11127
71124f8e-755e-4a2f-b7f7-8e821f7f3522,0,10339
296a0445-1221-4911-9bf2-52c67c52dd63,0,2556
175c8be2-76a4-469b-9595-ed33ecedb3cb,1,1687
3b3b9902-4fbc-46da-a155-b19fb3724edf,0,4078
670d7af7-4422-4f2e-994d-96179316a71a,1,9138
fbac067a-b92f-4438-bf84-260360d534ac,0,26158
793398eb-4926-4d1a-ab6d-8bdb0ac15a2e,0,11276
7b94fc31-0735-4840-beb8-c685f22ec90b,1,11535
59c08f60-4819-4cfa-b4ec-91256bebc57e,0,7585
71a96026-101c-4da6-a576-60cd288b9733,1,10426
175974c7-d2c8-4f5c-9a5c-31b9212dda7b,0,1685
9bc7fda9-5a85-4859-b8cb-dac5f8590cfd,0,15157
fc4d2474-5814-4244-a1b7-7ab7328d9071,0,26238
06941d8e-2034-4503-b8d5-0eb13fc52f75,0,371
f8153745-24f3-43d5-8684-209b59fcddfe,1,25738
4ca369d7-eb3e-4713-b856-a5eabdbdf5db,0,6077
fc412463-62af-401b-aa44-3caef9de2352,1,26232
f90bc08f-242b-4b32-a0e4-58e0f824b4b3,0,25838
768e5d7f-10c8-45c3-98e1-7487f808a42d,1,10978
d5ab7cea-a276-4b94-8de2-0cacd8d6e6da,0,21755
700a6dd6-7d20-4796-aa58-b4a9dafd6472,0,10219
1d193b54-7f79-4a6a-bcaf-352a03025019,1,2086
aeeacc25-019f-4e78-b9e5-829c5d916fc2,0,17380
08e84251-b9cc-47e7-9486-be7becdd1d84,1,637
49c82326-6e3f-4ad4-a755-4afb08da3066,0,5748
e5759a0b-09d3-43ae-9448-814a9d5d89a9,0,23576
a8271068-5d73-400b-abc5-cfba5e02870a,0,16596
f9aa0398-7cf5-49f2-9cce-fe86b12f9c1d,0,25928
7ae8181a-854b-413b-8574-8c7236fdb64b,0,11466
3f21e402-4cf3-451e-bb19-f28bfbd1796a,1,4522
49e3b070-5e67-4e18-8fd5-0535eaf500c8,0,5756
d6cb8162-9a5b-4ec4-8d78-bc9933367ade,0,21874
17c67743-6d92-4dda-adae-61bc41724da4,0,1736
daacc079-0c30-496c-b4dc-3ea150970346,0,22316
cf6e4dd7-5d71-4ff8-aa41-2bfdb80e2e3e,1,21066
895b0c0e-75cb-4adc-9203-3d48ce3404f5,0,13051
a2907d58-d777-4ddc-8877-f784f14c0c27,1,15919
88d29b61-2730-4f6f-98bb-4ce5e5de3b24,0,12995
0796d0a6-8aa5-4edf-9c82-33523d8da0c2,0,501
b279031f-fb8f-47df-bfb9-315c9a7d2dff,0,17803
490bfbde-9177-4544-bc0b-f5b33d3f6bb5,0,5662
e5fbeafc-202a-4719-a4a2-e19dc5a81d9f,0,23638
ff6cc5b2-1e0d-405d-a851-1d56da425660,0,26612
efe0d734-4c05-41c7-a4d5-88a37cc94c36,0,24806
72a33431-fe30-4297-98df-892c88f0f11a,1,10543
b7e7ff76-b5ea-4ac0-acc7-2acd41f7aa83,0,18406
fcabeae4-2631-494c-b7f9-f96d6da5e0ab,0,26282
a8596b1d-1129-46cd-b534-c9c0be81fba5,0,16620
dfdadb21-d008-4b24-8582-6195722cf74d,0,22891
e73c5207-d11a-453d-a54d-4bb350126e1f,0,23792
f890cd67-ad53-41ff-bfd5-43419a2bd481,0,25790
b5eebe73-0b9c-4621-abcd-940f6e90a86c,1,18188
6ceaefb5-278d-4f7e-ba4f-0715d6fbb2a8,0,9862
6a3f2b9b-ae83-4561-8ad4-069e40152866,1,9507
2ad4217c-6ccc-4312-a067-5969fcd2182b,0,2609
99374798-bacf-4878-8ecf-803b954ede23,0,14859
6f5144a4-1998-4b7d-b767-e666a2e4d3c6,0,10150
bd319ae5-2b35-4353-a82b-fa46563bff2e,0,19039
d6fad98b-6794-45c0-9f12-360c1635d4f1,0,21902
8fd28cb8-eb35-45a3-844e-e29d7d63850b,0,13810
dfd1dbf2-0dcb-44f7-8e2e-1d74e1732137,0,22885
647db67f-687d-4427-b5be-15e31efe4495,0,8812
6158d725-f126-4268-8eeb-2ddde773a3c3,0,8438
a48c5a65-73cd-49a1-9a23-13e56e3138db,1,16157
478d1aa1-98cf-461e-ac56-ec895a241ce0,0,5499
270d287b-5f32-469d-9f88-f4a87f27ef47,1,2454
cf141763-efe6-4209-9b7c-fb8759e4ea50,0,21025
8768a800-28e8-4ae4-83ba-2f4326b2d3ac,1,12838
a4f405ce-b6f7-4d3c-8150-6f1c7ccc106e,0,16220
ea97a1ff-8582-4f89-be4f-b8cfd2eb73b1,1,24174
56224d10-e854-4563-abbb-ed952fab26ed,0,7167
9b8339d5-fc04-4817-ad75-14fd99738301,0,15131
c2c9a42f-a4ca-4ba6-9a79-7e670787e0cd,1,19570
c5e3712c-3957-4768-be7f-dc31850d33ad,0,19961
e6d18207-9599-49b6-b535-d6d1d77815e6,0,23742
84b555b7-46e5-45d4-bd7f-65a815c21d70,0,12560
ece438e6-8505-4e09-b438-f4c8428742ab,0,24464
92ecdb89-da6e-4dae-8a24-98bb80cd6fc9,0,14130
b84b2a5f-122b-423c-9556-08bdf7f179c3,0,18457
850a00db-8884-45d3-b3cf-1ba8635b9294,1,12585
8c09f9ff-a5ba-4531-b44d-d089a1f980a1,0,13364
f196475e-08d0-4317-88c5-13028e1240a1,0,24999
12c0fe21-2770-49eb-8aa1-c4aca13c1712,1,1340
54ad8afd-1544-4c23-8655-ff80a48344ad,0,7008
d6f778c4-3a9a-4b12-a4d5-a74d04ec431b,0,21900
580ac649-504a-472d-abb8-0d53d82fc801,1,7385
8957ebd9-d891-412f-8bd7-7ecb149c4967,0,13050
8af55420-a4fc-4443-90e4-becf53817b61,0,13238
de5d15a5-7c00-45b0-a783-71f5184b84a4,1,22726
5d7d6488-98b5-4e9e-8b6c-778f9025b5c6,0,7989
2ed57b2d-a30f-4728-a2f8-76bb825a813c,0,2774
27fdc9c2-5544-4142-92ac-11a1264d4fb8,0,2495
420ae62d-2cb4-421a-93f1-e100cf445ab5,0,4874
bec4c195-3308-4a5f-9a98-8abba25deda7,0,19223
901c9f79-f402-4468-904b-29d1d0155384,0,13842
937fef8c-ecea-4123-afd8-cfac01f1fc92,0,14203
6d042e85-ab49-4d49-979b-934ecc9f872e,0,9872
7c5d3a49-2f55-4d46-9357-0a2bba2fc63e,0,11638
74819909-aa23-4f26-8903-7c1d2d712292,0,10749
339e53c5-9e9e-44f6-8c86-a1ce9803eec3,0,3161
ed68c53c-3121-451a-bdac-abfa204e1b1b,0,24529
d791fdca-2616-4920-afde-0b85bf6efaf4,0,21979
45155159-35f5-46f1-b8ba-5934247b08d8,0,5205
36491026-0b06-429a-97bf-644518295055,1,3473
3f318eac-10a7-4f8d-a5f2-b32ff6efa879,0,4534
44630e28-cf4e-4c6c-abee-51283a227382,0,5110
396d1f4b-6370-48ba-a3ab-3a891085934c,0,3863
b824baeb-ce9b-4d29-b0aa-eccba7727c65,0,18436
b0790eba-d296-45b8-8d14-6c500f6adfb2,0,17563
fa2c4817-831b-4c4f-81f1-645acb122756,0,25989
111ce23b-b829-4622-b737-68df649d7393,0,1282
088265f7-0350-4c51-a7fc-99f1ddc89ae1,0,596
339c5854-b7d5-468e-9a0c-6410c3b13e65,0,3159
3b230c42-36a4-4f32-a891-2800c14e63a9,1,4060
77762e93-073c-405f-bca5-0f1fd339bf4c,1,11078
a2fe6d6d-3cf0-4fdd-b292-9d4b8553d4b7,0,15976
e28e464d-f19f-40d9-abdb-169cfddbb36b,0,23213
1c0a780d-1cac-4eee-b46d-470ecebc9ae0,1,2045
319e7123-a32b-4971-acd0-975c52958411,1,2935
e319ed0d-cd63-4bd0-828e-9acca7997565,0,23284
a2990f44-8592-4427-b704-b19565a0bedd,1,15925
7237e36e-e4bc-4d5d-8497-e891cecac5c9,0,10487
60370334-2b17-4c9d-a05b-b5746bdaa3b1,1,8308
c81b0940-6aa0-4f6c-abdb-3733ff3f606c,0,20218
c41c0a0e-0a3d-45a6-b77a-d0900e0e17c0,0,19733
b8b45d03-8161-4537-b5c5-a8f26299101c,0,18498
64cb56b3-df09-472f-ba13-201c40f4987e,0,8845
76b19fb3-d631-4152-8f46-830d0593fc69,0,10990
7f9b4539-9cfb-49db-9d19-dea98ab6445f,1,12022
58c2439a-ed5a-493d-b8d3-bf57d08af322,0,7466
7d04343a-f255-4f32-a14c-2b05929a667f,0,11711
fbf900a9-0991-45d9-8bdc-b451f2671492,0,26206
5c0272f2-ae30-4865-8588-f3be15e74e41,0,7821
3be3e148-e972-460b-afc5-95c976fd1e06,0,4153
b8a8cb09-03d8-4748-933c-49d15073062e,0,18494
83548cae-0c49-424c-ae08-5cec7900644b,0,12423
4ff19c2f-91f1-40ed-a0d0-72534db6d71e,0,6462
83c2c654-5bc2-41c4-b53d-054888e022d6,1,12477
edaa303f-64c3-43db-8eee-f76b3fb37553,0,24560
a5d5449b-8f64-4628-8a73-5cc6d0816bfc,0,16322
df98a660-0233-4aa3-b2e6-4e722e8fc43a,0,22868
ce98c82b-c655-4eca-a0eb-c345bfca0f9c,0,20972
a872cd00-56a9-47b7-b38b-0ee07f10cdeb,0,16634
820ace18-945b-49e0-99b7-386c94a92182,1,12294
3fa9f026-6175-4e8d-b6eb-e42bf92ba727,1,4578
0088be53-27f2-4c30-882b-a73a3a5c8c71,0,26
01b9e362-4950-40f5-88fa-7557ac2a45bb,1,77
6f5d9135-ffc5-4076-872d-ba8a5bf7e8e4,1,10154
45e68e57-b15d-4e74-b984-ebbb3a8c2ccd,0,5295
a24e4fa1-c3ee-4974-9c88-7b75b6a5138e,0,15893
53aea071-1a82-4b5d-849c-8ad2001778de,0,6880
62ba66c2-7154-4b82-af96-09feb7b91e00,0,8595
591ef0ea-6a2f-4079-9bc2-20c988507809,1,7514
75a91833-89f4-4c05-8661-393ec6bcabae,0,10878
02589621-9494-4801-99a8-a4e89c1b525d,1,126
d995ff97-0cf8-4f17-adab-f23880706cf6,0,22202
a5bb1b43-e731-44f8-87d7-b80e6b8b9b45,0,16310
554f7966-f588-4a7a-aae1-ed4c107713a5,0,7072
0898494b-fa6c-442c-b049-eb974ccee7b3,0,606
efec5041-2db4-4013-8dbb-3d4ef71f7323,0,24812
81c65b76-5600-4c2d-97ee-4281405f20b5,0,12258
df674457-a187-4f9e-a01c-0b073f01f2fc,0,22849
542836b4-9b88-4b90-85ce-e8a1f4971685,0,6940
e35786a6-29ad-42aa-befc-1af6e9c6fd19,0,23316
02242633-faa0-4927-81de-b2b44940068a,0,116
bcb1273c-d917-4a7b-b882-928223847250,0,18990
53b04f37-254b-448b-b92d-d3a1e828592c,0,6881
f57c04bd-77ad-49a5-85d3-b7f371878a87,0,25449
b3558571-c880-42eb-9dd3-a6bf9cf8889c,0,17884
5fa73881-4e19-4a66-bbfe-11b9925ffad4,0,8244
e0e89aa6-af4a-401a-905f-cc732846250e,0,23028
f1d94ffb-f4ee-4e30-a376-90c51b843f90,0,25043
645d69e6-ac8a-4bbc-963e-05afae6f759c,0,8780
f9a3c734-1483-4385-ab4f-e45853f3f00e,1,25922
78214c64-ebb6-4a9c-b4ca-ea65da449fd2,0,11144
ecffe588-b272-4acf-84e9-08e47c9afd3f,0,24478
80e23d5e-c9f9-4f89-ab8f-d7b1a48efd84,1,12162
757cee78-828e-48aa-9127-406c6a13bcd2,0,10861
0b0073e0-9c19-4da4-88f2-b3d2ebc6f1f4,1,856
3f7fa71a-f3b4-457a-a9a4-db0a3376ca26,0,4567
d004235e-86e9-42bc-aed9-687ae201c643,0,21129
ac6b782f-206e-4cd2-8002-427c2843f90b,1,17092
96f12d38-b85c-4ffd-9788-6e82c54e3192,0,14581
7f4294da-5254-4fc1-b603-94711a27c748,0,11971
36af11b1-75ca-473d-b29c-4bfa1802a81e,1,3520
7fd44fdb-0624-41a0-89a7-c955df783f69,0,12044
c485ba23-a466-4d67-b73a-3c1298260718,0,19780
65ee68ec-bee2-446e-8aa7-171ee0bef2c0,0,8984
5e7ec991-4363-4310-a019-989e045b79de,0,8105
09714ab6-5dce-4ded-94cc-f79a47b4b171,0,699
12fb963d-f74d-4c83-a3d9-c96ee8983ff4,1,1354
df25133c-f678-4f09-ac0d-f764b3ebd62a,0,22821
728415d7-f6d7-4c91-9e34-fc85002856a8,0,10526
c8b5303b-d3f4-4aeb-8dd1-89cc191694f2,0,20289
aac8b967-4540-4826-b4ec-42bdeebae1ab,0,16906
5bbd21a8-cae8-41c1-b140-fe05fcd669a6,0,7783
ab11cf1c-5b23-49b4-a6c8-460f69ba2ffe,0,16935
7f7fe10a-c47b-45d0-8b78-051821bca2b8,0,12005
ba6fdec8-a82b-4409-a4f0-725fd36f02e9,0,18706
b87a7ed6-a5d7-42ea-a9d5-d487a2d9108e,1,18473
8fbdb95f-e09b-47ff-b674-2128fa3c361b,0,13802
7200a07a-2204-419c-a467-e27ad6d3dcdd,0,10460
9acc3015-cffb-414a-a8b1-87555ba73b50,1,15054
bacb9e6d-ad87-4841-99e0-685aa0249bbe,1,18750
e345fe04-22eb-4b6c-b802-aa73a4754579,0,23305
35f9509f-a9d4-4d9c-8401-887063252793,0,3445
9789f8bd-ea8b-4cc2-a3f9-3571693d8da4,0,14653
3fd032bc-c98f-4fc9-8a4b-903797721666,0,4597
e4f67b80-8cc3-4665-8eb4-09c7840b50ff,0,23499
aabc5401-9f95-456e-913e-6438cc152d00,0,16896
f5b6bfda-91a9-49e3-8d26-1a71d774e515,0,25484
53f9b85d-b057-46de-a4c6-8907c4a6ae5a,0,6918
7ab63c3b-213b-44c5-9df4-1b98ee94d252,0,11442
6956f62c-9557-4de4-bc3a-218c2ba2cd1c,0,9386
bb1e0002-241f-4b8d-83f9-dc3954dc3cd7,1,18795
8c1a60f3-c293-4784-9793-44a21a1c6f63,0,13368
da2dfd94-fac9-4d80-912b-5f5c5cd0d0a1,0,22270
d9b97d4e-90c2-4dee-ba51-1eb32bb31979,0,22220
73028cb3-d09d-4d81-9640-88ef1571a4f1,0,10570
6dad7d7d-5e28-408b-9315-a74c48d88097,1,9939
d467cfac-1e49-4855-8fb4-56bae56e3255,0,21599
9e51ded3-7310-4ee0-a339-ab491a4e7361,0,15421
ea5c8b30-582c-471c-afd3-f569f52d5baa,1,24141
bffeb7c8-e4e5-4d12-a45e-d4c3fc5b5867,1,19374
a41f6e40-d536-46d9-8d24-4948704d5972,1,16111
81bcc055-58d9-498d-8363-27caf7ff4084,0,12254
bc6bcb9d-0907-40e0-9f82-b2fe75091b48,0,18942
ac1c77f9-db17-4bb4-886f-718a265eaa4d,1,17047
fd6798fe-0267-43c0-a6e8-798760f03399,0,26368
f105d893-7962-4758-8c80-f210e2de8653,0,24929
35061124-9245-4434-b165-b89aef28bb75,1,3330
7cd72f46-1a5a-44cd-9565-ab17d2108c22,0,11695
2bd2356b-305a-4726-9a47-034da8f5f2ee,1,2646
8e26fa7c-1218-4795-b7ff-bc9db7f74715,0,13613
8a3e4f2a-2287-4b17-94b1-f91592e0d2fe,0,13156
7c517917-3359-419d-910d-b0ab4865d65f,0,11632
7715d861-c35c-45a4-aa43-c8ec4ba6ad29,0,11034
833c814a-032b-496a-9133-d2c4b6a8a1fc,0,12415
13ef2d8e-3b2e-4fbb-9f70-69139dd74401,1,1385
c80376a0-e71c-4519-844d-0d12e83b25ae,0,20209
deecb3e2-cd07-4076-8ef4-31df2afb4b53,0,22791
65dda14f-8133-4d11-8a27-744a5dfac03a,0,8976
bc668e08-44be-4aed-aa17-7b321c8e11a5,1,18939
778617e7-9b4a-4815-9f17-6fc8deb4c3fa,0,11086
31bfdeb1-9233-4db2-849f-bb890cd0d397,0,2952
d4aef316-354b-485e-8ce8-23d4bef88d80,0,21634
4f4b0a51-7b48-42b3-a616-444c5791849f,0,6375
7b535787-818b-4fca-996a-7c22afe8d0bc,0,11508
db4bf734-33b8-40a3-847b-10797e757d14,0,22384
baf2a126-f441-4566-9b85-59c1f2cdaf96,1,18772
5f023c55-3755-4304-ba2a-16cb479ed2d3,0,8161
09471800-38bb-448e-9a36-5544dd585676,0,678
4da17eb1-8ce3-47a7-8082-05df3e3e47ce,0,6173
34fdff09-5bc2-4df5-b8cf-3c37662037c8,1,3326
cca1fb30-2635-4b30-b868-ff9f936e4531,0,20744
80ef86fd-e36a-4c00-b25a-1101e5d9b2de,1,12169
7a722a65-189a-4e20-9daf-03d008af5277,0,11416
37054795-a17e-43af-8b4b-254015c67af5,0,3555
c52ffbc9-c895-4229-a372-8d5cacc3f452,0,19865
eb1bbfe5-e56b-43d9-a6e9-dbebb646c947,0,24235
e6141d8f-fb9e-455c-8638-e081cc656aa9,1,23649
feeae8c2-49ec-4ef9-8ad2-7e29b3dfd617,0,26539
966db49a-1aa9-4d43-bedd-f2f58e08ceee,0,14528
fa7f8cee-db31-4015-92c8-25d3f792c179,0,26022
df5587f1-c3c1-4c7f-a484-466ff7e0454d,0,22839
bcbf06b4-ed44-48aa-a498-a7147c063d4d,1,18994
4086232d-8d6e-41ed-98ef-ef1b0a297421,0,4691
f6be6dc3-9539-46c0-a1f5-b10919ff81cd,1,25594
4ffaaaaf-e5b0-4a08-ab6e-b2d1c913e942,0,6467
68ab6cf6-eadd-464d-8fce-79269306ecf2,0,9311
72925c32-9102-466c-a9ab-169cd6e81369,0,10534
ba9148d0-12d5-4333-9b5f-bb32c687ed66,1,18720
4983585b-4334-466c-bff9-36a3e6c7c1ba,0,5714
c2e2496d-0ca2-4532-bbcc-a787d8a60708,0,19583
7a477b7b-f2d2-40ac-a20d-661887491d6b,1,11395
e5472077-9544-4297-b632-84c97082ec7a,0,23547
c5d59db9-58ab-4164-9d77-4e9ac03ec273,1,19952
76d59e68-acdc-4af8-a9e7-341f786f2b7c,0,11007
1dbcb00b-ba8e-466c-99a9-0beaee915ec3,0,2114
e3a72ca3-6dfe-4cfa-98a7-7eb566ff13ed,0,23342
bf7beb9f-65f8-4b05-a9b3-85b7f8b5b726,0,19313
a102ee89-3806-4b01-ab43-fb39cc14944d,0,15742
92ac437f-fd66-41e9-972e-c62cca43f18a,0,14104
b123993a-8a7c-405b-9c5e-6e2b8f373a11,0,17636
7ea83bc5-c771-4c4f-acaa-9bd78c8f2349,0,11900
731074a1-40f5-43cf-ad03-8c69bfbc1636,0,10582
97843eb6-9b94-4b7b-8590-72fd6a0d70d6,0,14648
7b8c3f22-fd0d-4ecc-9f37-c3ece9fc09ad,0,11532
aaabfc1b-6519-4c80-ad64-60612890501d,0,16891
49a8bad1-f6db-456d-bc8f-74f70557d9bb,0,5725
5fa8b1d1-27eb-4a5a-9c83-b144e9962424,0,8246
f316fb8c-af2d-42ec-aba0-6761643a7c3e,0,25185
d6ddb156-6078-40d3-a209-49f429ac4d21,0,21885
f1b5275a-4b98-4710-87c3-caf6ff7c3ab6,0,25020
69285af2-863d-44ad-80fe-3ecadc128775,0,9366
a55ef250-42dc-43f7-b9f4-ae0da1dd62ff,0,16269
869facf4-a6d0-452b-b001-c7ca04524955,0,12748
0ae12060-f38f-43ad-8a88-a06322f920ab,0,841
964dc796-8083-4c35-b97a-e59e9b938964,0,14514
60b27fa3-d9d1-48d9-9c0b-6ce08dcb76f3,0,8365
3a570b6e-35b5-481d-874c-b5c166453927,0,3975
0609cacd-b9a6-485f-a6f1-5bb7b88db8dd,0,320
d4aab162-7903-4d5d-8b11-83eda6b37357,0,21631
8a6e99cb-c4d3-4d1c-9def-3d061dc52edb,0,13175
32652bc7-21e2-4aa4-ae0c-461950e4c131,1,3020
26408db2-e7f0-47de-96d8-5aa9c2b47153,1,2418
e30935ce-5d14-410f-bead-9ed974d5090b,0,23278
28c22b85-a506-469f-a85e-1618a765901c,0,2530
fd8de63f-e006-4e20-a937-9ecbde6e31e9,1,26390
5c663e3f-3db2-43d3-8aea-b7d14564d6e1,0,7871
9bd35dc1-295f-4029-a93a-f9d7f15a0d9f,0,15164
bd0fcc2a-89d0-4223-9987-2a02c9ed336e,0,19028
a0fc511b-7483-46a6-9591-46f6c73f87e9,1,15740
165bc884-61e3-4fd8-a799-643a8626c7e5,0,1586
87233f70-c512-4a6b-8ece-a4cb41accb66,1,12804
18550c7a-2538-4f78-9437-a573903be31d,0,1811
17333415-7c33-46d1-b90c-5598e39b74c8,0,1670
1fd15b31-7b21-483d-bbef-e9893d6a051b,1,2187
25c915e6-1b94-43b5-a19f-21931faac3b2,1,2401
52debd65-65c9-4a26-bbfd-eac603f41e17,0,6785
6459b139-1206-459b-8ab0-535dc5dfd94f,0,8779
9de9b33a-9560-4ee6-9e6c-831888db6176,0,15378
97bafc90-db34-4d69-9067-3fbf282bea50,0,14678
fb70a27a-582a-4a85-a95f-0f5698652f62,0,26131
ef5d1d0f-a40c-4b85-b2c7-c08a33ac7347,0,24746
164e8e2e-f90c-41d8-a7ee-cfee6fef16b2,1,1583
9271f16e-e163-4ade-939b-3383b8252da3,1,14082
cd4f439d-61be-4ecb-bc27-383f9cd29569,1,20833
f9b9a4ee-49bd-4054-9a60-03c771aac376,1,25937
a80b222b-23dd-4e68-a2f6-323511051d35,0,16590
55ca872c-8c78-4f06-b0e2-718c2c200e54,1,7131
e80c61ff-3f37-4838-8969-6e850a7f8cfb,0,23883
d39ee987-53b2-4166-ab40-2f5e79f7ed54,0,21523
72dd6992-f8a2-48a3-af61-2cf71e4a0c47,0,10556
fbe4ddb0-d7bd-45f9-960d-3eac5f6acf99,0,26193
b1c27227-035d-4fdc-a6fb-89bba42ae359,0,17719
8a2ef891-09e4-4013-b114-7fca2520d1bc,0,13148
d59c097e-726a-415f-961b-803b10aa43ed,1,21749
f62f689c-a7a0-4bb2-8321-2dd3dabd424d,0,25535
ca622960-a817-4c3d-aed4-1ca4357f0cc3,0,20488
f9bf4d68-b885-4fea-9702-77924abf06eb,0,25941
9bfbcf53-fe7e-47b3-ae0d-3d4cd48001ee,1,15175
7ef47be2-106c-41d5-aa52-7c14a0fb82a1,1,11933
731bc722-4bd2-4d18-91c0-e9adfcfffa98,0,10588
036a1ed9-6ce8-4a5c-80aa-4790abe94dfc,0,166
520bff6f-90e0-4e51-b1a1-68229773e802,0,6696
be9fe97a-ba2e-4eff-a0b1-2d634d51590a,0,19209
382cd774-87dd-4cdc-859b-5b973575c1d1,0,3697
d1e48d79-d364-44a0-a2d2-c6fe2cee2252,0,21341
f0ac2a29-9b3d-4977-a782-a850fb6a9754,0,24895
cc5d6b47-6ad3-45ef-b064-8cf659664f4b,0,20715
f7ff2cf6-1aa0-466c-804f-b4678b97e2d3,0,25730
4b6478f8-bca8-400d-8dbe-4381048fc106,0,5932
78ca0700-6842-4ffe-88b2-47c67fc0a7c9,0,11229
3f379281-52c4-401a-963e-39dae90cfcd5,0,4540
655dc462-0674-4fba-bb61-f751def14747,0,8924
719dd825-dd41-46f9-a59c-7385d4576196,0,10419
e4ed103a-a402-4c2a-b59d-cb9cc736e5ae,0,23490
a85fcd51-0b79-452d-8afa-05d90cdeedcf,1,16623
d593a9b5-6908-4b1f-9d69-f6839734a27b,0,21745
79c5d2b3-0df0-4d85-b0f1-7936545c8c54,1,11341
92fcd289-7239-49a2-bf1c-e628e2e891eb,0,14133
a1232a0d-19ec-41a6-9f93-c64bb3c44340,0,15764
5a7cc989-874a-45e2-bdb3-9967f331babd,1,7651
2d370cb1-791e-407e-9408-9156664de6b6,1,2709
c90ba168-4d65-4205-90e5-4f96d693d54a,0,20331
6fcf6a3a-dd47-4a67-9bea-c670f1d94acc,0,10196
5df1e543-92ca-42f2-94a8-7446f944a1ba,1,8041
0ff01216-ce5b-44bd-a857-bc22dc9f8f3c,0,1229
3fb2f726-42d1-4b7b-87b2-0faadd1872c8,0,4582
a1055459-ab82-42b8-94f9-349a4ed5ec62,0,15745
03d00867-fe6d-47b5-9a14-3f03f736e69a,0,187
54a32eda-f948-43a5-8cce-be83396589ad,0,7004
8737758e-de09-4135-b5b6-a46eb2ae3a21,0,12815
efe7f4f8-963f-40be-b2a4-41d335409fda,0,24809
95aebfc5-a42f-4498-ab06-2db378c38544,0,14440
0b667844-0121-4eed-9a95-b670061a7a83,0,902
f2252c5e-084f-4653-8fa9-0dc963f0755b,0,25072
ac380845-aaa5-4b00-ae45-dae7f44d8a40,0,17068
4d805b5f-5521-4e8f-8c73-85435878d0ff,0,6165
f4362a52-b9f5-4d96-a6ba-04284a233eb0,1,25306
53367958-ef11-4c3e-a2f3-374e88dfbd90,0,6824
3690bde1-7419-46a5-baa2-14b88feed1ea,1,3504
31714284-24d2-4e29-95ce-1342164502fb,1,2911
8494a8ec-6bad-4e3a-b4da-db9383a950bf,0,12544
fbff894b-316c-495e-9bba-e6f6228af214,0,26209
0f4b80b6-fd39-451f-aebf-7cdb1b655c0b,0,1192
56e5c4ab-c5e3-4958-8641-3d107263ad64,0,7262
38ac304d-c9bc-4056-9d15-e6290c2ca0e5,1,3759
1f9aa2f6-c219-47c5-834c-173825b2a110,0,2181
d09dcca5-57f9-4145-aab5-cf270fc74f55,0,21193
d2a0d6a7-3ee3-47bc-986a-ed981aa1cad4,0,21433
e3033174-566b-40dd-b717-68bc91075647,0,23274
75d50f2f-a869-46ea-8d58-6446ead6d15d,0,10897
65f28631-191a-4882-85b5-11cd65efb19b,0,8989
73a993d6-3f86-447d-bfb8-9dbf87be0a66,0,10644
859a8249-1e52-4a1a-9d35-e1cd84389c28,1,12644
5a072ffe-ed90-4516-803f-30641dfa9497,0,7609
4e23f936-587e-43f8-8c09-ec902e080a52,0,6241
32df6985-95b4-4624-a16a-f502702f1a0d,0,3084
411512f2-3f23-4a4d-8c46-4431af121278,0,4754
af634bb4-a3f6-403d-b4df-d19c0ec67ed0,0,17428
4e2b6802-a843-46c0-9596-a00f795bcd63,0,6249
e5ad2ee2-27af-4455-ba6e-6f50c5b98ec8,0,23600
7d8412d4-306f-4b03-8422-05537fb3eccc,0,11763
4ea8f18e-48d9-48bd-a741-78d0d1ed07da,0,6301
758534e4-12a8-4ebf-bf91-2e7229b7e46f,0,10866
b18c9700-19db-4b5a-887a-f6b61549dcb2,0,17697
203a63e3-238f-40ff-a0fc-de85641f7dd5,0,2203
341983d7-a04e-4b75-a021-1c5562139301,1,3219
74fc0444-3b29-4b22-8e3d-6a92f87f725f,1,10802
c2b0bd87-1ca3-4b69-b651-07772efc1d90,0,19552
f2a5e1cc-09f6-4cb9-95b5-702a910100ab,0,25138
847001b4-41ef-49a8-8adb-87e498f8cf6d,0,12530
f0acbeaf-8112-4510-ad7e-5c9f6bb1e9d8,0,24896
ae9e8ee4-a4f6-43d4-b6ee-0dd7f093eade,0,17338
5088b448-b111-4fec-866f-590a5666f677,0,6538
d950237f-0f29-44e4-a52d-5695dbd54a6d,0,22159
edb12329-ab6e-4158-a4fa-f09a6ccba324,0,24563
0409b97f-7673-42e2-9943-0656c6aaca69,1,203
7ac367b2-e089-4f7e-b080-b52e53664b2f,0,11447
002c591d-df62-4e34-8eda-838c664430a9,0,11
792d8a75-62cb-4ad2-b8d6-e143cca5787f,0,11272
b10b52da-84fd-4057-b675-330e46c53504,0,17627
fb876708-dfd4-4c92-b9c2-c0842d7529ee,0,26145
975f414b-16ec-44bd-9e61-97faa1433a15,0,14631
7d351015-e0a1-4ba9-a310-1b1f8dc72256,0,11730
4b5f7134-57e1-4469-b6f4-ab7840b33e05,0,5931
cf80eb36-1fd9-4c22-aea8-f257518f9a36,0,21074
c3751c94-ea6f-4a7c-b3bf-87a54012fa80,1,19641
0bc32046-7369-4a87-b9d0-582526356cbf,0,953
61474ee2-0d01-4b66-933b-11982a94b564,0,8432
617d8a06-9de7-4b9e-b7c8-a9c234a44602,1,8457
3331a818-6190-4caa-8e71-1849f68d1557,1,3111
b46fcbd0-8851-4561-96de-0a820e49f45d,1,18018
d815454a-5088-407c-8822-af205bec401d,1,22027
d20a1a10-d569-42f7-90e9-882f7331e3ff,1,21356
a084828d-3381-4b68-b09f-dda2b2753455,0,15679
384994d3-da6d-4551-9422-ac4ae7a87610,0,3712
5377e0c7-8194-41d2-b4a8-803218aa6a6f,0,6852
c79c8c80-4f48-4e28-ab5b-cc53e86388b2,0,20151
47565898-7e1b-4181-b5d5-28dac3623f87,0,5475
770abf66-2bfd-419e-b1e8-54e723e328da,0,11027
6bf02e28-807b-4020-a18a-3d34fed0d3aa,1,9735
73247e1a-000f-4d41-825f-c8a0d2162007,1,10591
f33a8eaa-d1dd-4084-aa40-9c99392a9039,0,25200
19d52cc1-9453-4f25-b74a-a84eb23c1b27,0,1954
6b5b6132-0a02-4393-adb7-cbd029c30baa,0,9662
c6975c70-af26-41ef-8a43-2f287176b566,0,20040
83276a98-f22a-46fd-ad83-93e37b1e8749,1,12405
59686bb5-79cd-4eac-91aa-95bee5585ff9,0,7548
7c4047d8-0e2a-40d4-b85e-48480bfe5b92,0,11627
554dc8f8-f0a0-47a1-81a6-5bb0f94e8359,0,7070
6fe00714-ca20-4d40-96e6-db53c5c600df,0,10205
f9651c64-a88f-46fd-9ca1-63a55f50873c,1,25882
c955a70c-63da-4054-b0db-389c6dec87af,0,20357
5ce80d56-5400-41a4-a60b-b19a99838a0e,0,7918
6105f7e7-ba2c-4d45-866c-374dcc752523,0,8400
096783f6-e36c-4625-86bf-4d060a00a3b7,0,696
3ea080bf-4e81-4037-a686-fcf254a9e1bb,0,4467
383e9756-7d45-4289-b35a-9fb2a5108e81,1,3706
dfb66f45-2a03-4f01-a881-2df6020f79af,0,22876
cb69424a-565c-4b47-9f54-18f67d7a6531,0,20599
e836c27c-e180-4c15-a929-bc98fab4df67,1,23905
0934e2a4-10f9-45f2-9729-af674d68118c,0,674
f7446ce3-2bd4-48f1-a068-522b4f531c3f,1,25647
b900d3e4-787b-44b3-9754-88f93db99c27,1,18527
844d3e99-7ada-422a-8ea3-2c056fb3896d,0,12527
25da2f07-bba7-4645-b36a-eb16de62eab7,0,2405
857acf5e-ce7f-473a-9078-933f424e2fed,0,12626
6b10737e-ec37-4f37-8db3-a95434db6016,0,9627
7d80378b-b46b-4dbc-a8b5-70982536ea06,1,11762
65225798-dc6e-469e-8010-427accb9e41c,0,8889
efd664f2-0666-4422-9408-3ea22c3e2e34,0,24803
16e739a9-214a-45d1-a2d8-b7b19a167dad,0,1637
6c337dd4-fa9f-49c8-8df6-dbeca66376e2,0,9772
590b390c-6d90-4ece-8875-247669e085a2,0,7499
cdff09a5-ca16-4391-863b-ae2cc6946018,0,20908
4fbb4099-64c8-482e-a99e-e48c1197878a,0,6429
3d34ea0f-9f82-4a18-b249-57d27762cce7,0,4314
f477d62a-f037-4a8e-9749-ae8d43558c69,0,25341
cdf88f1e-b289-446e-8777-f11cfe76af4d,0,20904
c50e1445-58f2-41c5-9774-2d9e24db380b,0,19854
804ab42c-64e0-4040-94aa-683675c44024,0,12103
4713b1ea-ff00-4443-afc2-8a6117cb9bd2,0,5438
99b9190e-c092-4d21-bc5f-d6c82c513c92,1,14928
bdc1ce35-9aa0-4964-9b85-6ab1992216af,0,19112
0b53bc2e-60ed-48c4-8754-c094c5b4c92c,0,891
6f0aa949-7f96-4fad-a852-4224a159834b,0,10110
835a9ff6-3844-49b4-b016-a8b337fa5b77,0,12428
d997dd45-fb25-44b1-a8d0-9febde2f4371,0,22204
e0d21bd9-209a-4675-bd07-6f8b9fdccc4b,0,23016
a05d6f9e-475b-4e47-b95b-45c6ac35e2b3,0,15670
44a8fb24-5f75-4e9a-a187-70f3e608fd62,0,5142
d462f0e8-9162-4588-ba30-ddc08e33ad3b,0,21595
9d392534-02f2-453c-aaaf-fc52426a6c0d,0,15305
414b5e30-016a-48fd-849e-c4c1dcab54dd,0,4777
d9fe30c6-6815-4429-a648-77abe461ec28,0,22254
6c90b38e-795a-4a29-960a-20a5d86c7725,0,9817
76554e2a-f033-436b-82ff-ff3e223e5feb,0,10957
9ceaf2ea-05c0-4531-9e21-df1e40524f45,0,15278
38b29c8e-ccf4-40c0-ac21-03b3df44d285,0,3764
948e6874-7a4a-4817-b72c-843aebe92541,0,14319
fb79a8a2-0c21-4386-b95f-3427da288202,0,26135
f7a488d3-34b2-4bcf-b61a-b4ad12c230e0,0,25692
a09657a3-bfe4-43f9-823e-52f00d1f8769,0,15686
b441b807-25e0-4c5d-a1c3-bbf000a38b19,0,17997
e622bc6d-c39f-4c51-b51d-9acee5da80aa,0,23658
50138c3d-d19e-4da9-a153-83baf13be90a,0,6483
501826b8-9e76-4d98-a812-855d1c09e5f7,0,6486
b70eb540-c3f7-4655-9d70-00a143ffb5e5,0,18308
659b4b06-6273-4efb-85fb-93e014d1ca2f,0,8950
8ff87cac-448a-43d3-a31e-933bc5b0a120,0,13822
ae710da6-ac50-4de7-891e-d9a7a180ee05,1,17317
9010bc62-c2c8-465a-8298-4d1b3c7f527d,0,13832
d96ee1e0-5778-4da1-84b7-0e9149f72492,0,22172
6439bc8e-a134-4f5c-a801-e67379549322,0,8769
a108c5e8-49d7-4ec4-ac83-a5cb0442e536,1,15748
f3e3d5b4-aa1c-43f5-9a7c-8e9193244910,0,25273
31f1be65-da88-4ec2-8c2c-90fabc73c01e,1,2974
75381c5d-ef92-4348-bffc-de426acb263c,0,10832
56678286-ee43-4883-b1a0-ecf27f27aee3,0,7199
36ab4430-59ea-442a-9968-9329b3c93954,1,3518
074f91b5-e915-4b6f-bdf0-af1ee55ebd9b,1,470
73b46983-7780-4d82-874a-d9255dd639cb,1,10649
a57f578f-1e6f-4248-bd38-2dacfa772fdb,1,16282
b0dbfa41-de0b-40f5-b635-3bdb73c620a6,1,17599
c4a2d840-1173-41f8-9edd-66dd47e32eba,0,19795
9443c291-caf7-4278-8221-9f68a3af6bc3,0,14285
3a01bb45-4742-4df3-a519-482cb2a8023e,0,3926
d640b82b-9fa6-49ad-9139-d1a0f1f8c7e8,1,21817
5c726531-2a5a-4830-a0a0-00a781f9ca38,0,7880
8b8d0cc0-fa3c-4b87-97f8-bef191a62ad0,0,13316
fe51865c-9003-4094-ac67-1cc70cb33c88,0,26464
a814adac-ef1e-436b-8271-0711b9080b36,0,16591
45b2e43d-248d-4834-aa2f-030fbdca3e3d,0,5269
8c984367-b094-429a-b8cf-a9aba99e8ff9,1,13427
fc0db61a-1db4-44ab-ae7c-ca4fafcacad9,0,26212
341a6e43-a2cc-4b6b-8aa0-7766b661377b,1,3220
acd660c3-ebdc-4ef2-bab9-d8e0d17b734a,0,17141
c527edc0-e99c-4b55-b0df-57c8f93870b0,0,19863
3c7546d5-d13c-43dd-b84c-955ccbfbde72,0,4221
b13437e4-5082-4e35-b3c4-310da5b6e407,0,17644
ca10922c-e732-483d-823a-1b076855ed49,0,20444
fb1e65f1-4b6a-4900-8b7e-ba69ed91574f,0,26095
a1ed84ae-a941-41cf-a3f8-9b65cd403685,0,15854
a4c1753d-955e-445d-9a2a-2219c2967ac0,0,16190
a74060c8-870a-47e1-9bc9-c1226caf9a87,1,16492
8545260c-9252-4308-9064-e954c8b8648c,0,12610
c8b58629-94fc-45b5-be56-12f98e35f4a9,0,20290
523ad7b7-2430-4621-a90d-02d0e33f99a2,1,6709
37c1ff63-3e09-4419-8b98-3a981ea916d9,1,3646
da5b7e78-bd0a-4196-a048-614de821b2d6,0,22289
ecfdcc29-e54e-4565-ab0f-24d2c73df79e,0,24475
78667635-bb1e-4e03-b3cd-d181422c558b,0,11171
512cae37-d6e7-465d-a209-32f77d145af0,0,6607
a778168b-2e6f-4834-8426-7139a2917007,0,16528
b6e488a3-8ae5-4b90-82d7-2679cdffa4b0,1,18289
8dc721e1-00c1-42fa-b075-0fe7d43bdd4b,0,13567
036244ed-39bf-473d-97b1-2646ef0e9712,0,164
d9763aaf-7377-45e0-a112-2ad0f3bb73ef,0,22179
4f0a0257-c268-4095-84cc-2ec9b794f3ab,0,6346
cf951660-886d-482d-99bf-2bdaedd5f4fd,1,21081
0d1b2c45-309a-407f-8224-36761e8451c4,0,1090
b4abc0a4-600c-4834-bd71-c9dbb21eaaf0,1,18051
9febdd91-3593-4cde-ac36-83c498b06e6a,0,15623
6b32fb01-46ea-465d-a0aa-21fa8583b230,0,9642
cbce283e-91f9-4418-90e7-9aafcd017e33,1,20654
967f0c4d-8ce5-4c1a-b1c3-5c8603b63c4f,1,14533
5d07d002-81e4-40f6-8ec9-1db9eeea10cd,0,7931
4edf6d79-0dc8-4b45-b40f-2bdd0665e115,1,6325
192f8bc4-1d12-4b3e-84a6-d94f77928faf,1,1900
b877bb8d-e274-483d-9586-397dc8897d45,0,18471
bea68d8b-6358-4123-b97a-f77ada33e2c6,0,19211
ff33da14-0bd6-4fe4-9675-ef704bc33b84,1,26581
e923de59-4d66-4f84-8eee-8b5b793522ee,0,24003
f4b33c44-a7c1-4a14-a094-34bf19b38fd5,1,25359
9b77ea8c-45cb-422e-b0b2-d2c14d58af25,0,15126
65baf406-5fa2-4596-a875-b3a812207328,0,8967
bfa71410-b5de-421d-997a-765ca57a6388,0,19334
ec9a1416-a59a-4dec-9611-bda202f13e93,0,24426
d38664f6-e60c-47d9-8eb5-ddc29475505a,0,21513
aa62706c-0083-4418-ad03-72beaf1b2446,1,16856
fd5f1e8e-1883-4ca8-bbbc-7f14d77d5492,0,26364
b539f1e2-09f8-4050-835a-8d39b460d5d8,0,18111
2dd692a5-a60c-443e-8299-af5d03949b60,1,2729
17042665-a8a3-4538-a665-39126634f3dc,0,1653
de5387b9-9d0d-4ab7-9ede-21a425488d0a,0,22721
96af8b25-6005-4833-a0bd-821f87cc84a8,0,14550
87f703a2-45fe-4a6f-a7e6-b58de3428e0d,0,12896
81dca618-553d-4299-a4a0-e64f764bf69f,0,12273
a415726c-28b8-4227-829d-44794a37acfc,0,16106
3f283405-31fa-4865-acbc-0be1e297546d,1,4527
e83ec092-c219-46d0-a1fa-a7538c91ac17,1,23907
5e6e07b3-53be-4896-bb9e-0c35f0fc3409,0,8094
8759fcb4-1a14-4724-959d-235060495181,1,12827
56b95e0b-2f94-4c0b-a94f-a74d0dc91de4,0,7238
fd8770d4-c595-4cfe-965b-9e51bf004dbd,0,26389
78c9b88e-a134-4470-b161-22e4a698206c,1,11228
909e9f56-b018-418b-a650-bf6837b2fec7,0,13895
13e4a88e-245a-491b-9cd7-a8672c98175e,0,1381
39be0109-70d7-4bec-a59e-970da31447b2,1,3897
61d3f6a4-574e-4c98-949f-3078d9204674,0,8488
15c9162f-953a-48e3-a125-f2ab70ca03d5,1,1510
351fe1bb-2966-43a1-9837-fc9664c05266,1,3348
f178cab2-d7e5-49e6-a548-74c08791d2bb,0,24991
b6aa50f1-f06f-4770-8223-1f357d0ec5a4,0,18264
6df00db5-7799-4dcb-81c5-341c24603cc9,0,9977
cf31f348-a20a-45be-b5f5-44dfd84e0864,0,21042
56d45b74-a679-4ca1-bc70-822edcf8a015,1,7253
7bc1d034-2552-4768-9b84-854df85731cb,0,11564
afa95e84-6a86-4203-ad3c-f3adb8aaaa03,1,17460
f296c9bc-cd98-43eb-8490-1c8d742b4985,0,25130
6226b4c2-5a8d-45a2-8a7a-f9b0160c625f,0,8521
554a0ba5-e480-4465-b5cd-ab8267f2713d,0,7067
243d4ffb-6f8d-48d4-aa86-e93dcbb7b238,0,2344
f7a5fd29-dd8d-4f85-8164-69b2e83da35e,0,25693
b38cc4d8-f90d-4052-843b-675a43417c82,1,17907
c6770c34-1c23-4901-aa17-ed26930c9402,0,20028
18229219-aeb9-4687-ad23-29bed791d76e,1,1781
d7daa7db-879a-49ff-b996-942880192c25,0,22011
2f9c1b97-74a7-4781-bad3-c46cc08c69c8,1,2810
63590dff-7b12-4aeb-b747-6f7f7ad23f23,0,8672
bd8facb9-dce0-4048-8249-e6078b28e1b7,1,19080
01a4059c-22f7-4f51-8a27-50aff0b3aeb3,0,69
d25a1e76-56a1-48b4-bc66-6b112f42a200,0,21399
e7aed9f9-264a-40a3-84ab-1ed8b81547df,1,23843
16f07d74-df3a-4436-86bd-31041b0af6c3,1,1640
8f0e79ea-5db6-4a83-9886-c7d58f5f4825,1,13721
00f87de5-5fe0-4921-93ea-914d7e683266,0,43
e2d04f6e-b30d-4454-8200-815b05343f2b,0,23246
8c90c5be-7cb8-4c63-8f2e-2832c9e889d9,0,13423
290ba340-b0c0-44d5-ab13-e0e315504cac,0,2542
4317ccf9-7a79-4ba2-b215-7a7a1d2a3677,0,4977
a8e34a04-dfa8-4ccc-894a-bda5f0542c38,0,16689
5406a077-c57b-4012-b1c8-bc848d1ada0a,0,6923
89aeafbd-37ed-4ff7-a8cf-3e6e5cf803ef,0,13087
8b6f9000-3a4f-4d1d-a47c-df528f9b6be1,0,13300
6bf4ea67-9a7d-4839-beac-b3541ad31826,0,9741
5ebf35c0-4cd3-4d17-b0a7-b2106c63b279,0,8133
6544c049-a898-4268-857f-7e6b9edaf878,0,8909
a11ec1e7-3483-40a5-8635-306eddc95ee0,0,15759
a4a5cd1a-bd42-42e2-89f9-b1617da60a68,1,16168
bf08c2f2-d120-468b-9410-d8bd5c02f2f3,0,19254
6ead3846-afb7-434c-bb07-95419f2d0432,0,10061
c80de4df-088b-4b76-947c-82e5bf359723,0,20213
9b176562-4004-4e23-965f-ae050251378b,1,15080
3811a5a9-14ba-4996-8ea3-752a50665848,0,3679
17007534-3a53-4933-8e85-70a439e2880c,0,1649
d41483f3-c7d6-4793-9699-0f115190cce5,0,21567
760fc611-b3ee-4504-876d-ff864b3b3f88,0,10925
aa73e2f4-ac19-44e9-9798-b44811e04f01,0,16865
b702989f-4c3d-4018-8030-afedea03322c,0,18305
41068199-0620-47cc-b450-c8db8b6e99b5,0,4750
fbe24156-e52a-4d9d-9f9f-4e6adafe670a,0,26190
d2244a81-ca38-4ad6-9ae3-5f7fd7983aa2,0,21370
d9794391-c932-401c-a91c-e7c23d2d9ed9,0,22180
ba614c4f-bb2a-4153-9a46-1927aa826585,0,18694
69220eb7-f35f-4620-9a62-cd5478fc9f99,1,9363
3489804c-d115-4f87-b5c9-301462cdcad4,1,3271
4057d2b2-eb43-41ce-87d5-dfb76470be61,0,4666
8e7267f3-9acb-46f0-afcf-b3143a579a99,0,13646
329bc865-0bae-4268-8eed-32bba16e34dd,0,3049
b9e5b5ab-0f77-418d-bd5b-ecce5da142e8,0,18628
852e6985-34e7-4e40-931d-d639cd87a671,0,12598
ff7b514f-5f0b-442e-8c57-a149fb17434e,0,26619
574f1f6b-df36-4fe0-9e03-243257d21d53,0,7294
53fb3cb4-eef2-4b3e-812f-2cdba5b21791,0,6919
6d92b74d-4fea-418a-8e02-1e430331e99c,0,9932
43d0da27-ce2d-4a1e-a61f-f76c922b7343,0,5047
7ad3c488-a26c-4acf-8f1c-1beedc97acec,0,11453
85c0bd45-268b-4c90-9806-4168046e5005,0,12663
4a2c6a7f-6a4d-4c3a-ab8b-ad83795f136a,0,5792
3f20c5bb-e534-42fe-b3f7-b6c3c4ec01ed,1,4520
407850e1-f541-4f90-98fb-4bc2c7eb3245,0,4682
6809dbcb-6f77-46de-beef-b9bb6fa06224,0,9247
97f5f8ec-93e5-4101-af3d-62371a049e62,0,14704
60228a22-9d7f-4723-a6e4-349e9d17348b,0,8305
fef734db-9599-4df3-83cb-45de251a98d9,0,26543
7d1b94bf-9fb6-4191-bf69-09549b4a3b96,1,11719
9b4ecc3e-5499-4d0f-a218-0dc17aa963e2,1,15110
f7aa6eeb-8643-46b7-83d8-1e216af7785e,0,25696
33d18acf-9ad3-4441-9167-e23bf9a3022f,1,3185
bc41e91e-506d-4ff9-8dba-3fd085f38491,1,18915
8c7fd5ff-a4ec-4b6a-9c32-505cb11c394e,0,13416
c899c10f-4491-420c-bcc3-f51aee3596a4,0,20274
92e7ef95-6b9c-4ced-9c5c-dd916fb46e90,0,14126
79e36d16-3f00-4189-8ccc-9756e04245cf,0,11357
3b4b5587-e5b3-4609-83a7-acf33a0b5803,1,4086
9d4fab12-d3fa-49ea-8285-82b70452b529,0,15316
6b0fa27d-7ca7-4b56-92c7-a389988ec660,0,9626
bdb78a39-ecde-436d-90e7-9254fe934993,0,19105
53ab4b73-fe79-4788-b262-cecfb92b6c5f,0,6877
51bea5cd-bc94-46c1-b5da-b775b0a2d00d,0,6653
a3ae810e-3fb2-4764-9ad8-790cdfd7abe0,0,16060
ba1065ce-267d-422f-aef5-6d04c04402d8,1,18650
d508dfa3-6b86-49a1-816a-38bf8b1befbb,1,21673
b208b6b8-807a-4325-8bb2-790e2e705ec6,0,17745
4fc92d65-52c1-498a-8206-f420eec1a030,0,6438
dbb173f2-a455-49d3-80ef-08013f0a36cc,0,22435
be9b51ee-5b5d-479a-8ae8-af16c56da0b2,0,19204
6b1319bc-6253-47b8-9f36-c694bef288d0,0,9629
4811feff-f912-492c-bbf4-502709dfac6b,0,5556
153c4961-5c28-448a-9dc0-c972ce580671,0,1438
3b266180-6af2-4859-9576-17fd9ab9fff1,1,4064
0b541956-cae5-4e25-b2c6-6aef1ce70173,0,892
94ae3bbb-8079-4a25-bd9b-5aaabfb38948,1,14335
fb4d9ae0-d202-4bca-bca6-fadf2abd746c,0,26115
a7467dcd-acd4-4237-97ce-21061ca2881f,0,16500
d99cb748-c56c-499b-9de7-6e2b097ee0d2,0,22206
b9866e78-1b04-4f5a-9970-c434ef113c73,1,18584
cb742236-df48-4974-adae-7bd649637623,0,20603
eb95bd9c-4352-4a34-8f47-3c57db6998ce,0,24293
b492b982-f9b7-4775-ae62-6e9f1c39cb4f,1,18040
a940e934-a3eb-4e8b-b9da-9406ae993105,0,16734
0803b0fa-c026-40d3-b9b6-43b843d17632,0,546
08769747-d4e5-4532-801d-18e04ff34668,0,590
8acd8910-499e-4698-86fd-f4031de9c2b3,0,13216
aa93c84b-e688-4e5e-a950-78dc063bcabc,0,16878
dceeb019-ae9d-4426-8b42-38aedd4f385d,0,22565
3bb78602-d19d-4418-a505-435e52fbf1ba,0,4129
6c7c3ace-e8b3-462b-a9b1-7aad595fc43a,0,9806
9f5fbcfa-4e19-4fe4-991c-fe385baff790,0,15551
8f8e1dc5-bbc9-40ef-a735-c1f1cf71138a,0,13777
5170a7d4-a119-4471-9f3c-824756bf6644,0,6630
7863d975-f4da-486d-80ec-2bebc5f8b089,0,11169
481ac025-aeb7-4d88-b451-74ec80514625,0,5560
f9c00705-ccbf-4cf0-a1ba-988ea98d9b9e,0,25943
b552662c-3589-41ac-b19d-336d85f91a04,0,18125
087d375c-c266-4069-84dd-4d1d9d906539,0,594
734baa5e-73f6-4a71-bb4f-e1cfd988e04c,0,10610
08e128a5-3d31-45cc-a848-5602123b4ff9,0,633
9ce514cc-ff16-4d36-98c4-8b78f996e81c,0,15275
6f807ac6-073c-400e-b698-a14af89a57c6,0,10169
3fa13d7f-8b18-443d-8dfe-2b098bfec24a,1,4574
d5a15545-d86c-4dc7-9ae4-f4b8df1161ef,0,21751
06df5d57-6f34-43c0-99ad-b9b5f9346cbd,1,409
865707e8-f2c1-47e8-a832-778ca4350c54,0,12724
6166c4b4-4eef-42d9-9b09-593d92af3f83,0,8447
c1fd8229-6d44-4bde-8137-690092433542,0,19467
cd0ca2b5-ec57-41a9-864d-0aab3bf61848,1,20802
3e1c25da-aa39-4bf9-8ee1-71b5a0f4977e,1,4410
d0336647-42c8-4f97-8714-b5adc9748873,0,21148
7d148f67-d6c6-430d-a05d-ccc5544a3986,0,11716
1788f915-4e52-436e-945d-515e7a99d14b,0,1702
3922a7cc-ff8d-4479-893c-b82d86109414,1,3831
3b7bd8bb-27f4-4416-9c4b-d68c4065aa54,1,4108
df8a2385-d66c-46a6-9008-eebd81b0ccec,0,22860
5a509cb4-4e21-4af1-9b18-21679209d962,0,7640
95ea8862-87be-4353-b341-2aa1fee16451,1,14472
b5f01025-fe74-4d81-b38f-44f6e64e7741,0,18190
de12ac43-511a-49fc-a851-cca8953e3e06,0,22690
fe047967-9495-42a5-a25b-b5c22f7724c3,0,26436
4e51da5a-c906-4be8-a1f5-ff90328c9687,0,6265
d404b53e-93e4-4dab-8408-35713b4617f9,0,21561
4dbd6148-ffcc-4348-be53-cb92d74eb905,0,6189
79702301-1ccc-4a54-829d-547a3af5e85a,0,11299
60d168f2-20b8-46ac-b873-4293e0cb5728,1,8378
e7a1e9b2-8a8c-40c9-9d34-d45a31904284,0,23836
71043372-1241-4da3-a470-e0e7585f668c,0,10327
e257131e-342a-472b-b568-ac448f054081,0,23189
d2935419-943b-486b-9ceb-3ecb01342298,0,21427
787fe62b-0e2b-481a-b1f3-2a3f754ba7dd,1,11182
90ec4fa0-4405-4fcd-926c-6323158fded2,0,13925
771bf213-6b2b-4189-bbc1-ed67bcdda83a,0,11036
90e11e95-02e8-4c4c-8729-bf643f9625b4,0,13922
cff0cb80-745c-4499-b14b-052c28d6ebb1,0,21122
7e9f1e53-92d9-4cde-8d53-0a3837711cb3,0,11894
aaf2b2bf-1be7-4247-94d4-d899da6c263c,0,16921
ad587880-a108-4b52-bf4a-28d248bb1539,1,17196
1555c17d-994a-4400-b62b-4b53fc727da3,1,1448
74ead0c4-bddb-4660-8831-210c9c5b8d9e,0,10788
98fb8df9-ffb6-418d-835e-ab46a81b24cf,0,14829
0d9b1901-494b-4b0a-a0a4-8f67273c56a7,1,1111
7aaba35a-c23c-4cac-918e-5b94bec6b827,1,11438
e925f4f9-e253-4805-8662-583382f74280,0,24005
049f7858-3eb5-46a6-a3f9-d19013ea9228,0,231
b0604ee6-5f21-4b14-98ca-3bedaccd4e10,1,17549
149d826e-7078-4b2c-888a-d8811c72caf8,1,1412
7116d812-94cd-495a-814d-b2ccf99de1b2,0,10343
bcbb2132-0a68-4baa-b264-9c9e6567e35b,1,18992
da3a8dab-cbd7-4138-8bfb-bf6f3126f6f3,0,22278
5c643f67-e321-4f90-bcd0-58c4517561a9,1,7869
b1831462-3f47-43e3-847a-e5c7db5cdd90,0,17692
b650a159-6f41-47ce-898a-c949d4182e9d,0,18234
45621540-ab38-4c90-9cfd-f092a802effe,0,5237
06b9ac69-9f45-4e7a-ad7b-802e4425ff64,0,390
4fc9b637-f7b6-455b-a60d-c561ff653b6f,0,6439
c6b81afc-7e59-4ea6-9deb-48aab19896ec,0,20055
62d304ed-50da-409c-ab96-bbb40452017f,0,8606
826a4142-b079-4825-85f7-5fd69292e4cf,1,12327
f4b5f778-32f9-4197-b765-2347e3a4973d,1,25360
a58b8dca-87bc-4461-be69-11acd06067d3,1,16286
292a1c21-012d-4039-b95e-02524e82bce1,1,2547
df755417-896d-41aa-a6fd-b362ab89eb52,0,22852
71ced5fc-e588-4536-b79a-011e99a7e524,0,10440
b489923b-d8be-4e8d-8620-bea0343a2f67,1,18039
180edf81-c77b-415e-a34f-da706c7794c9,0,1773
4a1c93bf-2ea2-4ed8-90b8-b7428951c508,0,5783
18e8b809-d2a0-4749-a4a4-23b1f4881839,1,1869
c21d91c2-1444-4398-a5f7-4044d8e7f75c,1,19485
76395224-8088-45c6-bf15-270c8aaea2c5,0,10944
8c55b222-9d23-4dfe-bddd-a4649cb70c63,0,13398
b15b5ce7-ad31-4506-baac-e6316aaf6cf6,1,17663
fd6f07c3-2d35-4eef-8bf4-544d39357119,0,26374
0d77cf1a-64d4-4f8a-938b-9b838d549090,1,1104
15b28846-3e6f-40d1-b497-cea5abed3766,1,1494
c102bfc2-601d-4275-b986-d928bf170ef9,1,19413
b086dfcf-4704-41a5-bdf7-22139c5d0711,1,17570
5fef0c10-048f-430c-a4c6-4a38fbc4be6a,0,8282
d8cd9b5c-3416-4732-9915-dd3b5b409383,0,22099
47ef2398-3565-4964-905b-3cd2973f7c02,0,5540
ea1a2c78-9e85-41ae-a7b2-19e8b60a752d,0,24106
44c339ba-67bc-493b-921f-77d85ce6383d,0,5158
77c10182-8222-4824-aa46-9afec3d539ca,1,11108
19da7299-3657-4477-b22e-998d550cfed4,0,1955
414aa9f5-4f53-4a2d-bc27-7139f1fc219a,0,4776
5bde97e6-4788-4cd0-866b-bd2afe59e2d0,0,7802
fe518d2d-28a1-42eb-918d-16f7bc6039bb,1,26465
fe3b3a17-4fac-4180-ac77-a53d39f10406,0,26455
b022f325-ae01-4e35-a923-7130529b84f2,0,17523
b3bd974d-ec10-45e4-a9b0-0c72cb969f7e,0,17925
0bb25b91-7683-40c0-a4ac-a4d1d1da6c8f,0,942
eb7b6b57-5df6-4aa1-9d83-bb6c3d893d17,0,24280
4770b15c-5b12-462d-8949-0c59380c02b2,0,5485
a17f7e03-42a6-41d3-82ad-d8a656826936,0,15811
c620e4ba-f027-4937-99d2-438d313ad4aa,0,19994
6d461124-3783-429e-baf3-aa91377b29f4,0,9902
b6bdf7f3-e62e-436b-9d61-4041bf19cf8e,0,18272
71a4ce50-744f-49f2-8e17-6f39946b44f5,0,10423
83e0c51c-af5b-457e-849b-bfdf083782ed,0,12487
4139d848-af6d-4264-84ee-599cece63d48,0,4764
5e608de0-7c4b-4e08-8e20-e03c4e840f3b,0,8089
c32611c5-e546-4021-b244-4a6d0503787c,1,19608
c4b8617c-b160-4224-8ea8-66fb739e50f2,0,19810
5f173c67-3bf1-4df7-9de2-be63a5de9b73,0,8171
4f134c87-47a8-4be1-bc92-56bae055daa6,0,6351
d398a439-a18d-4f05-a2c8-1487e561a47e,0,21519
9779f8e2-a2b0-4673-9ff8-4890bc26bd20,0,14642
2c4bcd57-872e-40a0-97c4-201a98d7cb6f,0,2665
b61e3955-0a8d-4678-9746-b7202fd6d777,1,18209
9d79432c-26d2-4b58-a787-fbf8d3762b73,0,15332
f6527579-0d96-459a-9c36-0b0047308bc6,0,25548
8ace1a2f-7c08-4bc3-88dc-50e2ea032056,1,13218
684c5b32-868b-43c2-9e27-7bf2190c258b,0,9273
6a87f637-edc6-4ba4-99a3-65ad4de67f71,0,9551
6ff55aab-a116-4030-ab02-b018c7eafa6c,0,10215
cab072ec-3242-434f-bb89-cf2afbd65674,0,20516
2cbefce6-6465-479c-ad23-8a4839719cdc,0,2685
41e48e0b-ec03-46c6-92de-93bb44fdd8c1,0,4859
e8ec00ab-611c-4f24-b669-0ae54343a946,0,23976
a5c7ee06-f2bc-4800-9ac9-7a8b93064826,0,16315
6d7d7540-328b-4eb2-8b87-823c9ed18f62,0,9926
48bea347-0966-4b29-af69-52ba98ad70a6,0,5623
1b0b9b81-dc8b-4b22-aaea-1a985009a522,1,1997
d6113dcf-5955-42ff-bcc4-d549637f22d5,0,21793
687fbf95-5c46-4699-8b54-ee8e947226ca,1,9293
e2bb2a0b-2ce6-4a79-ad45-47c6bf4bfa49,0,23238
67ce8121-c2fd-493a-ae78-f256b3c1b0f0,1,9222
b42af133-083e-44d8-8b5e-303dda0a2ba9,0,17986
3fdcd01b-1029-40c9-be8a-a72876d0323b,1,4602
7693498f-03dc-4740-aef0-5dc349aba53f,0,10980
e694ea9c-ac91-4853-8ed9-03167e3d2f04,0,23715
6f964e55-2f17-4361-b6f2-3af8e5d6e55a,1,10178
ef97b154-20bd-49be-b9b7-f7d2ddf3ec42,0,24776
7cc20fb9-c5e8-438e-8729-40637e548968,0,11688
ad7bfead-6c0b-436f-9d0b-92827be703c3,1,17214
6e5571f8-ebf5-41f3-88e3-2e78a6dd5f0f,1,10028
e2ff4938-8485-41f5-b35b-ce6a81a6f93e,0,23268
96763952-3450-4d54-9042-87ad64d6d88f,0,14531
fd45f813-2237-4639-b340-2e1b97737da6,1,26350
938ecad9-47f8-4b3e-a0f9-902f2f65b15b,0,14212
95b0fe6a-81e4-4053-b9e2-d562fa906a83,0,14443
6d56b245-eb64-4175-806a-9a7fb88034f8,0,9909
c5016d7e-b8ba-4cd1-8e5e-c397bc380794,0,19845
ce13294e-e01d-4074-86dc-0dd747226a5c,0,20917
43f84778-782f-4535-82e6-3130bd716ad5,0,5065
e8878593-133c-4a37-ac5b-cffeae93b898,0,23940
939893f7-e2bc-46b9-a64f-1f02beeebf66,0,14218
ae432160-dfe3-4545-8cae-a9f5bae69b71,0,17293
a1496b6c-e2f8-40be-a8bc-a48eb8258b60,0,15783
f43eef3c-d1f8-41c9-b931-f31ee378175b,0,25312
c59292b7-d18c-42c9-baab-33f4f3773cc5,0,19916
8df428dd-9cdc-40a6-89ef-a951cab06cd8,0,13592
3b57df96-2208-4717-9d32-0d54ebbee4fa,1,4093
c5bf2e86-f262-4010-8321-466dac552baa,0,19941
ce011009-c426-4b6a-be7d-f6391493c910,0,20910
4f36fdcd-1887-45b7-805f-2afffc3d10b3,0,6364
e8323241-6935-41d0-a3af-5650efd67fe0,0,23902
4a0ac288-abcc-4e82-9080-c8d921cc35c5,0,5777
cb85b732-7abe-42b6-843e-c6884a619361,1,20611
dafe4318-b7bc-4766-9d29-8d4d6d12e670,0,22352
f11caee0-c053-4839-adb2-4e015e04d1e7,0,24938
b273a85e-eacc-4bee-b534-5ee42cf1300f,1,17799
3b8d4df3-3950-412b-9206-1cbb57c7943e,1,4117
a3104c9f-5b71-4549-bcbd-facfcc5f17ab,0,15990
e5c3b5c2-7f2f-426c-bf4f-ea8862da8dc3,1,23610
4f146c9c-d0f0-41ae-b9df-e0f7a7c75328,1,6353
115d5f48-c01c-485a-8d92-da9529dd428b,0,1292
c2096643-ac3f-4867-880d-63b8370c6ade,1,19475
6ab06145-ec4e-4bde-807a-82d5cf56289b,0,9576
a3ac5fe9-431c-4c10-8691-d0d26e6a0edd,1,16058
5e714740-505b-482c-8894-73694e929506,0,8098
f6cfde90-10de-4584-aed1-2a0ef8238b11,1,25602
dbaa7abd-4d45-4ce6-ac0c-89d961a7f8d2,1,22430
7fe911ee-72a4-47a5-b98f-3662e5ac778e,0,12055
b2753475-d0b2-4dde-8a7b-311e1db27397,1,17800
5b29fbb1-23d2-4385-bd42-49497b14880b,0,7724
d87954c5-4889-4c82-a110-99fe2aabd598,1,22070
73cd5772-d381-4e83-a022-3fab0f78b035,1,10662
60fa29d5-a531-4467-a0d3-a4a744316a62,0,8397
dcba68e6-4f04-409c-a20d-311448813f5c,0,22541
6e73017c-4e3a-499b-a597-4a797bb179de,1,10040
824a82e2-1f0f-4eb0-8012-24d733fbcc86,0,12315
1ffc10a0-40a4-4a34-92b1-d9cab759f444,0,2195
a1ec7a04-716f-4053-acd3-2d84dae9e0da,0,15852
7bc20b3f-a8a4-40bb-afb1-140d80d0a00e,0,11565
e3a2ff46-07e8-41b4-8b23-570b1d303a34,0,23340
6fcc74a3-2249-4f73-b635-b8032192fc26,0,10194
cb6978b4-719b-46d5-a67d-33b97996946d,0,20600
ac4dbb76-f72f-48ef-ab91-bd3fc6dbe5b4,0,17080
c3364315-8f3f-43c5-bf22-4951dd0db4e5,0,19613
60468442-6153-4100-b896-04c6d2b59fad,0,8313
c96584fc-6d79-4c0d-ae59-ddee6436f1e9,1,20366
d288b5f6-f976-4fca-b7a1-b64cb6475d51,0,21422
6698a813-373d-4d2a-9ecb-89ced5d2c1f8,0,9069
94fbf9bd-254b-45a4-a418-b397d59c3417,0,14370
b9fd29b2-1444-49d9-83b9-2716cc2b3e50,1,18637
59f0e3aa-30fa-442d-a92c-4f80ca84f550,0,7594
f0db2967-6ff4-4d56-b697-8440b9cda138,1,24906
f2f7c1f9-726d-4b21-87a2-14331a08615e,0,25174
acb5c720-f741-415c-993c-65855be08ffa,1,17125
7d8ec5e7-56ce-4e3a-99d5-6f5971b0c004,0,11771
6dd8ba92-08ff-40d0-8fd5-715efa62b1f4,0,9968
930d83dd-cd4c-4968-a94e-581903c2cd76,0,14142
7a465d9d-db7f-43a5-9b93-23f1bb6570a2,0,11393
087bcaa5-2477-4111-8390-fa5f2dec4852,1,593
dc1449f4-4f2a-41b4-826f-c8a766719677,0,22472
7ce33a96-4486-449a-bbe6-cd87a0ba9e98,0,11701
78836631-d617-4c1e-a265-c587c93a8e42,0,11187
63cd1490-50d4-4637-b83f-7c4aeba5de55,0,8720
c848c8e3-50ac-4185-8317-e8baecaabc0e,0,20234
b195b765-92b8-405b-80a4-d68a329db93b,0,17701
c9bfd9f3-6044-48cf-a1ed-382adb2ee4e4,1,20407
a3cf5488-9d3f-4bd9-9e6f-9891e1f992fb,0,16069
2bbd1729-f918-4712-bdc7-691240c8636f,0,2642
83219e04-36d6-435a-a51e-62cd90cb6401,0,12399
65720766-d890-459f-9676-000d60f3014b,0,8932
ecb5a45c-314e-478f-946f-ac620738c00b,1,24439
38d37747-f284-4263-8bc2-2ff3f085a1b8,0,3788
38a60ce9-5adc-4875-9fb6-05ea5d44b557,0,3758
abe39f96-f9ee-4539-a408-c7a623c4d778,0,17028
b9e7ae4f-33bb-4a8b-91f8-227ccc992a7e,0,18629
3a2cbb37-3c4d-4fdd-86be-e304ae5b0bcd,1,3948
b6468969-2e9b-4a36-aaa0-2c77b205105e,1,18228
51ede844-da2f-45a4-81c3-8b7f798ba017,0,6679
a48fba50-4c9c-4bc4-873f-98edb36a8e74,0,16159
d19c5673-e716-4a72-bebb-a593b036c99a,0,21308
69ea6479-ba87-4988-8271-996981133a0c,0,9468
70656db6-3c0f-484b-9a6f-9b4312f8d785,0,10260
d3ae9ddf-9d5b-4fec-a36e-26c73acfec41,0,21534
f477573b-b80c-46a3-a803-b545d879475e,0,25340
a2eea84a-9fd7-4c1a-8d0f-95e23c0d659b,0,15966
872d850a-151b-4675-8ebc-975ebe8d4485,0,12809
caec540c-a3b5-4276-b6c6-dfc40c44d34d,0,20539
504747c5-833b-4cf8-9335-0dd6271ea530,0,6510
962241c4-574e-4303-9f9f-b79f64f3a5eb,0,14500
e998bd01-c0df-453e-9d7f-2db5d4e7d699,0,24052
40b0ec17-4b44-470c-b94b-7b2e57ec39c1,0,4715
54a075e0-572a-426f-89dc-00b32a9c5637,0,7002
979721cb-1196-462b-8940-ae6ad1009a1d,0,14661
0cb0f095-c49b-4ed2-b041-deb4f87ab35a,0,1061
499953da-e3be-4698-b134-b74c97678db3,0,5718
f52e95d4-ee6a-4497-a7f5-6fc1887d4976,0,25407
3bb27e30-1940-412b-9b45-7efa9c9a9ce3,0,4127
8d5e12b0-44f7-4dc3-ad34-214c17045a6a,0,13521
993d3a97-033b-4ef6-80e3-cf6982c13607,0,14864
63a65b21-052e-476e-9578-043a80019fdd,0,8711
55bd7c5e-dd47-4c1c-aade-c3d5f39f4166,0,7123
8d11ed1c-a608-47d4-ad04-5d8733c24bdd,0,13493
e8df5a31-b8f3-4f37-a4c2-937dc3018862,0,23971
42980064-dee5-4984-a807-e69f1c04c1bd,0,4933
db243f18-6dff-4398-b20b-b4af742cd7a1,0,22368
518837e6-5dfa-47a6-9556-0260fd34e921,0,6634
742b3d3c-7931-4c37-8157-f883aa834aeb,0,10705
edf131df-e7a8-4816-826b-5b34113856d7,0,24586
18e40369-e039-45bb-a1cd-942e1f5b467c,0,1867
b603f531-3860-406e-9e46-9b1b7ca6449e,0,18198
1e332eeb-da57-4857-8457-b8fc76941749,1,2124
c46bdaeb-ee46-4de7-ae4c-32129df7eccb,0,19770
feb8c6c9-932a-481e-a2a1-3989cd1d3e90,0,26518
406ebb1a-2fee-4f0b-8c42-3a583ec59f7f,0,4681
e0e07486-58ff-4199-b28e-68a86ed2b1b5,0,23022
b4356234-df8c-44f4-b13c-bf2225665686,0,17992
ff135e36-fdf0-415f-a260-883b0af0d091,0,26561
fc63a669-3be5-404c-97f2-0902c10ed218,0,26248
e6d05f66-9b18-48e7-8756-c03e81066405,0,23741
d5f437ea-7585-4f18-bfd3-8e9a2a7aa0ec,0,21781
a7b47ad1-3e16-4401-8fa3-0ea30f1045b1,0,16556
9e930391-155b-4880-887d-00c5e9a0a591,0,15452
e547e075-3f0f-4a88-8af2-d62e7661632b,0,23548
05ac0be8-b56e-4efb-aef7-513cd788e2c3,0,282
7fe04b2d-3883-47b6-9921-c610a308fa9c,0,12049
3768dc07-b49f-4e4d-8233-5dda9692ca68,1,3601
4d51f075-7f8c-4acb-be11-4145d3ce626a,0,6141
d60394b5-1f55-4929-a054-abd1eaa5d088,0,21786
629778e6-9644-45cf-b19f-d926b1e7eb2f,0,8580
eee3497c-fb69-4a48-96e6-c204b0ee9b84,1,24690
c40989b5-ca9d-42ac-a215-99eb4da0d7c5,0,19725
f12d3c41-3520-4a45-8563-e9040089677f,1,24951
b79d126e-d469-4dc1-82e8-b3167e6b52d3,1,18376
d599cb5c-08fa-4366-bdf2-b06d1116cd59,1,21747
b82ca47e-0053-4a1a-9692-1d3a58f52bb3,0,18445
3d413032-b091-4f90-a131-17bc1eeb0647,1,4320
7b2d7682-0c3a-4ce5-aae4-d06a5ab14ba9,1,11493
ab4c4424-5fea-4a20-b4c5-b9c50034ea9c,0,16961
01be392f-a46d-4aef-a57e-9cd1a80dd47e,1,78
79956cb1-e48b-4b95-92f0-c4f41a6bd1f5,1,11323
ba560799-4c34-456a-8968-1e4a0cc98c46,0,18688
28b86891-adae-4c32-9f79-952ab727d1e7,0,2526
0b5fa34f-5c96-4cc5-becc-317acdff3221,1,898
ed9b6f2c-4f02-42d8-8f86-7f272f3c6e01,0,24553
e4548b4a-731d-4f0a-9530-7b19ba43115b,0,23421
f33f9fff-1560-4ee7-8d8e-35de9bf457f2,0,25204
d2551ef6-c18a-43e5-ba44-e1b07e5bc2e8,0,21396
d112ae38-3ba8-45e4-b3ca-19316b3cf787,1,21248
17dc4e24-2228-4cdb-8052-9259a907f9c2,1,1750
71fff4b0-f9a3-49e3-9fc8-17e0c0b3c832,0,10459
371ef146-4a13-4b5f-9d48-7889a12d8ebf,1,3567
2d7ebcff-778b-4090-812e-155096ccb6db,0,2715
a52a6919-e21c-42b2-b5c5-d85716fac78b,0,16248
a1a354cf-9ed1-4a67-8023-cda3f615cbb5,0,15831
05083068-f4df-464a-b669-3c084ee05f1f,1,247
b8b0ed9f-6a49-4edb-8d39-32765e710e75,0,18495
7c3c2830-d863-4804-b172-e5d435e780be,1,11625
60675cd6-0cf6-4ef8-92dc-396b09b1853d,0,8333
f494f699-44ee-4724-8ce8-ac7158417f02,0,25349
4b1252a3-8860-4d93-bc5d-c209f3d6e181,0,5889
73535769-2ac5-4e78-b973-de65071ed338,0,10614
bad052e9-4ac1-4412-87cb-5cb92b55027b,1,18753
7b23e4cf-95d2-4b64-9cdc-c19bcd8bef3a,0,11488
1992fa74-49e1-4bde-bbf0-2799bfc2b7a4,0,1937
d0741000-c3ec-4c40-962b-a1997aa25568,0,21173
6a7238bd-db2b-4a24-92a3-e6fc3ab076d7,0,9536
280bb7b4-408c-46c4-b0e8-a681722421c9,0,2499
c4befbcb-1068-46b9-8995-0131a410963b,0,19813
d54d9912-1e3d-4660-abf0-a0f95caa31c7,0,21703
7a513da3-c4cb-4551-a16e-2b2d6f0c42fa,0,11399
aacdbc1a-465e-4f29-8c4b-995cd8337384,1,16908
f060637b-7115-4889-9277-1f3ea7ab3aee,0,24864
6e79d058-f131-42b2-8968-0a4665d71be5,1,10043
ef379f30-33bd-41ef-86ae-bdb26b3c9977,0,24724
043bf858-b33e-463b-98f5-32c0e75e49b3,0,215
246bf123-5a0d-4a3d-b4b4-6e442f8a830c,0,2355
bdb97b05-a8f7-4cdc-852f-f5398582eeb8,1,19107
5f17bdef-37c1-447c-a41e-43ac2bf464df,0,8172
9f12306f-aeae-4898-b99a-2b15be3e81d7,0,15522
689c8c47-1017-4515-b718-be1162fe746a,0,9305
0135d3e6-15d6-4491-a263-0bac7b7c2b47,0,54
077783a3-b299-441f-aa87-d903d5f042d2,0,491
eaaee470-cf44-4d79-a5f5-4e8b642fc999,0,24186
5e70d50b-1b44-4ae5-8c7f-f66ebda228f0,0,8096
f4d92d38-4a58-45d4-a5a3-dd83772e51bc,0,25381
854315af-23cd-4668-93c5-f6d8b1726333,0,12608
ebbdd65b-fac9-4bca-b3a3-ebfdf73b03a8,0,24312
e474cc30-33cc-42cd-9128-8981512eeeb8,0,23439
5e06a8cc-0349-4d96-a218-a954a1a2cf24,0,8050
5393a822-0a9d-42c6-a5d8-221cb5ac25d3,0,6866
33e4e43b-054b-4537-9cd6-0fe574f7d337,0,3197
389667d4-723e-4d59-9647-668106c276cc,1,3750
bcd8008f-1545-42ef-8f75-b40ecf1aa90a,0,19008
679e2aba-ae04-4a63-8031-c65dcd11a43f,0,9197
9e78b3db-3f5e-43fe-9220-37f0ee31d7b3,0,15440
fdd7ad70-be5f-4927-95ee-e6d4c05c9bdb,0,26412
7fe31bf6-2d46-4db6-a944-3f9f7a43c026,0,12052
582dedfc-19d7-446a-acd3-b8a7081ae664,0,7401
6c7f1aae-7eda-4a03-9b3c-9bfd17ac953c,0,9807
f7410d4f-98bc-4a27-8185-b7c9bea83dc4,0,25644
fc84e604-e8b3-4bfc-87ae-a1ef4ee4a5aa,0,26267
ee4e07ab-4605-47a5-895b-343a6e2308ce,0,24622
cc6ea7fd-a005-4cde-8ccc-bf882d75faf6,0,20719
b62671fb-a758-401b-8c5f-c2b53dfdbd69,0,18216
f2e391e5-32f4-4a08-beab-4178b12525ee,0,25162
3d1af87f-b6ad-408d-bddc-8bd1f27dd890,1,4299
4ea7fd4a-04c4-4c55-ad69-8ce971f9aff5,0,6299
bcaa09e2-c80d-40b6-b3e7-73edd34cf994,1,18982
4a04f5c7-2e72-45d1-8773-495c38e00355,0,5773
141c3013-0cf7-48a4-b15c-c2c5afac3072,0,1390
86c14816-f11b-4663-badd-50b8a6abded9,0,12760
2cd2f674-1018-4f20-a1ee-cf09928696d8,0,2691
25ba8a50-bc9a-4ca8-81c3-9f635f52243b,1,2398
55d5fe58-1dd5-454e-8628-92ef7f2993dc,1,7134
5461b852-ecfc-4ef4-a60d-50c7c275363b,0,6965
76b04844-0e0b-4bd7-af6a-6f1b6756a45c,0,10987
b4ea3ed4-ba8e-4b62-8150-72e39aef9055,0,18072
b0c0a6a2-cbd3-4aae-b488-e871db0b78b7,1,17590
765f5d41-e660-4b45-97ed-0eb22390b720,0,10962
6ca2313e-ff26-430d-aa93-140fca952ab4,0,9822
629df578-2436-419b-9393-8ed83e2bda8a,1,8583
91671d38-4311-4998-85d5-870181df120d,1,13969
f0e0da1c-1f11-4a28-bcce-1509c528715a,0,24908
c8da91b7-af8e-4efa-9df3-0460dfffbfee,0,20306
cc7845d6-6709-44e2-99fe-6d13d0d1d593,0,20725
8b2543f1-89e6-41d2-8ede-ab0f9b797f41,1,13269
cbc26ae2-a82d-4e58-af59-d1f05df9d3f0,0,20646
d905ff48-e747-4195-84a6-79e2fcec8ec7,0,22124
556dc7ff-ece4-4ea9-90e4-fcffc38f5082,0,7087
ab363453-4d09-468b-ac26-99428833fae8,0,16952
4ff92c49-7068-4dc6-8cc5-8e551e7f8db8,1,6465
655c2089-7835-4749-bbcf-283d0531158c,0,8921
638d492d-3d8f-4ee1-b912-9c2896544737,0,8700
4e23d423-3ad6-4916-bfe7-67f60dda1e63,0,6239
029216c8-ea0d-47bb-88fd-bf611cc5d1fc,0,132
70d88928-f775-4ac7-99f0-86d54907b631,0,10309
7123a00d-6551-4af8-ba44-8b6d04ecfd45,0,10351
c8ad32ab-daa1-4ab6-843f-d9bd4fe81400,0,20283
37020e71-a5a3-4672-9ab0-b0da860d0756,0,3553
d85e0414-682b-45c3-a331-ab4624482105,0,22057
9715cbf6-b6ce-49c3-86dd-86ce106b6ce8,0,14603
f3d8b643-0706-4997-8819-92bb95524626,1,25267
fbcf6bcb-5154-445e-93a6-66e7f72af9bb,0,26180
4c26fceb-f1e4-45d3-be43-3141b8cdf614,0,6015
8c79e5d7-7862-4db1-8d88-062abff2e172,1,13411
baba9706-b1fd-4cc6-a271-35694efea9ec,0,18739
967f1858-3edd-4247-a19e-a36510656024,0,14534
3ab3b6ca-609a-4d1b-99b2-571528e637e8,1,4018
b2258e40-0b4d-41f1-8922-d0924c8aa145,0,17757
fe9c2c9d-7028-4091-8b78-8799edc65aaf,0,26505
e7dd36b9-f2e4-40f5-8acd-7544afc8c0b9,0,23863
999e9144-e7f0-4898-903f-dd0d20296c73,0,14913
e9d8099c-f082-4102-a201-d795e12dd56b,0,24083
fc3759df-79a4-41f1-a461-a2d12f09f489,1,26228
0b71e171-37a0-4f7e-827f-c8250180bbf2,0,910
9b5ba14e-8e33-4cc6-a87a-16122f16480b,0,15115
25f20eb8-ca8b-4763-b213-8dcc63df4aed,0,2408
59fa1508-7268-49e9-8b18-1dcb958ed9dc,0,7599
dfbf2061-27d4-452f-80a3-79af6cb529f2,0,22881
8b0cda04-b3df-4c31-93bd-d3801a285327,0,13248
e8485b0f-293d-4ca8-8b71-92db61c8ee3e,0,23909
5ae70f1f-2b80-409e-8347-993f58185f3b,0,7699
c20bbbc0-b770-4199-af48-4c63a48dce6d,0,19477
143b3fc0-c4b4-4e21-8095-7c3fab18c39b,0,1397
a94f400d-d742-49a8-9821-f0028c807a5e,1,16740
d28b9e54-3266-43ba-9edf-3bab8d24d877,0,21423
4206173d-0db2-4f32-80fb-0bd99d5532e1,1,4871
6f09eb03-cfb5-4936-919e-e08cb3b9555d,0,10109
cbece609-fa72-49db-81ba-32d1d7f5c723,0,20663
5b459a1a-9564-4d1a-93cc-4c3d41bbf0f9,0,7736
b8807467-eee2-4442-bcfd-8808f7f5b9a3,0,18476
37cb8cfe-e91d-41d4-96f1-d59a4089dc2d,0,3651
8363d231-9345-4903-9b01-9fc3200792ea,0,12432
342bd0cf-b337-40e9-8512-eb170292e2f2,1,3227
f4c7d67e-1025-46e0-bba5-cee068b8bd6c,1,25371
b5c2a839-4abe-4dd6-91af-f91948e4c470,0,18171
d34b14ec-9bc4-4f71-b720-0ccb3ae58f84,1,21494
364aa43b-3693-4c51-a0d0-78c286262540,0,3474
812a4c40-a555-4691-b98b-cfaaa337b380,0,12190
0bbc209a-2a7a-43cb-8664-d6a337dee4a6,0,948
bdd6e1f0-8bf1-4be7-b9a4-b48d19cb720b,0,19118
6174fe6b-d274-45a9-b720-a79c824beccd,0,8453
d63607bc-42c0-404d-9967-08613efd1fdc,0,21808
56b0cf24-93a5-480f-b295-ec9c6e0ceb3b,0,7230
35705250-dc4c-408b-8caf-237bd857ae52,1,3384
3f7da5a2-f06c-4b3e-9cd0-0aaa3931c286,1,4565
153dc47f-9a10-4cbe-a0eb-8a747cc6d8b8,1,1440
79d2fd30-abad-4848-b9d6-bb30d9269341,0,11347
d63dd0c0-8929-488b-bda2-39df18dbcb5f,0,21814
ff40a703-b1db-48d5-a176-0b50763f9a0a,1,26592
d75b70c6-0082-44fb-82a4-7bc03145580e,0,21960
af335d18-feec-4942-9831-3e25ca20e7e3,1,17414
3efbee9b-0174-45fa-b81c-f0f23397b74b,0,4506
5ed1cd5c-727a-4952-8ac0-52992df725f2,1,8148
accb6393-d91e-4350-bd8d-bd7c0880edff,0,17134
afb87feb-0409-42d0-b5cf-7e6a820f67c0,1,17463
9a2accbb-06fe-4051-9542-2fa5f0c9e261,1,14988
92857e5f-2cef-4b83-b61f-cef8d9a6c593,0,14087
8f0cb84c-a73f-4f77-8ebb-929e961f5585,0,13720
599689b6-acc3-4dcb-8afb-4ebc1980821e,0,7570
80a5e433-c26e-4701-a88b-271467ed3163,0,12143
59f5be9c-ac10-4e11-ba2e-2405568b3af4,0,7595
ebf780fa-3677-4611-a7a1-3b26386564d0,0,24348
8c2b6caa-41cd-45c0-95f0-de71c3e9186b,0,13376
d84123d8-3baf-46fa-b029-8a884e45669d,0,22046
4502ca20-b9ae-4d12-bb0b-5eaa5aea2f34,0,5194
a61b96d1-418a-4841-a26c-0f2ad9e9f1f2,0,16355
7b7709a9-cc53-42f1-ae80-228d31aff18a,0,11522
d80543b8-e679-4d5e-a2bf-889586275a68,0,22024
a09d25c6-bb2b-44de-89f8-09b483898847,0,15692
91d27278-e329-4065-bc04-1e69f9ee2db0,1,14018
a798670c-5fc9-44d3-95db-e46566590784,0,16537
bdc799a8-41b5-49fc-b419-8759349acb8a,0,19115
9a0c5150-0b78-48d1-8bef-35daf1d683b5,0,14973
56bd9bed-4162-43d9-a3f8-dfdacfeb78e9,0,7242
b3207c07-7b40-4208-92e3-156de1fcbbdf,0,17862
c9fcc6cb-f369-441f-a2fa-8b92dc981f93,0,20438
bca964e1-2a1e-4d66-b191-1550430659cb,0,18981
06893030-14ab-456d-a22d-05070773e370,1,364
7a74e2ed-5942-4cbc-b5cb-84a4f5ccf105,0,11418
a9cfed74-19bf-454f-b3a2-32c455a97cc8,1,16800
393af041-d791-44c9-9126-17c47bb099a2,0,3844
c9d49452-c236-4d75-8e2c-aeb52ee4558b,0,20419
329e55d1-2e27-4ffe-95b1-df5f5015aae6,0,3051
0c5036ec-06d1-443c-ae90-779617e10cc7,0,1025
76cee8c3-d2a0-47c8-9755-b65d3c152134,1,11002
58d2ffd9-f5a7-4215-9ca8-3b41536a989a,1,7476
833a38fd-dab6-4dd9-ba53-0f536b86555b,1,12413
bd98ba2e-d265-4167-ba0d-4ec68110d7ee,0,19087
eba4d827-0287-4f03-a387-685b7478a38c,0,24303
297bc9fd-b7bd-4c9b-a46d-9131a3b9ffbb,1,2559
d82ab459-379b-411d-a0f4-59c8df10081b,0,22036
f9fd2573-c775-4711-ac2c-37ae51e5d345,0,25964
9822ebf7-de5c-4132-8d18-894c2d32313c,0,14725
0c1822ea-5a61-4e64-97f7-ec1885d97fc2,0,997
79310bce-abe6-4e7d-a285-2601cfeeca5e,1,11274
9a2a10ba-093b-48a4-a79d-d7e45dc9d29e,0,14987
b0bd53e4-3e11-4583-8021-13d1ad1319b1,0,17589
bdb69d36-f0f3-467e-8d3a-8db2ac1d1308,0,19104
440c1b34-25ea-4f02-a4c5-2b6424e6557e,0,5072
7aef347d-05aa-4c06-8e24-956aa91ace5e,0,11472
9761f63c-3355-4aaa-837c-ea08278632da,0,14633
42538bc0-fae0-4c1f-bdf8-075dd4797d40,0,4900
8f3c3ee3-e0cd-423a-a58f-a9990d5afc2f,0,13745
4fd42d7c-d93f-4b3b-a157-18b77568cb27,0,6443
6222a1ce-4597-4fff-ae9b-269d4c8df5d8,0,8517
b3b86bbd-9cb4-48dd-81a7-5ec38b6d76f9,0,17922
417e52bd-2248-439c-ae7d-671ebecc93dd,0,4809
ddd4df9d-f587-49d1-ae22-163c91f306ee,0,22663
ec4cf99b-0d23-4aa5-abac-3f8ae0257eb9,1,24388
73c48214-24be-4f07-9d5b-f3774de98ddb,0,10657
e060ed9a-8978-41c1-8dba-e55385d906e9,0,22966
83bef258-f056-428b-adc2-2f2d72ed4586,0,12476
a08f8f29-efb4-47e3-9e5f-473c87455dad,0,15681
9a272bf2-3d60-43b8-9334-9010f38da4a0,0,14984
d54e2889-e703-469a-9bea-dd90c34d38a3,0,21704
bc6b8678-8632-4403-bda0-f4ebeaf073c5,0,18941
73c2cc65-9add-4d42-8a5d-3224fdd13e86,0,10656
f9632d11-8abe-4cee-bda5-6586bfb8e8e6,0,25881
a4754f30-e370-43c3-b654-0e5ac306d0a1,0,16149
ef1746b3-1320-431d-a021-6e40a543279a,0,24711
f3b65849-f297-491c-a9fa-3ce25dcfb1d4,0,25254
f5776e96-52ce-4515-88bf-190ab6e0c816,0,25445
d4b45f09-0fa3-49b7-8c6b-4367614d8bc4,0,21638
08ac2f29-e8b4-484e-9394-806ef7bee8ea,0,615
f57af871-f713-436b-85b3-58e686c685f2,1,25448
499d40ec-e646-4e4b-a864-a95f47b10413,0,5721
e7272f11-fe2c-42e5-b705-b13b1b90e8c5,0,23784
5c26b94b-78f6-49ff-95a7-a2e4fce83778,1,7834
6935efd0-e78e-4a8a-ada3-9bf8f4cc15eb,0,9374
327573f4-41c7-471b-b613-50dbb86a02da,1,3029
6bdeb23a-a3ac-4490-a2ab-2857180671e1,0,9730
c3d0505a-4e8e-42d7-b3d7-f9ab077465ec,0,19698
9b2fcd3b-de08-4d0d-8c40-34bb94804307,0,15096
538cd8cd-af6e-4a44-ba63-fc8dc0da0678,0,6863
62b8400b-e127-4874-984f-e34e08152af0,1,8593
d6b4db74-32ef-41c1-a949-f18dbafaa40b,0,21866
d9b76cc0-f23b-4a92-8cba-08627b829b87,0,22218
dc12b302-3b84-449d-9c00-3d00ee2231a0,0,22469
5d21cecc-051e-4ac9-aaf3-12394e3ad6ae,0,7945
6dbef7ef-ff8a-4ac5-9f82-8df9afaf9709,0,9949
8aad5e6f-9fa5-489d-a13d-96afe7275ada,0,13203
d1743042-acd7-48f8-b03c-7a6515ada9f8,0,21290
6186e217-86ef-4140-8b7f-ae056a4eaf3b,0,8460
e6dc5d04-2f76-425f-99d7-cae3aa095122,1,23747
0c58209f-4484-4be8-a687-c8a1419aefcb,0,1028
4e3127db-cddc-4559-ab99-211baf0ec9e5,0,6251
9ba89f9b-58fa-4fab-a427-38c0a718be6a,0,15144
6bd0ab39-ea0b-443b-add0-511d8b4028dd,0,9719
0587782c-ac6b-4ae1-8ffb-ce894d09f75e,1,278
1e091e21-abd1-48f4-b6f2-3e07ed47b247,0,2121
86d88303-5909-4655-81db-e4d62fdc5e33,0,12768
6f37008d-c8a4-45b0-a1cd-7b215df62cfc,1,10130
4d56129b-5c52-4e12-93fd-836a88f7e30a,0,6143
40e6af90-c12c-4791-a8a7-b2fdad566ed3,0,4734
fbb70ec7-443b-4261-8c5a-44d3ffd9bb9e,0,26163
a46883c1-47d2-4315-9455-2bf6f9195862,0,16140
3168b733-12d4-475e-8789-8c8b230743c4,0,2903
935f4fd2-337a-4a58-9004-2c56af697428,0,14186
92bb404a-2703-4288-ba3b-81f4d60be155,0,14109
d1ed633c-7dac-40fe-8f79-1c3b68f2f006,0,21345
5b684669-0ee0-44ff-851b-e2f6146c7e30,1,7752
cab1fcd3-7e67-4928-8612-80bae540ca2c,0,20518
f2d1a06c-2475-4d1c-b41d-849b8fe1f77f,0,25155
a9728e19-ced8-45a7-adfd-e884203aa437,0,16762
8cb43627-016f-4e6c-958c-d3f341a1b82f,0,13440
cb34d267-4d0f-4f5f-a5c1-dbb4c3716862,0,20578
3be6cdab-6c53-43c9-ac23-901a8dbd281e,1,4157
a4b449be-8c92-4191-aa74-cce130365f0e,1,16179
810e8bdb-2544-4c42-9504-a2301bd27c4c,0,12181
3d57f7e9-b198-4478-84c4-063bea92b00e,1,4328
8baa988a-3db3-4abb-8824-5532a4a020da,1,13327
f6484a63-db0b-4171-810f-ad895c44dbe3,0,25542
19add6b5-7856-415a-9a44-e2bfda767339,1,1947
b5712cbd-9eda-4221-be93-522919a0ec70,0,18141
3f774e0d-f367-4fa2-98cc-82845d21d5f6,1,4559
d7545025-6654-4cc3-83d1-99a34476c72a,1,21954
74caf10f-fd15-40ea-86bd-a550401638fe,0,10775
01d4fa0f-97a0-4522-b0d8-134400db2a3e,1,88
199a835e-3ce7-4efe-acd1-a9455726486b,0,1939
3a037b3d-5100-4ba1-bbb4-eb9c22d9e572,1,3927
1759bf0e-9195-41ac-9e82-85bf69c5c1b2,0,1686
5f016f29-19c6-4895-905b-354bae107073,1,8159
a5122049-489e-4c01-b8f3-2de734058d2a,0,16231
718d6d9e-aa8e-46bf-8b5d-1e42e6f398bf,1,10405
8bcb8037-5e16-4f00-9f99-49fac14e4cb2,0,13338
9d5cbfe6-4af0-4c43-8c62-c0482b7600a2,0,15322
50d2c928-9230-40ee-83d9-8bc448f9c72f,0,6567
9a37154f-8be8-47c0-ad75-4db73f30930d,0,14995
5fe48afd-ee8e-4b82-9ca9-a766a0fb0924,0,8275
a9a248f5-833d-4ed0-945d-b242b4095ec7,0,16784
6e0e18b6-462f-46e8-bded-d39b628ac13d,0,9996
8efbb238-7adc-45d7-84a8-e59fd89f89c0,0,13711
5bd7d068-258b-4082-8940-10b73e2f6060,0,7798
5a2f8c86-f21d-4815-98a3-1bb5fa6d9f44,0,7625
e15aeca6-1ab9-477d-8b29-8a4736caa8ea,0,23079
930cd8a6-dc7e-4b4b-9da7-7809408752ca,0,14141
1b52079c-b9ef-42d3-9e9a-17aea3bc6031,0,2011
56f30010-17c8-412a-8508-78dcb8879221,0,7267
0092d9c5-26b6-4e66-b196-49b2224ab8d1,0,29
eb867723-c976-423b-b56d-5d802bc2f04f,1,24287
8e9b628f-2e78-4ec1-91ee-3a8e65357ea9,0,13661
ec2197ff-18b8-4eab-b61b-a855876d98fa,0,24365
97bf3573-c8c6-4f4b-98e5-95f3e30e5a37,0,14681
90440659-a140-451d-9ddb-2908d4408c93,0,13859
f40ba5da-1ef0-49d4-bb19-492892b41704,1,25292
48ec3f92-0ffb-4501-b389-86c9084134c0,0,5648
4c084eeb-9714-4b3f-86bb-0b7f0fba26c0,0,6005
d7442200-deb2-4b6a-88dc-2a5e2180dedc,0,21950
44a1a8df-9257-43ee-a174-b98ef5d2277b,0,5138
b8d59c51-b976-47de-870a-5e3917994d82,0,18509
39592532-8042-47e7-9c94-c3731ab6a40c,0,3856
3a5327d8-8830-4ae2-bd6b-293f5aa42d4b,0,3973
d92346d5-2e75-4be3-8566-debe05c10705,0,22135
6fc714df-ff99-419a-9ca6-ab44ee796f13,0,10192
191782c0-7007-44a3-a774-31524e20111d,0,1888
a99f94d2-7fd6-49d8-b960-9aef75141f67,0,16780
e50a07f7-47f4-4a25-8d45-a2f1d66a2aaa,1,23513
ebe2429a-17e6-4dca-8af4-1129b0eca9b5,0,24339
b6240c8d-d875-428f-b45b-13f06f0ed821,0,18213
a6b939a7-1734-425c-a4a5-0ad0422cb932,0,16434
6c1340a8-cf5d-42b2-88e8-cdf280f16458,0,9755
cc34a2b5-49a2-4f24-9d17-555c88973e2f,0,20695
79f3d786-46c4-497f-a10a-f07eb7dfa209,0,11364
f99c02a3-1731-4d3b-80c2-fc0cf713787e,1,25914
c5004655-33a8-4cce-ba2f-c857be1b9d98,0,19844
37296532-0632-40c6-ba5c-377e4d12cacd,1,3573
7e722f23-4ffe-4448-96d2-a219b56d47ce,0,11870
b8457218-2bce-4aff-9a16-0a1c1ff1976a,0,18455
f694c8f4-978d-484d-be6f-e201c64a0206,0,25574
6bf9093d-e289-4f0e-815d-1acbc206f6ce,0,9745
45f5be4c-3a09-42e2-a9aa-beaa6ec22039,0,5302
5c71c9c5-9ec5-4db9-be98-32f960fb02eb,1,7879
903ba9bb-19b3-4906-9a91-cc5825b7b375,0,13853
6bde463a-d52c-4730-9833-091fc1fef528,0,9729
e4aa4784-5c72-46be-bede-aaa85f35adaa,0,23460
e5f7c927-8d00-4284-b73b-8b1904f0977c,0,23636
8ab8dfdb-1afe-4e18-8a75-e6ac7ebc3fae,0,13210
a4fcc47d-f7aa-485e-b6c2-359f1341a9fc,0,16224
b41d3296-4a37-4756-8a90-acb2e47d12b9,0,17977
79319bc4-8e67-469b-8b9c-5ddfb2444749,1,11275
fd3d5191-b17d-46ec-90f3-05cf72e62c14,0,26344
ef358d99-2e71-4472-b490-d869b53dbd9e,0,24723
6b06e3c3-837b-467a-95b1-37c1e5481e33,0,9618
0b8f8765-0406-447c-b873-7ac5ce8884aa,1,926
0949dfc4-7613-432c-8d16-4cf0aa5b15bb,0,681
4b9dced6-3164-4811-bf8c-242400da9ac4,0,5962
020380f8-5c5a-4ded-bdf3-9ce3036945b4,1,107
a8fc77b2-a30c-4360-b716-74bb97685c58,0,16704
6cafc676-7e2f-402b-b713-f80e2fe91796,0,9833
d6e30674-9871-4669-8c71-d68da3d849a2,0,21886
94399962-8f89-4dfa-a93f-7a3df88feca5,1,14281
798cc681-1bc3-4421-a2a3-eb6712925d7e,0,11318
48b519ae-d438-482c-8d31-f1a91055e8e1,0,5620
2b4c09a2-c8d7-4773-84e3-f1aa664fba9a,1,2626
cb1a88e9-adb8-4b36-920e-5cf04699021e,0,20564
f7da7393-47e2-48f7-b876-a7e42d58582b,0,25719
60a47ebe-6e62-4691-85cc-d45a27aaacc9,1,8357
9921efe9-3266-4b3c-9d2a-393ae0bde041,0,14847
081a1f56-6c47-4b80-988a-3d357c977d65,1,554
6c8b04c6-2a65-4c64-bae0-7c8417232ac4,0,9816
4b4dc3cd-331b-4318-8bee-e1506fbf9513,0,5921
2cf0e85e-a6d7-4c20-a338-0a798d9a136c,0,2696
dca2cc82-1f80-4148-a5cc-952622cd5b50,0,22531
f8698897-e9e6-4bd0-99f9-b5bac7641998,0,25771
fbb3b33c-0ce2-488c-b787-05b31358d66e,0,26161
a1ba8ac4-4013-4fd4-983b-f7ee58da30a5,0,15837
e05fa19d-304c-465b-922e-d13903100761,0,22964
d0497fdd-2dae-46a8-bab5-d00743a7271f,0,21160
39d69ac2-14d7-4659-af55-125893812ad8,1,3909
e7fabcf3-9ef4-4114-a868-cc2b8839b291,0,23876
b95e1665-c2fc-4547-97d8-4ba8fb1807c7,0,18570
c134a5f0-871a-42f7-b1f9-77b78516c0ea,0,19431
06327569-4e4f-4fdc-a116-db367c079669,1,338
50bc9ee4-8a31-4a58-81ae-2bc960b50304,0,6557
c22ff5d5-27de-4916-8564-3faa3cc50088,0,19494
8720b8ed-935f-4071-9bb0-a48ba23319a2,0,12801
fffba05a-1635-4545-9bbd-57ad4cfe8d27,0,26680
51cf857c-0455-4890-a067-a97875f7dd26,0,6660
83fa70a8-a58d-47d3-a95a-633f035d14b3,0,12501
7e106e4d-e62b-4b24-b163-7a80086b2afc,0,11822
68644ae1-22cf-4237-b7af-85d66df34672,0,9283
d6c85c36-7611-4403-b5e2-2328d8aecd10,0,21872
a8360104-de31-4d65-9a86-33bf4dc01ada,0,16603
8177f0b5-f3ef-407e-a989-e7979b16e33d,0,12219
54439b0a-2842-4070-abc5-716f9f341787,0,6952
0c3b0389-1cd7-4352-ad3d-2be8bc95ba56,0,1017
c9cfd392-ad64-4f7e-be1f-636772181745,0,20416
a66af581-f38c-4bbd-98ab-264d0431ed5e,0,16385
e905c80c-8208-4e4d-8282-a73a573f39fd,0,23983
804618f5-47f7-486f-a9d9-9da332ab8761,0,12100
10663fbe-86aa-4bf4-afdc-c234605457f4,0,1255
df960a65-b2d6-4d7c-9bf9-cb0fe56d526e,0,22866
7764c030-6b66-46a7-8768-1ea7ae381015,0,11074
c701d313-e9bb-4e88-a67c-51363236f30c,0,20080
af91666b-2786-4f08-9acc-5cbce2e1b460,0,17451
ab6d8833-6583-43d2-8220-471ace40b569,0,16974
5ddf194a-9266-4248-90a2-ddf0573aa569,1,8037
4b3ad8a6-b188-4455-817e-8c9fb7429ec5,0,5908
99cb2b2f-2a68-428e-9edb-937d2c7ae813,0,14936
e57b484a-0757-465f-a136-736200c1a2d8,0,23579
1b874f35-21ac-4e21-a292-c96165ad870b,1,2022
a45144cc-309b-4e88-a6e3-ca108cefcc3e,0,16134
cbbd4c12-de6e-4bf4-b782-0b46ca63d645,1,20641
f9bb71fc-fec8-4faf-8c59-2e5391e6327c,0,25938
76d8c0da-a8cb-4f29-80a4-b5d7cb98f4eb,0,11009
4c30daee-6594-485e-a539-a1bf6c497e14,0,6021
6961f4d4-addd-45a7-9053-2e8959fa4562,0,9396
bdc61d06-50cb-4f97-914e-eba06a7f6552,1,19114
7a58d08a-565b-4abb-a328-cb8b83391415,1,11402
d0355bf2-d14f-4686-9551-daf0f05e036e,0,21150
5857813a-743d-42ba-aefd-1abfa9b57aa9,0,7420
480fff32-f6b5-4e2a-b650-57a7db5a41a1,0,5555
9f9e35d3-2032-489f-8729-474a160fa176,1,15586
b84112a1-ffcd-4897-baa1-652f4e460287,1,18452
b0e900dd-5c9c-4764-a429-3f18f056b4a1,1,17605
baf1e20d-710c-4a0f-848d-50039157426e,0,18771
d3a84ba6-c795-48d0-87af-87b2f0b63c36,0,21529
b7e7c35c-3253-42d6-807c-7ad291074368,0,18405
13b42b81-7e2f-436f-9dd7-63ec96eccb6e,0,1377
71288d89-37e7-4b51-b03b-fe64a3d9797d,0,10355
4c3ea79c-df15-44ac-a6c1-2ab834f7f7d2,0,6027
9280ca7a-4bc1-478a-90a8-09d87079f944,0,14085
c8111e21-a740-44c9-812a-a5f9982814c8,0,20214
7d642b47-1b85-4378-884a-6ad043173585,0,11755
f6ba1426-6cf9-42a8-ab35-ab0dcead78e2,0,25591
17c588e7-bf2e-4a0f-a766-1455b6e80931,0,1735
43474085-8dcd-4d13-9aa7-949f08e5e73f,0,4994
c28a09eb-b266-4625-b6d0-74f6003b7fc5,0,19536
e7c9e5dc-62bc-4ace-a01f-06796c6ec9a2,0,23858
edf791c3-ee21-4a97-b8d0-6d4b2053e640,0,24589
a925ec9f-c9ea-4e9d-90d5-185d15a3a73f,0,16720
39d5e1bf-8092-4bc7-af98-f2a5dcd4c39d,0,3906
2e8dae63-1cbd-4361-bb5d-3baba942bbc2,0,2761
6dc64ab6-caca-4a31-bf68-7fb5955a3f0e,0,9953
f3a19c20-4fc9-4c5a-b9bb-26baff924c6a,0,25242
960c2843-0cc6-43ef-bf6e-c84d33b8f4e2,0,14488
7fc19f9d-a178-43d6-a63b-7706eb334147,0,12041
c3811c24-35d4-43cb-bdbc-44f672650dfa,0,19652
90bef85d-07ec-4608-a721-833edbecad71,0,13907
89d67820-5212-4657-b891-0859868d0097,0,13110
0638709c-d31d-4a59-a9e4-fc408ae36145,1,342
b8fd583c-2159-494a-bed3-88a3c0370efa,1,18525
c8297433-13c9-4a56-abe9-a9a201f8e455,0,20225
ed1b89c8-cba0-4c9b-8a95-c5e8af62049a,0,24488
878227c2-2982-4efc-a5c4-80fd2995d17a,0,12850
4780fbaa-80b4-484d-bb07-fba2d241e342,0,5497
378cab1a-12c4-4b24-a4f0-35f1d8eb8edc,0,3616
9ff19b9b-bd0e-450a-a240-8ddf12bd5a92,0,15626
8b18b1b0-5e4d-4cff-af99-937d3a31416a,0,13258
9c91bfa8-de93-47b5-bda2-31e7cd643f54,0,15245
3c802c6f-8d58-4087-aa01-eaea934368b8,0,4228
c3d5552f-483e-4ae0-a40c-0ca9ea34bc00,1,19700
c46329fa-c464-4bf4-b60a-3e2796c97357,0,19767
7f3c2906-55ce-467c-bf83-5829b83c57cc,0,11965
a5282327-a8ac-41c1-b4fa-f6a5db60d992,1,16246
f8bd3b85-13cb-4742-a3e4-3c780d6f0cb2,0,25811
51d9937a-d49a-4dac-a3cf-c1b864c739f4,0,6666
46e5e19b-ef7b-4b93-bae5-e95a1bc1cd91,0,5423
8ec295ea-f118-4ab3-b40c-babebab18480,0,13682
a9dbe0c0-3f75-4917-b44a-928692f5add0,0,16805
fab18a7a-9b10-40a8-a2c3-e6f6644de5d6,0,26050
082fb468-30f1-43c1-ac04-62d16fdd883b,1,563
d639e1f9-5b7b-42d3-8a46-1c5eeaa7f4ac,0,21812
9c741b73-8143-4db5-9a29-d311e151d426,0,15234
4bda7434-e507-4acf-9467-1fc33f457877,0,5989
e06a973d-844c-4799-923a-9ab7215fe5bc,1,22970
bd3e9f4d-d4dd-4550-ad5c-a48bd452a2a7,1,19048
2a5752c7-6f90-4c5f-a5bd-9dd7736097ef,0,2595
697ba0dd-6546-43b5-bfe6-f331fb96e0fe,1,9411
35a3198f-d764-4c5e-bed4-87ccd6c1e87a,0,3405
69b2c759-0002-4940-8bfc-03ea0f2477f1,0,9443
70a5da55-11c3-428d-b307-1a4bfe0124f7,0,10286
39dfde4f-439d-4f30-b38b-efb0c159924a,0,3913
b04f96a2-e122-43e7-93d6-f82ca84f6706,1,17538
45ddbd0e-006a-41c0-a32a-62a4cbeb2a13,0,5290
3dae24d1-bf9f-468b-9cfd-4fb768b8eb53,0,4363
5ce8fef4-4989-4be5-a28e-37aaa6430e5e,0,7919
3a483825-5dc2-4318-b0a6-7378f155df2c,1,3966
125a6b00-d20c-413e-b5fb-3728fcfce39f,1,1327
1414c7d6-dff3-453c-8322-b25bb5899d78,1,1389
f8aea454-db83-4024-ac88-400a1cc955e3,0,25806
53872ba6-efa0-456f-80bd-bdb4ed66fc59,1,6858
d61c99d9-66b6-4f9b-9533-416184b4d0b0,0,21800
8c2aa2bb-ac88-4f14-a322-72d7e23749e8,1,13375
90aa3081-8d34-44aa-ba3a-66704c074807,0,13898
d2246688-c368-4fef-829a-628eae9dfcd1,0,21371
d926a5e6-012c-4a22-b961-4e2e547f3fca,0,22139
f2baba6a-09c0-4d2d-b2a4-947f02132b9b,0,25149
4f81a1d0-73de-4203-aa75-b324441e9fca,0,6403
81a1c5e3-1757-4e26-9b57-4e47e2383456,0,12237
bab8b192-29be-46de-867c-64c2c0c66b7c,0,18737
f668f678-55e8-4f1c-b225-81592b0897d5,0,25558
ea5f9e4f-2005-4588-9c2c-39ef89731993,0,24146
b5744059-ed7f-4d37-be1d-293a62518c1d,0,18146
90bbc419-c174-4e43-aaa0-5af812084e3f,0,13905
4b1e649e-9d73-4aaa-b545-8ba3f53ba45e,0,5895
6f07a0db-7444-4f4e-ba00-095419550e7d,0,10107
31764d54-ea3b-434f-bae2-8c579ed13799,1,2914
7798d157-4dbf-402c-8b93-d3b97cb29d64,1,11093
55d5a0b4-ff06-4c41-8aee-d3d49febd027,1,7133
d65c482b-8d6e-48e7-aed4-98afb9033943,0,21828
68273c6b-603d-4d1d-b122-8b30d3a15d3a,0,9261
d4b8eb6a-ebf1-4752-b5a6-4737c5890061,0,21642
fc4d3a9c-ca9e-400f-a849-2513379b324f,0,26239
44ec9790-ae4a-4a9d-ae70-36fef1cefbfc,0,5181
758dac04-0896-4df8-8b96-dc14c42ea547,0,10867
c7215e8b-1a56-4d3f-910f-fb187ec0e672,0,20091
dd4ec674-ab56-4df2-9131-6cc5a2de3629,0,22600
0a8db596-9ef7-4b6c-a5db-7bb6029d0b9d,0,816
7ff0c9a1-b2c3-4975-a300-1250bf73305a,0,12058
5e90b67f-f3b9-4a3a-a92f-cf3808432f64,0,8112
32a9a619-a589-47b7-8eeb-7f341cd4e0d4,1,3058
41451629-06df-4c86-b93a-e9f419b9e325,0,4773
9f7fbca0-6111-4cd7-996b-764f751f00c1,0,15570
f9f6d4d7-a07d-4856-81a2-5674ba0fc0b8,0,25962
1d247b6c-0687-40bf-839e-fd30e01c585d,1,2092
39979ed5-0595-44fc-abe2-48e4a9888bc5,0,3878
02c7fec6-46d9-480a-9ccc-edccfbbb44ab,0,143
318e85db-87f3-4e64-ba11-b84326df8cbd,0,2926
4fbbb79d-53cb-4e96-b894-a535623316fc,0,6430
9173958b-6d82-4a00-8acc-60f1d27ca667,0,13980
ee48da1b-9ce9-4f57-90eb-5c131c285e84,1,24620
425ae725-ab61-4548-8480-c10f70b42092,0,4904
a6af588f-2947-40c0-a084-54d7760199fa,0,16426
c564f7d2-e018-4a58-b914-0ac5912e7a4a,0,19889
e4cd65ae-65de-44fc-a6b2-ebbc46d2e8d8,0,23476
542c608d-0737-4def-9b71-f01054dec8bd,0,6941
1f45c8c0-4475-45e9-85e5-0cf139d0572b,1,2164
5cdfd088-5bfe-4f37-a5cc-765a54c8e2c6,0,7912
eeb9d6d1-695b-4fee-8884-4847a28c337b,0,24670
60d9a224-16b8-49ea-adab-ace0359c257b,0,8383
7245635f-de15-4117-9069-e39743d9da2f,0,10493
8b2a0124-b7e2-4f8d-bc4d-5f954574856c,0,13271
a5a2a588-42be-4a12-bad2-80e8a71f80ff,0,16299
afe8e940-8718-4fbe-b852-fd462a7c3274,1,17483
c7b4e202-d634-49e8-ba7c-13292ab4db66,0,20162
39ced0d0-246c-430d-9bea-efc60bfa487c,1,3905
c9169895-7dc6-4d2d-9cef-9630969cef41,0,20333
fcbaa64a-0e89-4216-8edc-b6f0881c6a55,0,26293
a3d30007-2d62-4c16-afbe-8ad3766978b9,0,16072
989149b3-7b38-4ffe-b996-244dbeaafe4d,0,14768
15884ec8-c8d3-471b-a234-059591200be1,1,1476
dd220856-6ba1-4319-8ce6-37e8238a02cf,0,22582
3721db11-ec23-4e08-8432-d82fe3efb754,0,3568
18832ae7-6e31-4667-8eb5-3eddf5ab6d8e,1,1829
71717f82-c96f-491d-84aa-7fe0eaa477bc,0,10391
9ddfb79a-c732-42c9-98c4-85539f9cc0b8,0,15371
c3be2500-5435-41e3-ad66-1a6d65725b16,0,19686
4e1d5eb9-b186-4511-b4d6-709b31ff9469,0,6238
78221b16-5fd9-4a99-a966-56b693c2e5d7,1,11145
c36d4722-8751-4593-b04e-36b5c86055db,0,19638
8e7aef49-7ff6-41bf-a834-699744c8e530,0,13650
797eafe0-2b9a-463f-ab2f-446fc39384e1,1,11310
190900eb-b076-49cf-85a2-7bc41571e5aa,0,1880
6539a9d9-0308-4ec8-88c3-bb494402a92f,0,8905
3c4a89ed-4338-4410-8848-a0bf226f6e21,1,4202
15737cc0-fd06-4a89-9ce6-8b95bf0d6033,0,1466
6518f095-9599-4dcb-bbba-5cc260babfef,0,8881
a4d5f354-2ea3-4a51-a03d-40d2a94f7780,0,16200
db1d0350-1fe5-496b-bfca-f58b60546d0b,0,22365
05d3b194-78bb-4fe9-aa1c-0f1d76e5641d,0,300
d9fc48eb-9f51-4a78-b132-3532f4aa05f7,1,22253
4f515c3c-c42a-4523-859e-1280eaf9e4a7,0,6377
485c7e13-e958-458a-9af1-1b4f0f0e11f8,0,5592
8a56a448-1214-4d0d-a6b2-d5e285d8742f,0,13164
e5b0faed-c2b1-4bf0-ab02-8243f1aaa228,0,23603
22cc0373-ff46-4c3c-847f-e9bd2afed4f5,0,2279
d48a9b1d-3a60-4506-bf86-4192997d343b,0,21614
4240c194-667f-498b-989f-ae7bd19e68a0,1,4891
224a054f-8497-4e62-b4fe-b7829c62879e,0,2262
ab6619ee-546c-4245-be8d-6e0eece3581a,1,16971
3e57de1e-65ba-4648-a948-d952f484b05c,0,4435
b057c325-eb7b-498f-9aa7-92b599ec36cd,0,17544
e076d85a-34dc-49a7-a873-4f8d5a9c8534,0,22976
17c749dc-e97a-4c5c-b4f4-c68b135a1a64,1,1737
743ceb61-dda7-4449-be5b-a87013edb394,0,10715
c235ad8f-77b4-4664-8686-1306da7b8857,0,19496
1140291d-847e-4806-8a10-d0398888716f,0,1288
fa545d15-c639-42d9-a12d-b1f2c3a614a2,0,26006
12b8f793-1aad-426a-b116-5508be9b41a3,0,1339
cec44f58-1e4d-4efa-bc9d-2ee7320a1e16,0,20992
5f8e292d-940e-4f3a-9c5a-fda8338cdf84,0,8231
c244f974-2859-4a60-910b-29061d94252b,0,19505
f9b19de5-902b-4896-82c6-a3dd5b8cb267,0,25930
209d215c-aebc-4138-8c99-6eb4ce59ddda,0,2218
fe6fcede-1279-4936-af17-acde0f465330,0,26477
f2c99cd5-cbd9-484a-82c2-538696fa186f,0,25152
d4665627-1e31-49c2-a447-ad8182197654,0,21598
b56e253f-df19-4485-928b-d3b3f66d6c47,1,18140
7c1f9c46-0125-4590-aa9a-700c89f634f8,0,11614
503f7ddd-d9b7-495e-bf61-9ebd867607a4,0,6508
a573d943-6e6a-432c-bb67-ee675daf4b38,0,16278
ab63d180-48e5-4a46-8915-ab78d5a79bc3,0,16968
e7f67f50-2929-431f-a9fc-adc24518a87a,1,23875
c56f901f-4876-4a9b-8630-58d8ea4b7f21,0,19898
33736c23-6fd3-414e-b35d-f98b95cf01e6,0,3143
33c24f1e-7526-4d84-a057-facdc540f22b,1,3177
c5a4c5d2-2266-49df-99fa-aff2eec26a53,0,19925
414e4ca5-583d-4518-9e9a-de70d68dc8af,1,4780
9a5ebaf8-f562-456f-a1fa-e485ee712790,1,15007
7ebe2430-3932-4c0e-882c-7e72b290ba76,0,11908
cd70a898-0d26-4a46-9949-5dd6ea3993ff,0,20843
dfed644c-9548-465a-b962-78ead3498f38,1,22898
d656b7a1-1ba1-4ee8-ac6a-71fb8e610548,0,21825
d727db91-5f22-424f-8f18-3f8c7de40869,1,21930
3e80d53f-1b03-4a12-ab50-6b86c49e8837,0,4452
87fc53e8-012a-48a9-8901-199587a01ba8,0,12899
a78b36a9-e5c3-4e76-b65b-bb22f450c4f3,0,16534
47925813-7387-41b6-b00d-7c365b836bce,0,5501
4815cce8-5790-4c0d-9b3e-54a51a14de68,0,5559
c9a6d04a-89ee-42dd-8837-9ae4e58dde35,0,20392
2118026e-ed2f-4d1e-baa2-0e9e1004f72c,0,2228
4de71e08-58a2-4780-bf0f-24cd2ffaa6b2,1,6208
ad5f46af-9007-417b-bbd4-79e3d1672301,0,17200
f46cc156-2f2c-429c-a595-3cd0b157cd0e,0,25334
ae0cf0fc-7856-4d95-99b6-f2fd77c753f3,0,17274
e65e2157-c879-4aad-9398-628b4f869eb1,0,23688
1caa138f-f729-4693-9693-74b14cbb0d50,0,2067
eae2ac78-a276-48a5-8d15-1d2c89f10ea4,0,24208
9683c5bf-fd40-4716-b7a2-1927b1f13319,1,14540
60987fd5-7434-4345-876e-365c8338ce75,0,8351
a595fe39-ce96-43dd-ac73-89d49124b966,1,16289
0620afa3-b2ea-442e-9e4f-c854086ca763,1,333
811411e8-31da-4df5-9244-dd888c6af020,1,12183
f93e87d5-b92d-4053-8bdd-f6025afb8495,0,25866
5fddd203-a282-4f29-b741-dd03bfcec835,0,8271
99f2f3c1-9c90-4bf3-ae30-95f79f6ce277,0,14958
cbc35978-c3ec-4146-a5d3-8c89ce5a80c0,0,20648
589ab9e2-3e60-4ee9-80e5-46b9b6710c34,0,7452
d1f7a9ef-81a2-43e7-8f6c-b3ae52a1068a,0,21348
f146f9d6-761e-4615-a25f-f4023161e937,0,24968
582eabe9-86dd-45ea-958c-f53068114db2,0,7403
8c506c25-8bc7-43c7-ba57-62e18116d087,0,13396
e51ffc7e-928e-40e4-b06f-7c2507bce1d7,0,23525
7e2246e4-8412-4216-af50-7ae8c232f9b9,1,11829
c58f16d6-4b52-4353-ad67-d32f404de505,0,19912
eb7aa38d-ba9a-4e37-a689-27af5e82c052,0,24279
d97540c3-f0db-4954-b2ad-3772cdcf625c,0,22177
b6cf53c3-173c-421e-9991-eeea32ef7c61,0,18281
bb38452e-c1ea-4a6c-b46a-a4e7c5a9ca4b,0,18803
0d3f8e93-755c-436f-978c-554f45449ec0,0,1095
2409fc29-8acb-4e1d-8fdd-fc333d5c4852,1,2337
98c287b7-8d2e-4fd9-85b1-4895c2d20ba0,0,14798
9520cd4e-fbb8-4a22-a438-d7d26e296d62,0,14382
ab09b1a0-4585-4917-9214-bc688caba9fa,0,16930
38adcca4-6486-4169-ad60-07f8dec4e11a,0,3760
a90fa3b1-9f27-462b-8a1d-b2f9d89a78d1,0,16711
72a6910e-c0f2-422e-988b-dcbf1450f0e6,1,10546
b8f0eb48-41f3-4ffb-8b2b-46d2242beb26,0,18521
c8f6693a-36a2-444c-ad76-6613c41e87ea,0,20319
388718ee-17f8-446c-9e25-688100629227,0,3738
a522d9a6-5460-44c0-aa7e-219d2143feb4,0,16244
4af6cc2b-a2d6-42d2-9fa0-62e759d140ec,0,5872
073a77f1-90c5-4b5a-823d-6e1174ecf947,0,457
4525bf0b-20b4-4f4f-9149-e32632812d89,1,5212
55b2f2df-c355-4314-8128-14d33610b84c,0,7118
c4073ba6-181c-4421-9793-2c79fd9c005e,0,19722
d7ccc813-9dab-48c3-bf30-c6d305c85a4a,1,22004
6e108fd0-3d57-4c27-a7ab-16d9de2b4c70,0,9999
37817cfa-04c3-4b49-9c52-ae48743f68f3,0,3612
b793c936-c845-48c1-aa19-0f6843f2c66f,0,18372
68feb3b4-fbfc-47dd-808a-d58bf9a65764,0,9343
20f39b8e-be82-4f24-8791-651533a73184,1,2225
41ac521c-7e90-4a9c-b1bf-cec38e5bc1bb,0,4831
f8f85fb2-ebab-465b-87f2-41ab2f27c666,0,25830
9172f67f-4f8e-455a-8681-76c0fe8ecc57,0,13979
f2e4c367-947c-48ad-be63-2a1879f7b280,0,25163
f773866f-22ae-498d-8cef-8f8638a77425,0,25663
06e30df6-253e-4a03-b16e-49305fb0f165,0,412
4b0cbffb-4974-411f-ae98-553830c360f0,1,5885
5871b176-cee8-4b9b-80e0-a6a4cf36d1b6,0,7436
ec96f3be-e373-43f9-b4a7-e6edbe1f01fa,0,24424
b3bff0f2-2ffa-4ea4-8ca4-57cb08980ad2,0,17926
0adec32a-b360-4396-866f-f1abaca047dc,1,840
4ce814aa-8366-4707-b17d-a2ecc503c4a8,0,6101
856dbf6f-83b6-4b88-b35a-b4cddc5a225c,0,12621
4ed11702-bf09-4d93-abf0-da79a87a7a35,0,6319
86784b68-1b60-419a-ad02-6db2723902f3,1,12732
fbed0d04-0a3a-4533-9423-c2988ca3f599,0,26200
a5f02069-52d6-4ee1-84ea-b22bbf63c4b0,0,16339
be8c5589-f0ca-4033-be04-08754c65440a,0,19199
75104297-f72d-497d-bad2-9a24b0759e86,0,10813
51321c71-5485-4a6d-a6e0-7c2aa61fedb7,0,6611
3ae849f7-9df9-4a5c-843f-7539837fadb6,0,4037
de7cc37e-10fd-426c-b787-e2b62b099a86,0,22734
c4fd0f57-f2f4-4ea3-a2b3-8991af3620f4,0,19843
67de36c5-4534-4352-9eb8-b84a704f8105,0,9231
a1560b8d-89d7-40b0-a47a-981fdc1ae676,0,15791
be678f2e-918d-4fb6-ade5-02a9469ad899,0,19185
2449025c-2a16-459c-89ea-f57d43602736,0,2346
203b7f39-41eb-4b06-ae00-387fbfa45dd8,1,2204
c64cbbbd-ff0e-41f6-9fa5-96113e4ef60a,0,20011
d6dd5d18-ca52-4667-a951-e4b8112b1e01,0,21884
ae49d7bc-7d7d-4622-a4bf-9aaaa6128015,0,17296
31692137-f770-4cfe-a02e-fd207ce813ac,1,2904
6e0dbf20-7070-484e-937d-629f59838638,0,9995
e7311442-71c2-49cf-9c71-188a3169c26d,0,23788
ba88ad31-a61b-4f5c-83b7-3a22a509c131,0,18714
0c9beef4-dc63-4f65-86e6-d8a6eac70670,0,1052
22a72d2d-1043-4e16-9480-f64adeddb3a3,0,2274
e3d41ef1-9744-4066-8707-a1c41591f888,0,23367
3e8b04ac-40e4-499b-8677-8c0cf1c43c05,0,4455
eb2828dd-cd30-4a47-a8b6-3b0924ef8ffa,1,24243
0010f549-b242-4e94-87a8-57d79de215fc,0,5
af33db14-7cd0-4a94-90a3-6d912c1b2d1f,1,17415
f8407f91-c629-4655-94bd-1cc6d290cb39,0,25749
d0ef248f-6358-45d2-9264-79533aa50593,1,21238
9facb2f2-d1bd-4b4f-bc13-b800841ab0d0,0,15595
81d44b9a-f027-48fc-9dd5-5c132dee416b,0,12266
3bc909dd-edaf-4482-9109-859aa1a108db,0,4143
04bf4408-b797-4f4e-921a-d6305593b060,0,233
6a4d75d0-51ae-4952-ad56-132474a2cf7b,1,9512
88588638-7486-4c03-aefe-884f4e89885e,0,12947
0a9fd225-a33a-47de-849e-156933b21296,1,820
b77ab795-de76-4715-b371-eb7be54b584c,1,18364
ade2b6b7-5ee9-4480-844c-5eb07e2c08fc,1,17257
7259b733-6e40-41ec-8993-a0400b72a972,0,10499
96cdbb89-1bda-4ec1-91d5-fe27d8ddd727,0,14568
9acd54f2-8634-47dc-b468-f0ce54396e2a,0,15055
a6037427-488c-4ea1-8ea8-d81f804bd974,0,16343
cd890010-337e-4c83-b72a-58ad878c5b07,0,20858
f2e93a01-a525-4859-a086-947c2b911388,0,25166
d97e8a59-7b93-45cc-a201-40b5e503d760,0,22185
d69499a0-85e2-4dd6-814a-80ae86d3dddc,0,21856
bbc47396-83d9-44d3-a748-00dd5bde92bb,0,18861
bedb1f67-9f34-417b-aa14-ebfca18a38b5,1,19234
6a778bf7-2bbd-4804-9d81-38eca7019ffe,1,9538
03f43302-39f0-48a1-ae3d-0c6c611b9302,0,199
837513f0-2f97-472d-b2f7-82de8c1d7664,0,12441
d5277276-f8f8-40e9-b8e1-791cf5d96ac0,1,21689
da4e0509-b237-4dc6-b779-ac7a33d9927e,0,22285
3b0e1f3c-e7a6-478d-8a9c-461b76ee3953,0,4051
39ce47c6-a221-4399-8ac3-21b0b4a323f6,1,3904
3ea67d3a-90be-4e77-a745-a9e323189097,1,4473
bce23f47-7e90-48be-ab13-be220200fba0,1,19016
763f991b-5a8a-47d0-9b9f-151cc661218d,0,10949
3b2853dd-7027-4d70-945e-f604ad9d33bb,0,4067
f47ca753-31a2-4db1-993a-8eaf62f109c4,0,25344
52d0a012-33da-4d4f-bad2-6373af5cf833,0,6779
957f9877-9539-43bf-8a52-956df8a2e3a7,0,14422
d2110d1b-304a-4989-afc1-76b600a9bc61,0,21361
b3f23c40-45c2-4289-b68b-9e367441a9a0,0,17952
bcda188a-9594-4ce0-8802-dfc2640dce25,0,19009
cd700048-37aa-49c2-938e-3583660046b2,0,20842
3ecb102b-21f1-49bd-babe-32c3c0e32e48,0,4490
a131840e-a6b9-4672-a837-e244596447ce,0,15768
ed38283d-165f-481b-bbb3-5532450b82c1,1,24513
15de0e36-aad2-49f5-b797-dba25cc0c500,1,1523
efcc7a4f-23d6-4df1-9d80-677a620856d7,1,24795
6ebb39ce-4cd8-4c51-bf26-757a532958b4,0,10069
8410625e-a27d-4826-b3fc-6f72cf25a9e4,0,12510
100d2b25-aba5-4502-bd2a-edeaa66fde00,0,1235
cf8a2ba0-54e0-4111-afab-1b948abc51c6,0,21078
be688a24-332b-4dbc-9f1d-06a709179694,0,19186
44334be1-1a2c-4ef3-b1f1-d262ed5f68dc,0,5086
ec09ddb3-9b0b-4749-9e0d-f94a4a7e5fed,1,24357
610d9b12-14a0-4beb-894a-ce9abc88e294,0,8406
4e27cdee-df08-4341-9061-16ba3ef8a778,0,6245
1cc1ad56-7cf5-464c-994f-ff10d880ded9,0,2074
34684181-63e8-4ead-aa4a-44b560a1bcaa,0,3252
8782c8e0-8592-47e0-95df-ee8224d6dec8,1,12851
be5d423c-9ebc-4a04-b342-f92b819a3a99,0,19177
9e692a52-ea3b-4e7a-9c74-c66cadfafaf7,0,15430
daa6676b-8de9-4653-9e18-72be4bf7737b,0,22315
7dc708a6-2f23-45e3-b924-67c0b5c621f2,1,11788
10155593-ee63-4405-861a-81ef41ddeb56,0,1239
d352c8d9-df59-47d4-b294-5e01462ea55b,0,21498
b196a9d7-80d6-4e67-a799-da9915f5491f,0,17702
19761fcf-760f-4a6f-b8ca-1ccf72fd8253,0,1928
4b59157a-5edb-46eb-97b5-4aac3be1dc1e,0,5927
15ec434a-959d-4e67-b1c2-2e9fa10b880a,0,1531
adce8349-6836-4328-ab63-f356d0bbe298,1,17247
692a79a2-5d94-4f0b-8b30-e7f8b21e45a1,0,9367
a550099a-36c5-4807-88ff-e77475bae0d9,1,16265
cbc9411a-9bcf-48c2-b761-1c146f4c3a91,0,20651
dabc835b-4db1-4e50-8ea4-72e5ed872673,0,22327
46713add-9865-40e4-a893-5cdaf2b0f157,0,5356
54824e0c-402b-46d3-a604-7c847544b865,0,6983
667abd72-cb0d-4258-877b-7dcfad5e76e3,0,9056
2f98447b-c43a-4dc2-873d-c326a34c1ba2,0,2809
e88711cb-e03b-4570-a531-8ac8a7f9c6f5,0,23939
10e2a82e-57bd-480e-9b69-e4ec1565b0ab,0,1271
50b524a5-6142-406a-a89f-98cbc3a93e1e,0,6554
d614cd4f-8419-48f4-a9c8-cb5282f329ec,0,21794
4743faf1-c26f-4b94-a796-c724ff2cdd17,0,5468
e1f6ff93-eb5c-4da0-8f9f-0aeea7216484,0,23146
b7bceabb-c524-4af2-b014-27dc7df6194d,0,18387
b2c892a4-9c63-46e1-9b81-f928651464eb,0,17826
af8fc053-b69b-4915-9ea8-f538028f9b2c,1,17450
5278b08c-a475-469e-8910-56bff6d85210,0,6740
146c007e-546c-474f-8b28-9c321565e5e4,0,1403
6f756510-22e0-4961-88e4-1084dc90ee22,0,10164
64be5fab-9938-4e79-9633-1aa4ee33ebf5,0,8837
ffeab8ae-f339-40d6-96f1-f1f8c97d2cb1,0,26673
4d53c767-907b-4e70-870e-54cfd2aa86ec,0,6142
197146c0-dfe6-4938-ab89-5fbef34150fc,0,1925
0bb7b8e1-ffb4-4c6f-81aa-639e1d138a7f,0,946
178a60bb-5b94-4199-a52a-0787da35a28f,0,1703
de25af7b-367b-4682-a9b5-e7f410511875,0,22699
f8119c58-ee61-473b-935f-d7b80004430a,0,25737
b8b49aa8-a927-48c8-8ff5-dfb833f3caba,0,18499
40caa346-8524-4331-9559-1676b16700de,0,4723
bc5360ed-0247-47b8-93a0-c34ebbf936bb,1,18928
d2b66ae1-3978-40bb-97e7-70a2f23689fa,0,21440
62d6e07f-8e48-4c8d-8a6f-b833470820cc,0,8608
a31fd48e-8dd7-4a31-a197-ed1d67ec98cf,1,15995
f8279c3c-7906-4ac7-a2da-a2a94e4de519,0,25741
57b684bd-14f7-4dfb-8232-dd14fd0e9822,0,7350
c648e140-a0f8-4749-8d82-0605a5b56417,0,20007
ece14845-36ed-4e3b-809b-dff4bfd063fe,0,24458
a2205d2a-d581-43c0-b7cc-ce21de47a11b,0,15874
67488c46-17a2-4499-afe4-105c7c72a23d,0,9162
44c1c539-06ac-4c1f-aab0-73bea4afd290,0,5156
ceb849b4-5618-4c3b-b34a-6ef007ae2ba0,1,20986
3966f0db-9f84-4676-ab4c-9668a1be1316,0,3860
f696261f-49c1-4274-81be-4e6b9e8c5602,1,25575
4d5d6c72-d216-4b0c-a277-a24ba9151f32,1,6148
c3759f61-dc9a-45ea-8b3e-91e3bd71a844,0,19642
e82e63bb-bbc4-4f87-a3cf-23442355665c,0,23901
0b3d3db8-871d-45a6-a8af-3c76b5b92f1f,0,878
cfb97bed-1850-4b93-a68a-f1b3a6c17bc3,0,21095
733849d7-bb10-44f6-812e-822c8e385d69,0,10600
e73157b2-951b-44c3-8065-87edd9d0fd6f,0,23789
b9f6627a-8842-4e66-a08e-9302975867b6,0,18634
5b5813af-6a0a-4f1f-a34f-1d258fc60259,0,7745
553efd2c-8f59-48ee-8307-2c1dd8cecdda,0,7062
be04e74c-c06c-4f24-bd58-c742d22d4b03,0,19139
99fec192-683f-4e12-912f-3962c94a6599,0,14969
80831088-3282-48ff-b886-4b227eaf6ec6,0,12127
eab95d6c-d32d-4506-a183-4531489c904b,0,24192
eef8150d-d400-4712-9496-7b9f2da9518b,0,24700
1edbfc97-bf4e-4c36-ad0e-f824ca6d64e5,0,2143
1ba15f4b-4b0e-4d13-8937-fd3e0d34babe,0,2027
598a9d0e-f27d-44de-beb1-3929a674be25,0,7566
ef880a0d-386f-483b-b9c0-415b547959aa,0,24768
51014cab-d22b-40b5-b9fa-fcce2fd2a2a5,0,6594
8e6e3560-41b4-40ad-9cf8-0c51628bde2b,1,13645
971483f1-8513-4e3e-b45c-8f54b691b2f4,0,14602
322fd00f-8b1b-4ee8-90c0-0058a590a842,0,2998
65ffbc68-367f-469a-9246-9277b57bd615,0,8995
ac69e22d-1383-4d35-841b-c2da8b402469,1,17090
31790935-a1a3-4842-8925-4b6fd5415103,1,2915
fa674e0d-3a2d-4da9-a336-df42cb12f8f6,0,26014
8650a631-0b93-489d-a093-21f7ef9e11a5,0,12720
77f96630-7a12-423e-a4e5-a5c5db11fd8f,1,11129
35c50ffe-4ebf-4683-8d35-ede4ce6e4a75,0,3424
e4bb3716-5fa8-4168-8a57-8fe1b22d5eac,0,23467
b359c695-5814-4c1e-a7c0-200509182a4f,1,17887
26d6b8f2-0b42-448d-a2c7-5ab0688f2418,0,2443
5a9f72d0-8b1a-4daf-90fd-243b2e76efe9,0,7671
72fd2587-d327-4e42-9e18-03479b1a18f9,1,10569
61e285d7-d121-416b-ad81-c0414ae427be,0,8496
d1b68775-0f91-49aa-8a66-3265224c6c0a,0,21319
6e1764e6-6915-42d5-a893-e29a2fe69b30,0,10002
3283404d-1d5b-4498-99d7-7bc636e98456,0,3043
eaa174f4-2364-4c30-82c1-c65893045715,0,24178
35d5dba1-22ee-4f68-b28f-bd16ae96ae00,1,3431
423b6291-bece-49ed-bdb9-e9e39be87b2f,0,4889
809e4dcb-27be-4e9f-8f01-6397c715bcb2,0,12138
a7fccb5d-16a3-441b-9308-8690de63db2c,0,16584
3e4df659-b34c-4582-b15b-11dc03d58a50,0,4431
0a0f91dc-6015-4342-b809-d19610854a21,1,769
b105fd51-4bb8-4fdb-897a-cd55daee8733,0,17624
cd9ae483-8b77-4773-8f82-711066a0daa9,0,20866
6ccd59f5-36e2-46db-b029-e1068cbabd49,0,9846
71212080-ccc5-4e0f-bfc1-95710057baea,1,10348
94a6538f-68d4-4edd-ba10-fa157fd9a21f,0,14332
75ecaed3-c912-4459-9095-ec6674f524e3,0,10908
d8d319c8-394a-4d6f-9a96-ff94d3ab2e06,1,22101
cb9149e2-a09d-4b4a-a644-81d8f394d679,0,20616
ea2f5da1-f25e-4f5b-9e3e-c2e49e93cbac,0,24118
1a63ca9b-22c9-4856-960f-7cdca38bdfd9,0,1976
dad6c631-7bff-4bcf-bdbe-a91a9be2ac01,1,22339
d38c1cbb-cba7-4a7b-8638-14f1f117b5e7,0,21516
b37c8b1c-335f-446e-a93a-34bc910dbb7d,1,17906
e09d050c-ac21-40c1-8b6f-9895582f4508,0,22994
f12cf3f7-3b60-4870-adce-ef2de600ea6f,0,24950
a66545a6-ea35-4712-b514-6754d2316dd1,0,16384
1557bea3-b9f0-4235-b06f-49de5ee8d194,0,1450
393e9541-7b37-47cb-a706-a3e518f440af,1,3846
9da5f69a-7024-41e9-bb8c-ecd617f3c06a,0,15345
e21cf265-67df-4c9d-a046-f35b267785e0,0,23168
77633bed-c31b-466a-946d-6624b97231a8,1,11072
b0316434-0e00-477c-ae4c-fc2a757a1e8b,0,17528
5ba8be0b-f11b-47c6-a91c-fe62c0ef516c,1,7774
db98010b-dfdf-4ce8-87d5-2506a924b274,0,22419
7779a9c7-9483-4a8b-9c24-f6dfe787cfc4,0,11081
6632a605-0636-4d2a-969b-53bee90a0e66,0,9020
fc30c08f-0b13-44bb-a8dd-7517e38fcb8b,0,26225
348699f9-4eb2-42b7-b9e8-8bc3230b32a5,1,3267
7f957ae7-0d22-47c2-8c41-ecf5aeccb1f0,1,12017
a1d846a0-7213-4eff-a9b2-f0adc352aa47,1,15846
dae2fc31-fbde-42de-91ed-473de95656fd,0,22342
208d539f-c428-44f0-8ba3-31287b6ceee8,0,2213
56b5c0cf-8a3c-42f2-b3e2-adb2f550c451,1,7234
9e0e63dc-1db2-4090-bcda-17b0ede45e4c,0,15393
dba9ea66-66a0-464b-88e2-0bc3ecc27499,0,22429
75cf69a5-bdc1-4ef9-8937-2abad5bec289,1,10896
c75b22e9-76d9-4fdd-80cf-d7b88eb6d998,0,20113
53e69b04-f8ec-467c-911d-a039065ec631,1,6912
3adc5fa0-23e9-4b85-bda3-67e3ecb16d0d,0,4030
9019b731-8b95-4ff3-8542-6e8a9e0b6cde,0,13840
5d077a12-ee66-4f7f-bfc5-5f045e8db788,0,7930
341227dd-d06a-4803-9a4b-ea971cb79b6d,0,3216
185a1ee8-48d4-4387-b419-f01b76256d5b,0,1814
1c63da74-f68a-498d-a4b8-fc637227a4fa,1,2058
d2c57800-2b6b-4cc4-9e72-3f1f649a07db,0,21448
5494bfea-2292-4b0f-933f-64139dad5fa7,0,6994
3cd1e997-7951-48ad-bd81-3fb055c252f9,0,4265
afe0a0c8-878e-48b9-bcd8-48526125fcdb,1,17477
9456860f-f6d8-4905-8ed7-a0e9debe8d99,0,14296
4e7c822d-0df2-4d75-a3a4-d15962d90a18,0,6287
2387db99-efe6-4e4b-bbc8-6f725e1b757e,0,2304
21e7662c-c8c1-401a-ba42-b2a4c03f8241,0,2253
b4989ff4-3c1f-4de9-8df1-cd50c211273a,1,18045
9f76d7cd-c7a2-4068-a05f-d80da06accd3,0,15566
2813f946-febb-4b81-8ad7-15908aa47bc1,0,2501
46c629c3-b58e-4b25-bedc-c8aabd9b5ad1,1,5403
bcccd58e-6cf0-4bd8-82c1-e51e18cd041b,1,19004
6f0d2ff9-c0dc-48c3-a944-1f18dc185e1f,1,10112
03f8bb03-eb04-4365-ac4d-d63d2b5d49cc,1,200
fab7b94e-97fe-4e9d-b383-f9c2bb586c08,0,26055
427f7983-089b-4041-9772-e92b75d7e202,0,4920
bb00533c-5a94-41de-aafd-c1d86cf8e6b6,0,18778
1a2dc891-713d-4253-ad19-a1e7910ee2eb,1,1965
254f04d1-d24e-43bc-a00d-8f7140c222fb,1,2385
5541c54a-18c2-4bc1-9d37-edb7aa820543,0,7063
916ca534-1af1-422c-8cdc-12490950bad3,0,13975
35580bc7-a52a-4dd3-a78a-07219cee6874,0,3366
87064cb1-4adb-4d7b-ad87-0fab792abaff,0,12789
3a364ace-4994-4be2-a3e2-cab2627c740e,1,3954
84ccb61a-6dfe-4833-99fb-7a4c80a7393b,0,12569
9db6696b-6d0c-4778-9336-9d70e9ec4a86,0,15346
344439da-9377-4f13-b7b3-6fca951bbbcd,0,3235
fb61dafc-4419-4b10-8008-b5d4499571d6,0,26124
f2338c81-4b6e-4145-9ad0-18fc6f8c5cac,0,25076
dd56ed6d-e828-4523-9bc6-5d689f393b70,0,22608
3ac4d041-0c6b-4ca8-9765-3f7b227bd303,0,4024
a9c3b3d8-0e8a-4b5f-b05d-d66f5f8fe2ad,1,16796
0a51f668-b7b1-4d8d-9ab9-de1f702f071a,1,790
45eecdb1-b5d2-48e8-aed2-c24dd02f803b,0,5298
48349099-36a7-4377-b280-19312e581699,0,5575
18a5c559-5563-47e2-b26a-8b20f7250ab0,0,1845
a6e29ab5-cb08-4bae-b028-f97cf3bfd943,1,16454
dff97b36-425f-457e-9284-65efe8ac5852,0,22907
c72e8368-e692-4ce6-add7-5c7dd27eae3e,0,20097
48c3e5db-5511-4e01-8365-e3c4b312c173,0,5624
e91e25fc-508c-4a50-b16c-7e5eb2481a93,0,23999
87c2b21c-7a98-492d-94c8-4f72620c5847,0,12875
235bb572-948f-446f-a7d6-40803f4dbb8c,1,2297
a9ebaea2-ca5a-4e6d-afc8-809c639ddb8f,0,16812
28684a2f-1e6f-4431-969a-2f9cf574e7ba,1,2515
64d3bee0-b7c0-4011-86cd-265de90ebfbc,0,8849
6d3d041e-c15e-4bdc-8eba-817be8a1a324,0,9896
3bb0913d-db75-4c66-81bd-fdd9143eef15,1,4126
7dde54e6-6e74-4b07-b648-6faf995ab49a,0,11804
513d5e43-2714-4f35-a4af-1947309a1933,0,6613
a199305a-70db-4d2b-8354-691e91c8c27b,1,15826
6bfad602-a328-49ea-80cf-bb6db9d42652,0,9746
647318b9-ffbd-4f35-8deb-f570410046db,0,8800
c2bf331a-84dd-427c-bdc0-ada7de5f3fea,0,19560
fc1fd5c7-a3cb-4073-96e2-71bd0ebd698c,1,26221
fde168d7-af3d-4213-9fb5-e0ae8b09c786,0,26416
300a88f3-fd64-4069-bdcf-d19d125e146b,0,2826
fbbcd1fc-07ab-4d58-894a-971fcaf9fbc8,0,26166
c65ee16b-d1a6-444e-a0d3-c81a498579d2,0,20019
bb59562b-cfe1-416f-89cd-f2e4e048d107,0,18821
8af2c1a4-3598-4a5a-9a29-47fa88ae5e3c,0,13236
d78b9f6d-c3c3-4aa2-af54-a7b2d928042a,0,21975
5fcdd172-e1bd-4975-a054-9b6ad2133cc9,0,8264
285e0dd4-4f19-47ab-9ce0-6b02c1396f29,1,2514
10f2cb81-ad90-4857-a2f7-18e7d8f66907,1,1274
a0b185c5-3fd4-4b8f-8152-377c9a9bfbd8,0,15701
3be0c383-ad5b-422e-a003-5676bc9d66df,0,4151
f2b7f190-704d-41ac-932e-e32bf26a3cfa,0,25146
7d3f01b0-1283-49f8-94f9-17d751a8b3a9,0,11736
399ee232-f05c-4b4a-9ff4-8569eee9fe06,0,3880
21909788-6009-48a7-80c2-8ee149b18251,1,2240
c81ae60a-eb3c-4c01-82f2-af0889093f5b,0,20217
a681b516-2502-4518-830c-67db38985979,0,16398
ee0a4995-30a3-4ca4-ab0b-5036a4ac1848,0,24597
8c066a8e-7fc4-40f6-b9dd-b979a58801cc,0,13359
ae8452fb-7e67-467b-9202-24dd2cd71610,1,17328
1847b55c-2fed-494c-8d76-7f76630ba39f,0,1801
ddd365a4-0c2b-458e-9594-0f496197f9e7,0,22661
cf532dc0-301a-4579-9cc0-4f2248e9f361,0,21056
5f52ae89-20ba-4536-8313-4395f5742f49,1,8199
b17cb86b-e90c-4a31-926a-2e5b022c6275,1,17683
51d98c1e-43ac-41c6-829f-9c06a63391bb,0,6665
af83b500-1576-47b4-af61-f63581b61aee,0,17443
8e0a650f-5894-4a7f-b606-5c8edf968d0d,0,13602
82b3fca7-e397-487d-80bd-3b2fbd046f16,0,12355
38d9077e-e395-4460-b7ea-513072d256db,0,3792
6d7974f3-0dee-4ea0-84fe-7f61a2a1b1ca,0,9924
c4308828-105d-4cb5-9a1a-409288788769,0,19743
78de87af-368f-4821-985b-c21d83392e5f,0,11241
778a9af4-7231-4a43-9bcc-63dd8b96b387,0,11088
ba237771-f858-4f79-9efe-318e07bb896e,0,18666
8e127b54-fa13-4806-948a-ebf23de542c3,0,13605
eaa60104-c8a0-464c-bdb3-ede7858cecab,0,24181
62829608-8d5e-4159-bcc6-366960fd1949,0,8566
5357e032-1642-4006-8a46-c1124b67ae33,0,6840
94e95206-3b6a-4fea-9635-39a3e62e7e0f,0,14365
6ce2244e-e4ad-495f-9779-8c5cfd824199,0,9856
4b2ef475-9226-4c26-b377-fa776c6a4806,0,5902
5bf4f366-c68b-45bb-9a7e-1d1a20b3b581,0,7812
1dbccebc-d38e-46c7-b639-acb33572823f,0,2115
2ed06be4-9f0e-4256-b8bf-a4b396cc6364,0,2771
14fb269f-0b01-43c0-ac49-74f8394a6353,1,1430
89937639-13b7-4831-9d97-0473334260f1,0,13074
fcd09baf-797c-483b-9862-ef5e36258275,0,26303
45ebc3a3-ab24-48c1-bc76-ced6a7f8e081,0,5297
ab708945-6f3a-4652-85df-4f02d6079a75,1,16978
84102d80-4e38-4676-8012-1e76204dcefc,1,12509
ba14333d-9629-4a0f-9517-b5899fecbe89,1,18653
df0f59ce-d11a-488d-a51c-bd9105e592f6,1,22811
998ee84c-593a-4f06-b6ec-a86557003ba0,0,14904
b60cbe83-66f7-44c1-b5c6-a407e3e2f930,1,18202
5a7e8b9d-2461-416e-8a83-9b9ee8463564,0,7652
586a5f15-fbd3-4e13-ab3b-6df803e6a031,0,7433
97a54b60-1f60-4d36-a43a-ef4c19904ab1,0,14664
7ca89532-0a35-49f5-98ce-d788647f85b6,0,11678
b0d7de28-cf63-4c85-a573-194a84927c40,0,17598
8c4c2c88-5e6a-43b5-aec0-c5d68beb586a,0,13393
70cc15b4-37b2-4d2b-90ee-bdc3153cc0d5,0,10301
51db6790-fd3a-4148-8dcd-efd11efadcdb,0,6669
98fd9f61-c988-4e19-9761-13a1a4f594b5,0,14831
33baa9c3-1fef-49b0-9f03-3d260dca565c,0,3174
36a4923e-c647-4bd7-9e96-2a0e89f6d80e,0,3515
a0c8ee1c-804b-44ee-b285-aae55becd33a,0,15716
f2e9d188-0b45-43a5-ac3b-ebe11e3b02c6,0,25167
6763be21-4c3d-4f0a-a40b-27d2b79d4e50,0,9175
38e479a3-f9fc-44f0-8f8d-dc5de7668895,0,3797
d4620803-3df7-4c31-90ce-17aca75b0cba,0,21593
021443b8-0e56-4ce2-87e2-53302d8441ca,0,114
f36259c8-6751-4c6f-b9d4-44fd4f86e61b,0,25216
6464e86c-9520-4d10-9395-b921f8f5e7f1,0,8783
d5085a38-b7ee-45b6-a0a2-a08d706927ed,0,21672
ed20bf6d-4b72-483c-9980-93846c25c30d,0,24493
cddc6ce3-acd9-46d2-a76f-8dae7d9245e4,0,20892
95fe7234-02a4-4757-92bb-c6faf3f25f5f,0,14481
d39eae7d-6b1d-4481-a27d-978adedde95a,0,21522
8882a89a-09fa-4724-9e1b-283023523b01,1,12963
d81d7dd3-d0d9-4bc2-8276-c0b6b32b5aa5,0,22034
09eed5c5-e0e9-463c-b6f7-24e2de881287,1,758
a5ed04c6-41a3-40ea-a598-eaa6b11f8635,0,16338
7eb5ef8b-b2c9-4f19-a9d6-42354bdbcef3,0,11905
ddff3a86-77a1-4a9c-b7cf-2ec5ef401d8a,0,22683
925a8700-508c-42a2-a617-1855f29f8877,0,14072
b32a64b6-4185-4c87-bd47-729ee0c6e2af,0,17866
db367e9a-667e-41b2-b6fc-48afb62fdd02,0,22374
ea266abc-6c5b-4921-a37a-44de924c203d,0,24115
f320219c-ef2e-486b-8a20-705e09f2ff66,0,25190
73fdcfb6-42ad-4be4-92b4-641250252431,0,10682
e140e6e5-cdf1-47d6-b2f1-602aa8a1a69c,1,23068
f5e72497-fdfc-4862-8d10-0a292fc4d347,0,25508
1b57f09b-5884-48b6-b7b5-2b3a323280b7,1,2015
8a6eb7c9-81ff-43c3-81d8-85922e96507e,1,13177
6ee47648-1f4a-4d1f-8688-8315d9e71212,0,10093
f02ce786-bbba-4c93-a9ac-8e78716bf6da,0,24839
390dad2f-bd13-4f16-92af-4e061499eddc,1,3819
7c8f2458-3d40-4810-b57c-1f149c2c4d3c,1,11666
854e256b-0f49-4ff2-8718-fdce011daf7b,0,12614
168bda75-e466-4f06-bc91-5bb163130f79,0,1606
15c93233-9362-477c-8e4d-c25f2e651aa7,0,1511
f7b0889e-a9fe-40a9-a6a3-c9ce53252ec4,1,25699
5fd7477f-327b-40e8-9ce3-cb9b7dedbf45,0,8267
5a8718a0-a5fe-4105-a92b-591306ddc5ed,0,7659
fdaaedbe-1d47-4626-a7ab-f9f06dfd009a,0,26396
d700c72c-b723-4528-a8d0-8f1ff396d83c,0,21908
abfa6fc6-e696-4d79-890c-aa14ce01ea2f,1,17035
eeb5c42b-5e05-496e-9662-23e745714d49,0,24666
f292998b-db97-44de-a3eb-2baf1ac12070,0,25126
972128de-cda3-4ede-a5a1-61c05bfe49b2,1,14608
cf8c70d8-1d3d-4cc6-b5bf-63713862da0c,1,21080
e6063be4-ce29-40d6-9ab3-bbb746cda7fb,0,23644
64c717c5-62f8-4434-b967-350679a2d4b9,1,8842
2b9ea83c-941d-4db3-8c6f-0b6ea714d520,0,2636
aee56331-e752-442c-ac2d-0b82fe156d67,0,17378
1f5f1dc7-7681-41c4-a380-a47e0c90057d,0,2167
64c8352e-95ee-40bd-86a5-799d705ab852,0,8844
b47667ed-c87d-4fa6-924f-4f8383a26417,0,18024
601ab6a3-d879-452c-a89b-4574c0d374c2,0,8299
50493c25-94a9-4f20-a8dd-682981b71919,0,6512
cbcb0489-3f9a-47c4-95ab-a7ed364d545a,0,20653
2cd2cdbd-a883-46fb-ab8d-f0e889dc0a70,0,2690
898a130e-8636-4cd0-bd10-12528871dfd5,0,13071
da58e797-dbf6-4152-b32c-f618f35f890b,0,22288
3343048f-3d87-46e3-a22c-95ad7f0fa46c,0,3123
43203334-d811-4813-b241-110c941c8364,0,4980
b87e3b2e-d7a1-4b29-86eb-0c08b1d3022a,0,18475
7658ef50-d386-4066-92d9-5d5735af5f3c,0,10959
bb7ad574-8d57-428a-9756-7d9197c989d8,0,18838
c6bd489f-95a9-448d-b218-3036352493e1,0,20056
56419e8d-5982-460c-9e71-546609e6ebd7,0,7183
3a4bdc29-1bbf-4dd9-9fe7-00c42a081bc1,1,3970
a09ca982-3465-4346-a57c-16d0b9e150fd,0,15691
b4275fe2-3752-4047-87fa-e8e0db496984,0,17980
7a1e02f8-4965-4364-918b-83d3422f931b,1,11381
232f6bcd-2006-459a-9b30-b51beea28044,1,2292
6904e6b8-ec78-40bd-9e20-4d13f53c36e1,0,9347
756e9d90-e995-43af-ba83-309c2d01b10d,0,10853
ed8b97b1-98f6-4ccb-b665-5b7027b302b3,0,24546
328ca6d8-ae49-41ad-9e58-823c8049b1bb,1,3046
b33f8121-a8ca-4a55-a876-7c21714bf80a,1,17872
d5fd45e7-c9b0-4873-8a49-c3e1681938e7,0,21784
16ff6076-49e4-4e35-9ecc-2fd80c9d0508,0,1647
e4ab5eae-5d47-4ed6-91f5-708b5617a600,0,23461
6c62faa3-ce21-438a-9add-298af630062b,0,9794
734d657a-1013-497d-8462-c2ed741466dd,0,10611
3f504abe-2133-4e09-98af-743cdea486f9,1,4547
a4d719b4-04f5-4d58-86a2-b1ad3f1ba569,0,16201
d753889e-9bb2-480f-b320-cd7a9f88b90a,0,21952
e86715a3-dba7-479f-b8c3-fd3716578edf,0,23926
3d02d4e2-4d30-46e4-9ba7-5548a5c45e0a,0,4289
66a73c8d-6821-43ee-ae92-8500fa5d985d,0,9083
c600753e-3394-4e74-9f7c-6687891aacc4,1,19973
9a4b8ac5-0371-4bc0-a609-32ad46806f7c,1,15000
6927a615-8ec4-4219-aa92-e368d628cb2e,0,9365
f391ffd3-b44b-43b5-9d07-28595a4168d1,0,25235
18977885-5d9f-42f9-80a1-d39e201845ee,0,1840
c060c23e-dff3-4cbd-b823-b8e70b80b2b4,1,19391
af1d168c-4850-41e1-85b8-ff8fc645e671,0,17407
bccfca36-e582-4add-b1fa-3de21834d134,0,19006
31e9cf09-f8bb-4694-b0e6-69a741d3da4c,0,2969
fd47d2fd-6474-475c-b5be-4a9edfc823b5,0,26352
b32d1f1d-3c8e-413b-a4f3-7e15f7b64051,0,17867
b52a4969-16fc-43c1-9d87-66392415d139,1,18101
c5f09fe8-ba29-472b-b87b-85a5740aa2dd,0,19966
3d099ea0-3e99-44b6-bfb8-5478f5e3e585,0,4294
7c206793-4723-4655-b36f-71486cc0a063,0,11615
0b3b1768-5926-4084-bed0-ad9ae886d13a,1,877
15fa29d8-09cf-436e-8bf8-cd85b260f2cc,0,1537
8769a5f8-1287-48b3-9ba2-c67be8e31a36,0,12839
f722bf9f-827a-40c4-900d-ffeec2a630e6,0,25632
472dac2e-aba2-4119-b9f7-37939e23e0b1,1,5455
67b322d7-88d3-457f-ae58-66d416684a6b,0,9204
fdfc11cc-75d9-4ab7-a40c-e3576cec8883,1,26430
7b809737-7c2e-49c0-bc7e-155a272b1748,0,11527
aebb193e-64ef-4368-b139-c0ee72709945,1,17352
238e2a87-d6ef-48ec-961a-54ab1e947878,1,2305
8afb5369-59d4-46c5-96e2-700291f598c8,1,13241
073102b7-565c-460a-9b69-13e2f34c4ee9,1,450
4868f9aa-626d-45a6-a63d-29dfc5197535,0,5598
e314d288-ec1f-4fd4-81cf-b8fe0abf44bc,0,23283
19a86909-69d0-424b-9b46-1e7a246a2174,0,1946
4e8e683f-b8ac-4a07-8ab2-b93dad788801,0,6290
f5fb166f-fbb1-474f-a7ad-1677dc6d60a7,1,25516
0a796f83-f908-4b83-9252-e513d107be2e,0,805
6b5e9acb-ca13-4607-b482-92a40ef3a6db,0,9664
e1fb9b92-637b-4e69-a19d-19e890ed925a,0,23152
586ad370-dafd-45c0-9801-a89e7e20380a,1,7434
57b0d4e3-3545-4bdf-9657-93c6107cc7bc,0,7347
a44083fc-6619-4ff0-868e-a301c651a144,0,16121
fc27980c-fe2d-45ba-811a-c4fdf40ea059,0,26223
8f1def19-2edc-4b6d-b256-5285fa392159,0,13725
b91c5ce3-ca11-4e93-9e0f-bf1becf36b74,1,18536
d244efbe-b58d-4863-a97f-b972f8c37a8d,0,21388
73e62967-5fef-4dfa-9a3a-1e045a81f593,1,10675
96400866-f7a8-4c18-a6d9-78c3416abbce,0,14510
180bbb1f-4105-4fa1-94cf-5bb8294eaae8,1,1771
856d715b-da52-4b5a-9e1d-d6fbd7629d5b,0,12619
2bd2f688-6bed-4f0c-a385-9eed1b1027de,1,2648
f35ab079-a816-44f6-94ac-def3d420a9dc,0,25212
317a2577-b48c-4dac-bd52-31286c7546af,1,2916
457491c0-de6d-4bf1-9d74-1f9ea46b563d,0,5247
be590287-c599-4d86-8308-ac6cdb760eae,0,19176
9dbf75bb-6fc6-4d79-b0bc-0074b9767b09,0,15350
6166a1c5-b6d2-48f5-b620-eb91ad325b15,0,8446
50cf5554-e277-4311-a793-d978bafce018,0,6565
ba6dadc3-3d06-4e30-9d18-347641e243d3,0,18703
c6478daf-f07c-4d32-a03f-c289c6d916b8,0,20005
8cd48e4a-d37f-4aed-b8b1-39d6e699970a,0,13462
eaabf04a-63ae-4cb7-8e07-31c9b88242fe,0,24183
62dfc10d-f6fa-425c-8ad9-c20f11820507,0,8613
ade6a8d3-7d45-4e17-9784-5a04e6f16b76,1,17258
aed92e78-27be-4dc8-a464-56ca888e4626,1,17370
8f619dd8-91d5-4726-b441-a0d14bca7caf,0,13760
d861e6e0-6c55-4f1b-8959-e89c2c999334,0,22059
67620e83-4ed5-4c97-8512-f1f20164cb57,0,9173
7e413a9c-e331-4188-999c-7cf064cb2417,0,11847
dc48941a-2bfc-43a1-af3a-9a2be3df7ae0,0,22503
4bce4634-cc05-4fcd-b45d-2c05f3f620b4,0,5987
fd46ed8c-00eb-41f6-b3da-e11b3e4982e7,0,26351
796ceab6-d8ba-42ac-b75f-3863063a878d,0,11298
4fa01ef3-f138-4163-9cee-0c1117a88a34,0,6420
8889bc30-6951-4d72-89c4-48a193f88df4,0,12966
0526d2bc-c7f3-4660-9693-887ac6c173e9,0,255
815db0ba-1be2-4e7e-8e86-b4cabce2b0c7,0,12209
382c6f6b-94fe-4f7d-97ce-466d93122d1b,0,3696
550ff809-b457-4d2f-bd8a-1e18ae11f898,0,7045
9788b7e7-3706-4079-a83f-3d2a32ef36c8,0,14652
5f5ae465-560f-47f7-82dc-0064db0c12f8,0,8205
158cf8f2-8066-42f9-aad0-f52e1bc8de07,1,1478
e6a58e74-2b7b-4acc-b15f-1af4cdbd9a4e,0,23729
5030953e-4b94-4c01-bb3d-ad47dbe6f513,0,6501
ad750a01-7b7d-43b5-b4b2-42bf12a603bd,0,17208
535c2337-e755-43ea-ab1d-6547a584776d,0,6842
55971dc6-ff8c-4c43-acbc-607d3c91cc41,0,7106
96ed9839-9487-4700-bff1-d56aca5c00e2,0,14578
95dd5cf3-9b53-444d-bf9b-705f8ff22e92,0,14466
66bcb6f8-946f-4f66-8d18-06f17b01d3cd,1,9099
cef9680b-63dd-4716-a47d-0410a783e781,0,21015
562b9c1d-e8a4-4221-8aa3-531b3bcde233,0,7175
b50cbd3a-14cb-46bf-aaff-ae2cdaeef739,1,18086
f75354ff-e121-428c-a19b-12baf2672915,0,25651
499dc53c-c75e-4875-88ed-4d902353b000,0,5722
ac8eca4c-6e21-4ed3-95af-8157ff7b7554,0,17111
06b64e36-9e61-4865-bfe4-d96eef86548c,1,389
c271b34d-50f6-4acd-ba98-53f8520f06ff,0,19526
45c7270e-c7ba-45c1-b226-061a83987ae7,1,5277
5411ccb9-b6d7-4e55-ba37-fb5b471257c7,0,6930
ed07972f-77bf-495f-8325-19c8ac9749ab,0,24482
191ebe0e-a14d-416c-88e4-4c4fb2647690,0,1890
405599ce-75dc-422c-b058-08022f60611a,1,4664
7a10efd9-178c-485c-b1e3-605298a5bc76,0,11377
cf710f7a-b44b-43ed-ac8a-8f6fd1a549d2,0,21069
c3bef210-65b4-4bb1-bfa1-15ae213bfa8e,1,19687
cee7adc5-7a3d-4f2b-bd2e-f633d201261a,0,21006
4da6faee-c4af-4ea4-84a3-7c5733bfd249,0,6176
9886ad0b-ca0e-4a7b-941c-2a7c0ee46076,0,14762
2ea47f2a-f72d-4de6-8620-d54d44bd5ea9,0,2765
d8296b46-288d-4b22-a303-86606effc180,0,22035
9c33770b-7b72-4d13-a196-3e2e17e51ee5,0,15201
6b8884f1-abcc-4285-97e9-d70e867e1545,0,9688
d73978a6-64da-4ba6-b3dd-b47a2baec36e,0,21946
c0654897-6bfe-4b7c-abd3-dda76d0fcac2,1,19393
5d0a2c0f-b152-46fb-be4d-e435b36d5002,0,7933
fa1ec3fb-24de-464e-a770-df03963a7b68,0,25981
636a287a-d58a-489e-94b0-0b3e886c944a,0,8682
8d806e05-11c5-4591-bb87-53edc3177c27,0,13534
5d133a79-b67d-4ba1-972a-cb3dcfc725bb,0,7936
611a0f56-9463-4b3b-87ce-c856a170c14f,0,8412
44063efa-4400-4c0c-99fb-01322bf76a98,0,5070
ab166102-1b92-4bf4-88c6-eaa40cf0a56a,1,16939
783cc3b7-1d84-45f8-b42d-96ceb9fc7e43,1,11152
aeae6cbc-d713-4760-845c-fcc93ed5ad64,1,17346
bfb26523-d1cf-4876-8ca7-23f7050a6f76,1,19337
6732e2b6-1aa2-4731-89fa-6e2dd58c3195,0,9153
48e50289-c648-476d-9bcc-da7d51270702,0,5641
40db36dd-0681-4f60-b414-fa8d4488032c,0,4728
f5b466b8-f96d-4b30-9989-ce0185c8e555,0,25480
e2f1fe33-c551-41c2-873a-56a23b238e72,0,23261
40329003-cc64-489c-aeec-8f029864d8fd,0,4647
3467f6d0-3091-4d79-a983-e7ca4c299240,0,3251
ce111d3e-ccce-4d38-a5cf-b31d73e620f1,0,20914
5d2bf120-562a-484a-a2db-65953e2fc734,0,7953
685d1b76-f4a4-439c-a1e5-145ac511d13c,0,9279
66dfedde-7e6f-4ee9-8bf2-cbcefea5a5bf,0,9116
4fc735e3-8620-4da8-b30a-d59caf6b099f,0,6436
a12036b3-557b-40b4-8d3d-9283362b2aa8,0,15760
7ba598f6-a336-44a9-8ba4-a2b64afb13b5,0,11543
e2627c52-59e7-481a-aaf2-d82c910d20c1,0,23197
ad6dc740-a6c7-4d6b-b1c7-3605eda91ff5,0,17206
d8c49f87-ba9f-47f5-855c-f48e05b08e2a,0,22096
c1098ce4-cb15-41c6-ba39-1fa511b82100,0,19419
e95fd267-cade-4b0d-ba4d-77d2765817a1,1,24022
601dd9c6-3544-4a3b-94b7-f9b77ae19451,0,8301
74b0e0b5-eaa2-4112-a15a-e3b883907053,0,10764
4c9e6f85-2437-4c74-9430-db5222a0500e,0,6073
86f92091-0f8b-400e-9a13-f3d61ad724a5,1,12783
8a8397ed-93cd-45b2-95f3-bf929c3a942f,0,13184
d373b335-d9d9-4594-b97e-03ec9aa8daa2,1,21507
7f07dd3f-2917-4eef-810f-680c41d85e95,0,11943
5fc96a31-b996-4998-b0ab-b4cac726693e,0,8262
5cd56a56-f0a5-4a73-8b31-7aefafb8f8ae,0,7906
b540ba89-72f7-40f5-a916-376546c20014,0,18113
dc97ca67-711f-46fd-a101-5400300e2911,0,22526
0567a5b7-3ba8-4741-87ed-488aebd02321,0,268
4cbab323-9aa3-49cd-97c7-5fbae3e53a66,0,6085
e6722c12-2875-4795-b377-badc4514d224,0,23699
f0646657-7174-461b-9ab4-07242c759384,1,24869
a2708a20-2a3c-43e4-9135-c395e7ba4fc5,0,15906
cbbf085a-692d-455a-a068-488af4311d7a,0,20643
923f30b2-3b88-4412-847b-fdceaf915dd7,0,14063
a36e7bd8-9836-4870-bc9b-bd1119b81cd0,0,16026
5192950c-8689-4f83-8332-61795886c654,0,6640
ca336358-8c4a-4d9f-abce-41dd4e6781a0,0,20461
a4146511-3e5e-4663-a79a-d0b578aca940,1,16105
2bbcfa00-cfcb-4761-b3e3-83687fd65d5b,1,2641
014c6a19-38e2-4e7f-8f14-dd4f0a4582e4,0,58
4cbec4c1-fa1f-4b6e-88b9-13cc9d92b6c4,0,6087
c7e8542c-f8ca-475d-80d2-73882238e8a9,0,20192
9c0fbb4b-715d-43ad-ac16-3cd798caaab3,1,15187
1b3bc37d-dfa7-4dee-a7dc-18008b346586,1,2005
d741e1b5-bf5e-43b3-8c4c-5eabb90ae791,0,21949
c78d1cfc-3b89-4a20-95c0-5dc62a370c8d,0,20145
ab2f11f0-f776-48b8-9d23-95ecfc7c583a,0,16948
fc15525b-c4e0-4673-af74-955525e1b99a,0,26217
704d9847-5f78-4639-a9c1-324bfab30602,1,10249
f9cc258d-3ac2-4f5a-a7af-5fca61e18faa,0,25949
b6f8ef19-5d1c-4b9c-8c3a-e9afbf1f863c,0,18299
acbd5788-b2a8-4fa3-b9ff-f6738bcf6f08,0,17126
8852c2ae-113a-4e71-9c7a-b8f67f60b012,0,12945
5b7def79-7acb-436a-b46d-0337493fa33b,0,7761
38dee97d-933d-48f7-8f77-dbb7bc9b2776,1,3794
9d5b8701-9073-4cac-a1fd-c80a6d1404a7,0,15321
c91c57aa-ced9-4499-a231-36b78e5fa786,0,20336
bdace88f-39ec-48e2-93db-0476cdf7e582,0,19102
c21ec0de-755f-433f-be49-e6ccdc94a735,1,19486
2cfbc16c-f1e4-4ed2-b9eb-4d0c40b90800,1,2700
afd36690-c66b-435b-8f10-bbf7dd5a2216,0,17472
731a074a-b6fb-4aae-85f2-30694459a2c3,0,10586
9003ee77-f609-41e6-b4e9-a0fb1f95c415,0,13826
df076110-b59f-496b-9466-e2d30f056111,0,22806
5432bc30-649e-4b4b-8f5d-ca06f27c3a30,0,6944
931d692f-3205-4c51-bb0b-5d685a289416,0,14152
cbbb9dff-783f-4776-a06b-e1ff22cd6ad2,0,20639
92a6ef67-b95c-4e7c-9203-9fac022e24d4,0,14103
59903052-140b-4065-aa4a-97599a3d0006,0,7567
f0a61294-3bab-42a2-8b6c-489a696db8bc,0,24893
eeb032a7-7856-41c4-ad44-647d1b6eac96,0,24665
ad4c8c8d-a908-4bb0-9bae-b3a584c5acc9,0,17191
38fcb370-03e9-49bf-9a87-8ac0172a5af6,0,3807
ce9c643d-d964-4796-a3af-f6395b471160,0,20974
66184e1e-d09c-4cfc-9ff7-5b892566f140,0,9008
fdad65b4-3d1d-4e1a-9ba6-5b37d1dce33d,0,26397
06cf339f-a71a-4177-b950-ae1fdd5f4762,1,404
9cc6707b-0793-492b-b59a-ededa08fb144,1,15264
1e851877-2e99-4955-8ecb-5997fe027948,0,2134
66a9c8fb-d33d-4ec8-b8bd-d0c1db96a0c2,0,9086
c4beaa39-4902-43c5-a7e0-179e6e8bbe28,1,19812
ff332704-48e0-445b-9188-b2a696d1f0d7,0,26579
d348bab9-87c7-4bd5-b02b-d01938355677,0,21491
7b4f5dc1-3585-4cf8-83f9-39df3101feb4,1,11507
6dbdb308-a3d0-49f2-a01c-85cf4cae3ef3,0,9946
ae33eaf1-14db-4dd0-8a22-6bef55522fd1,0,17286
bd1f8cea-15a5-4bb8-9eb4-d6fa3714a78e,1,19032
dec82d02-d4f0-4b57-9634-42795ad9fff0,0,22769
750bb313-1479-4883-ae12-39edd466081d,0,10811
3810c7be-ecfe-47f6-bdf9-39fcb52e9c6f,1,3678
616f7796-b973-4da5-9a6d-59988640d84d,0,8449
c3ce51d2-26b0-4996-aaef-5e4886de4c24,0,19694
f2065bf4-bc0b-4b3d-b6f7-4845d7afbbb8,0,25060
7002c25e-83ce-4af1-9cdb-a9d4899d6104,1,10218
46b722a7-d085-4618-8cec-a6b56ebb0520,0,5386
1202ef51-061c-43a4-8d2b-759fce4f15d4,0,1319
32c00024-2c45-4ba5-a8e6-29bd9aaf85f4,0,3066
5d70388a-4c2e-45ea-b807-b8c324305b42,0,7983
a755ea30-5515-4235-8899-920c103eefae,0,16510
df56b32e-332d-4edb-aeb0-518f41ee8586,0,22840
55c2c6af-48f0-4287-804b-2dc25c8b9cdd,0,7128
170a883f-c2ec-489e-8718-729060379eef,0,1658
a34abb30-f9a7-4967-987f-d7a99e132d1a,0,16010
6bb66994-3a49-44a3-8469-88194055b0b1,0,9700
6ed46917-eb06-4dfe-b573-30057da6d49e,0,10082
f9a571b8-65a5-463c-8ee7-db2f3728f5d2,1,25925
8ce38d07-8569-41dd-beb9-40d9afc3f2cc,0,13471
5a00c9c6-dcdd-4f55-99dc-5acacde7554b,0,7605
6de46d7a-2863-463d-a46a-fd85af10783b,0,9972
069cfd47-0169-43e7-89a1-0be0fa24105b,0,377
58c929c1-50fa-4b59-987c-3d5a11750fb6,0,7471
deffa472-a50f-43fa-bc8b-1eaa48adb8d3,1,22801
0f831256-0a69-4fe5-9719-1563d2b6b7b9,1,1209
3ebf4e25-fb47-4040-a1f3-236fdad3e0f7,0,4485
8f8e6d37-39ce-483c-9611-2657275fd212,0,13778
828b4104-7ccf-4c2b-8f2b-19ec574774f3,0,12338
6ec5234f-bd4b-486e-9669-fcda3d3234ba,0,10073
ee5ee553-5acf-4dcb-931a-5988fbb9a351,0,24630
9b6ddad8-a477-4284-bb96-b53033ba6b0e,0,15121
e078ef48-46b0-465f-b01e-b9e97a8381ee,0,22979
3d0964c8-b41f-4e3b-a871-fbaca943558b,1,4293
7302c30c-affe-4484-90bc-5f9f4821d2e1,0,10571
dcbc1eb6-52a1-41ab-862c-547f94f0ee05,1,22542
edab568f-29b7-4f2b-8902-cb8b2d8891e1,0,24561
984dba4e-f54a-4f82-b4f4-ec3a6f86a72b,0,14745
3cdc0d7b-b323-4809-92db-49ed6a2903f1,0,4269
6c2b17bf-f3c8-4799-bf3c-4693e6649bf0,0,9767
80a9ee3b-11a6-4961-ade0-32554205f743,0,12144
627fbbd0-5d32-4c2a-9aee-9859b309407b,0,8563
66b315be-43f0-4476-90d3-8c148b6e18bd,0,9095
ac02e9f6-af90-46e9-b9fe-a3c92eb659dc,0,17039
b0fd1358-eb06-4a82-9a47-04cea1b3465e,0,17617
6b80c461-49ac-4e42-af05-bbc7fcb1e0ad,0,9683
642f783e-4581-40a3-8a25-34b7a5353f7d,0,8766
c5cc1733-1ccf-4de4-a314-e7e39a7c2941,0,19948
f1ba6a94-27b8-4537-8a11-6c4dbc3fe428,1,25021
e1a397d7-b7ae-4427-862c-ac991dccbcd3,0,23116
f5920dcb-fa9b-40fd-95c6-5adc7ca33b78,0,25463
effc3b6b-4088-41e6-a06a-cfad22c0e1da,0,24819
81b7dd4a-7677-4672-9ad4-c7c6b29f9178,0,12247
fc4df6a3-1d49-4c2b-bcf6-40d3a8a34ba5,0,26240
333b7a3b-2d48-4926-9498-3e6b30239ab2,1,3118
0404639a-94b5-40c8-af85-8b0c6a972b01,0,201
4b8fa5cb-16c1-40e2-8ed4-cd6a40e24049,0,5952
d8a9e6dc-7314-4ab7-b978-1b2879333bd0,0,22084
08378826-08b5-4853-a607-254a419fbac5,0,566
5a4d1861-2b19-4a7d-8e07-692530bdb634,0,7636
e87d8111-5071-446b-82f6-00a55f338954,1,23935
157b06eb-8099-4a11-9339-43d5516830b5,0,1472
df173df1-e168-4409-bc5d-9b1021e59f60,0,22815
35ef8c74-74d5-49ae-8b45-98d349344628,1,3440
436e1ed4-19da-4d91-bae2-b06eec8c1a6a,0,5017
ebbfe938-9d62-4c77-93b2-1184c22572a7,0,24313
cca612d6-7140-4420-919b-a0f18aec4315,0,20748
240d4da6-3775-4515-b884-d67bccc47496,1,2338
50dcabc3-7ef6-4965-9a85-e15aa321c482,0,6575
fecc154a-42d7-4621-9518-07adf1b9d72d,0,26524
4022d991-46d8-4fcd-a898-a6e5a2dabb13,0,4637
e1103545-2a34-4b20-b924-ed21c48c9b31,0,23041
f689b923-b02c-4716-8f4e-589b56def328,0,25571
c4a01685-47a1-4ec1-86ac-78517e008b10,0,19793
84fc2a49-5501-4762-ac20-f10d10f5bb41,0,12582
fb3c2065-8458-481d-b45c-9e1887409ecb,0,26107
3708739c-3a94-4ab8-9676-01250c8bf243,0,3561
b33610c9-a152-47f8-8ee5-4f81dce62938,1,17871
8ba647d3-a5c9-4ded-815a-e24dbfe7dd59,0,13326
e724acd6-f197-42da-a58b-5bf19939819a,0,23783
7fa60e93-a01d-4523-b164-b76cf61fb209,0,12030
da9d4b82-74b6-4a45-b1b6-7c93439f4b57,0,22309
fcc27b71-0bb3-425c-95f3-063ed01e10b9,0,26298
e1e1ab43-4efc-487f-ad6f-82dacb348ca3,0,23138
9487ed06-81a2-48d1-9c24-139cfab7c788,0,14315
b8cf9f96-ccb2-4465-a1ab-386ff38889f9,0,18505
436dce2a-06c3-4281-bb8e-840497a49381,0,5016
e43de397-bee8-44c5-8e12-e77fbdc2412e,0,23410
1436886b-785a-4767-a078-c02510681c3a,0,1396
fe6a671e-ab77-4a45-af7e-1fb715efd15f,0,26475
81a42c61-5992-4bb4-bf77-64e35c788941,0,12239
5d5585f5-3e22-417f-b106-8d2fddfdfaa3,0,7970
b407bfac-f351-4129-9e55-53e825f7ab16,1,17968
bef738ff-ef1f-41ce-baa7-e40009c8deab,1,19247
804249b1-2260-408b-9aaf-3f2e3eeae93f,1,12097
dd48c4c9-2b4b-4439-b09b-0d10e39a39c0,0,22597
d57ecb68-cbf1-46cf-993e-a3763d1917da,0,21732
008c19e8-a820-403a-930a-bc74a4053664,0,28
1d9ec3ad-0120-428b-9778-3805f9348092,1,2110
c613fded-d877-4066-a137-73de9c78180b,0,19987
c89daf2c-b7dd-4455-9efa-b3e412385d74,0,20275
68a9e76e-34d5-45fc-9d39-d20c2a52eaa1,0,9310
9cd4233f-b8c0-4c4f-82f2-5b7cfe3255d1,0,15266
a1b04442-6cdb-42ea-9aba-7b813433dafe,0,15835
1754e482-71f1-47c5-b9ab-80f4debcd897,0,1680
caf1f063-0ddd-4387-8e21-0eb2a87fd638,0,20541
dab617ab-beb9-4878-aefe-1b532b8e7e41,0,22323
b7865631-3c59-43b1-bdbc-117844b95456,1,18367
7ca2cfe6-94cc-4fc9-9e23-8409fdb875bf,0,11676
ff585970-2151-469d-84bd-331480de6096,0,26598
88323555-57e6-4101-802b-d96595967ffd,0,12927
3cc73009-379c-4b44-984b-d0d117f4dd09,0,4261
f8aa49a2-296c-4b1d-a866-78a7e5fee296,0,25803
486777ec-9e13-4bc8-b578-f7d48c098c6b,0,5596
bca62fcd-acd1-4ffb-8e1e-fabd4f7c400f,1,18977
3a925cdd-891d-42bf-9ce1-30e7c95318be,1,4005
a917ad13-d23a-4758-b943-34c74acc19c0,0,16713
c7d4ba35-0fe6-4062-b685-e23580c27325,0,20180
3a6aa686-b3ea-4e24-86e4-3129c520131d,0,3989
6fd86b1c-6b2b-437e-b3ec-b36f380499c5,0,10202
3d3cb363-4214-4556-a0b2-7cc7cdedfc8d,0,4318
c5dc3440-1fcb-42f5-ad20-aaa163d7b8e0,0,19956
4c2d30a8-f815-4f71-b3cf-4a522f0f353e,0,6018
e3c9fc4d-54d8-4474-81cc-2da90c149e21,0,23361
82635130-37c3-429e-804f-c2c01f5f6020,0,12322
34af7b68-8982-4bfd-bd8a-af266418906c,0,3292
3b718147-35ba-4a9c-b30b-3be6a432c100,0,4106
be4962ec-6af4-4cfb-859c-382ace1890da,0,19164
adc6368a-70d1-427f-abd8-54ee2022125b,0,17244
95e94513-0036-4cda-80da-e5f8d5fb2738,0,14471
a70f69e6-aae3-459e-a3dc-175a2bcae6b9,1,16473
a5df5290-3225-4f9d-8cd2-91425419bb7c,0,16329
b892d98e-84ae-4ca8-9996-fc0006cf0d2f,1,18482
62fb5ffe-8366-4019-9b0c-49c02cb4280c,0,8625
3036fb15-305b-4e9b-93ab-4e555a0fd323,1,2840
a6f5189c-de2c-46af-93ea-ede19e7c51cd,0,16463
7f5c19bf-ea76-4979-8fa8-f750f6550993,0,11983
d7cac31c-73a9-4c8e-ba03-8a4e707b62e0,0,22002
101e82b5-8be1-4318-84c9-0c64813f9ac5,0,1244
c77397c0-c913-4efd-8a03-afe76af020ed,0,20135
f4b6d435-9ed6-4495-8b50-0745085f1400,0,25361
ba14ae2e-3d32-4c84-8784-6452ae1adc23,1,18654
79877128-e892-499b-aa3e-c1885f5583c8,0,11316
3e5d2773-d4a8-42eb-bc5a-395bf04b0ac3,0,4440
f9a0d038-76b5-4252-aeb3-b0a82aeeddba,0,25920
0e63cd8d-3f26-4f6f-b202-683e747d3458,0,1150
0cbadade-7aae-495f-bb51-42b8ebd1b7cb,0,1070
60982857-2a28-49d2-ac9f-16485dc74ad8,0,8350
20903dac-37a5-4afb-b88d-18ac705c5c08,0,2214
5f2b98cc-a7b5-46d5-9ea8-4fa260cb998c,0,8184
17533758-98bd-48d4-adc1-07c8f4dcf9a9,0,1679
f9b1d0ca-bf12-403f-9bfd-18377cdeae85,0,25931
4c0f55b1-26d8-4313-82e9-660b87cd724d,0,6008
74bf8577-46a5-4066-bdaf-8952dacb2712,0,10770
ae2f5836-43b7-4cf6-a83d-f3783e92ce46,0,17285
a7714d9a-c359-4edd-94a4-c6943c437021,1,16523
1848803a-5c73-49ff-babe-800c2389d745,0,1802
b8834f0f-8ea8-4ceb-8ce5-d5dcb9569fb4,1,18478
1854a99c-bfc7-4f4e-8396-c97eebb20106,0,1810
b852140e-62d4-4ddb-b344-bc694bf9f167,1,18461
74e8bd5d-687f-4c95-b2a5-e1568ab8a7f1,0,10787
bc8eef60-eaf9-4586-be77-5be336f9b27c,0,18963
c6cf1348-45b7-4faf-808b-18e5797194b7,0,20065
9dc1d341-d3a7-4745-bd02-6c877d696bf2,0,15351
a59835f0-1e71-46fc-b68f-2a16ca414b4b,1,16291
e332fb1f-04c4-4317-a494-62a5cd646518,0,23299
71ea9683-d7a2-4613-9838-e0ec52a3e76a,0,10451
c5de782f-a7b9-4686-bb8d-2d35ba96362b,0,19957
c06259e0-8028-4bb0-8d41-867a9d766cf4,0,19392
36d7ebd2-a4e5-42d1-bde0-c7699da0b152,1,3535
18287dd8-6e84-424c-914d-c549680d1b9f,0,1784
b375ac9a-9005-48c8-975f-9b439b4fc867,0,17904
96d01e60-2cfc-44f9-8b6a-f0615fa09ea5,0,14570
e4abd1db-cc78-4e13-9a14-b0496477286d,0,23462
64b1aa7c-42aa-4685-8acd-4ff0eae65117,0,8830
8ed3380c-44db-4df7-8078-7a47dbdba32a,0,13689
e6a915b0-0a5a-467f-97da-ede1e3dc47a9,0,23730
7e1332c9-dff8-4910-bc9a-5459bf8ecb50,0,11823
86f34519-a36e-462e-a8f3-842b992dc46b,0,12780
15cdd2b4-0fb2-482c-92ac-a640e94eccba,1,1515
c5d83772-02ee-43f9-a2a1-b96d53755ab6,0,19953
73fd2eb6-5d51-4f15-8cf2-4a8159592d2f,0,10681
6ea74233-1db3-42a2-ae50-e939c35fb1f6,0,10057
82beb85f-6cea-4e41-8864-a0b0a7a4f739,0,12358
40de7d48-6a58-44e5-bfe0-1300057f8d85,0,4730
3f702d6d-d83b-4fb6-8078-84c586652373,1,4557
4c2749cb-7bb8-46d8-9d14-491d0035f891,0,6016
7bf0f0cb-90ff-4e61-ab52-e05053689108,0,11589
79719bdf-3066-42d3-8496-6a12e12d2523,1,11302
3fda34f3-a6b5-4e60-a742-8055b05e8a23,0,4601
5f9bfb92-2930-414a-bbeb-8f63a9c73de3,0,8238
c0ab74ee-9995-405a-be38-4e74223b050b,0,19404
3f167edb-74e4-4a4a-b710-9732659ac767,1,4516
ad486d32-da7c-4283-9fab-cd08e1c36584,0,17189
389121d2-daa4-4ab1-b080-905c3c11eee7,0,3743
8dc9b385-3355-4eca-b173-54fd5cf04d8a,0,13572
23253085-831d-41cc-b6e2-bd330d6ea44f,0,2291
4ecdf6b3-8548-4b91-a5e8-3ac330b4145d,0,6318
82c630ab-a9f1-4655-88ca-9d48d3a80bfd,0,12359
91d66175-55d7-4a72-ac9f-e07604dde06a,0,14020
255bd0b6-8c03-4eac-8275-941ced8de709,0,2390
976683bf-4b41-4641-8763-cb2613a2aba1,0,14635
f467e3d7-a578-497e-97b2-d3a7b05b2afa,0,25329
54d69a5e-7f51-46fc-b141-0fd7e7086fae,0,7027
4f43ccda-2716-4db9-a2ac-5562af6fa6dc,0,6373
62f2c1f0-e48d-43a3-81fb-3bd803768f74,0,8621
35555536-4cf7-4f87-bfe2-8af308264f73,0,3365
f9ece63e-a771-49a6-bd6f-a78feb367f34,0,25958
f8f17799-4475-4e81-add5-7cb50ec255fa,0,25828
cd8c40d4-7c97-45a4-a35a-e270d289dcd2,0,20861
9bf4179b-45b9-4276-9217-92963748b049,0,15173
fe765ddd-3cee-49ef-8cec-d33accd7a5e5,0,26482
828a07b4-78cc-4ec6-8f16-863a6b308ade,0,12337
b0b71bfa-9d78-4325-87e9-7b5f03d6cc99,1,17588
d835db70-7ec9-417a-a959-2f7682941e2a,0,22044
52591b5e-6715-4339-9d54-9b636e55a668,0,6730
c6a315cc-23b1-4e2d-81f2-a07aef306f47,0,20046
31694f91-f16d-4d5c-9dac-b5c7dd5c767d,1,2905
8615dbf0-431a-4b5a-abd7-6811fb272ef6,1,12699
85727853-cb45-478d-a517-a0f0c85d0eb5,1,12625
bc54c1d6-8a51-4bae-adaf-d2b7ec7c4323,1,18930
eb056e61-98f0-418d-a5e9-b82bd8d2db93,0,24224
c2b612b7-72d6-4224-87d1-2e55e4ba905a,1,19555
2a5c0a25-eb3f-49dc-b47f-5b2b4e0c59ef,0,2596
96b3d885-ac5f-4ccb-ae8b-2c7352bec348,0,14552
a68acd1b-2ace-4de3-a094-72a535098cff,0,16402
680bac36-4bc5-4bd2-ae32-2ec2689d42e1,0,9248
4c1d496c-1766-4324-b551-0126fd1b07f1,0,6011
c726b441-b351-4ad5-b0eb-4ea066265959,0,20092
07c6955b-57c1-4ba8-8b07-81b333624ed9,0,519
9ab76ba7-f0f0-4dc0-a4e8-57edce55eaf9,0,15050
fca8dd9e-ed0a-4818-863a-a0a7f0aed7f0,0,26281
cd05916f-af4d-47a0-a4b1-4f9d2436d54f,0,20795
de4b016d-8fbc-46b6-b22e-0d1641c75c6b,0,22717
5686fc75-54a1-477c-a9c7-e9a4e39b8e14,0,7213
b011429a-7f44-413c-af22-93b110e9710b,1,17509
157a7371-119d-4549-82be-fbecaac4bf54,0,1470
77823cf2-2603-4db9-9c50-ec8ae13674e3,1,11084
4e75169b-0e7d-47e5-becd-7d69be08dcf4,0,6283
41966d18-052b-4335-9e27-2a100ef5b4f1,0,4822
8e277feb-212f-4f1b-9d42-39ab4e0cefa1,0,13614
422d598c-f96e-40e0-abea-f6db2f9945ec,1,4887
4291fe4c-ccd9-463c-a29d-e4f1ef6b73ca,0,4928
b532569f-be57-44a1-8452-83aa0bf278d1,1,18104
076149ed-e1a7-4424-b283-18161c95e0e2,0,481
b1ebd57e-6037-42a0-9e31-612968c4ff92,0,17737
b7fa086a-5270-447d-9d67-ebd5b1eed212,0,18417
68276cbf-0a10-439b-905a-6cefb1e2fdf3,1,9262
6ec9d99e-a8d6-4ae6-8531-d46042d6500a,0,10076
5a0710a6-1396-40ff-91a0-d5b8e38b7836,0,7608
1a93ba37-ec6b-4562-87b1-ca23be8a1e1e,0,1978
af06dfe8-ee19-4097-9129-95cbdb6929e5,0,17392
c3a6ca22-c09b-4be0-a59d-e52718fbb645,1,19671
fc28ab06-6c07-4ba0-af16-7f1c5b133a00,0,26224
9cf369fd-9fad-4577-95ba-18085e64f4c2,0,15280
a9a44b0a-1f71-420c-adfd-cf3c7bdd2625,0,16785
d2d826ce-3a0f-4f4f-bbd5-367415da7386,0,21451
b7667cf1-104d-4413-93bc-49b1e9613e4b,1,18353
43896c75-95f8-49b9-83c2-1ccbc4c159ad,0,5025
846242d9-f270-4e06-b62e-86c58bf0c6bf,0,12529
cccea159-6c12-453f-9d6d-a1a5ea716d5f,0,20760
8755246c-f297-4c6e-89f6-f16d732b0b31,0,12826
6050f5be-e861-451b-80c4-0b79c9eaf9cc,0,8321
f2f3fb4b-6060-426a-81d2-b84c1ec588bd,0,25170
4ac6c6a0-c94a-4168-8e30-c9a74cda673f,0,5857
86476bf3-2f34-4289-835d-466a53840fa5,0,12716
b812234b-987c-47d8-860d-04fb4bd811bf,1,18432
ebf19d5c-7a4e-4192-8cc7-2bb14f20e48a,0,24345
a968e822-adce-4a16-be1b-81764099c9a5,0,16757
5d7d4ce4-2fcb-4101-9ba2-ea8d0d59ac35,0,7988
d6829280-5545-4b88-9cae-8b09ffe5b4cc,0,21847
db9618f5-8c95-4c76-b29f-652899c5a50b,1,22418
a662a526-362a-4c97-9407-3ac207c5ba81,1,16382
ba06c828-df8c-4c6f-a869-b3ea7d1991cd,1,18641
69f67e49-d9f3-4763-b2cb-db657f1d0a58,0,9471
f73ff426-6e28-476e-82c6-31d3603a1cc3,1,25643
8cd59e79-9242-4364-8605-2dd2c162292f,0,13464
6bbc0333-1026-49ec-9129-f8aabe686bce,0,9707
10163e08-1de2-44e1-9145-1922f4dd6805,0,1241
69e6daf2-a1df-432e-b45c-fd11f49d2fa5,0,9466
b0780603-efa4-453c-a51c-a23c4efedfc1,1,17561
877c4b8a-4ed8-40a0-bb93-ab28473adffa,0,12849
5e3da45b-f7b6-4948-aad4-7a37cf9cae5b,1,8072
f1bc26f1-19a5-4513-8a79-4083b27c0325,0,25024
ff71338e-e5c8-41c4-b057-e7743497665b,0,26613
38d43187-e89e-4ce0-baea-54ed3b254b26,0,3789
a0a7949a-d305-40f8-a8a4-3cfcb773f3df,1,15697
c537edd0-15e7-4a53-bca5-80db800d6e68,0,19870
73176c86-28cb-425b-9744-27b76446aabf,0,10584
67bf005e-6939-47c6-a73f-8eeec0df47bb,0,9212
b8fbe64b-f29f-4c6e-9b4e-999d69719ab8,1,18524
7c9248d5-b2bc-4359-9667-108109a2de2e,1,11669
7b873ad9-75b1-4658-bcf4-ca468d5f90c5,0,11531
f442953e-1f6b-4968-a376-62a80cd20a0c,0,25314
d1a4a9ee-fe25-405f-bb6b-e775dce122a2,0,21313
f37f1b3d-eeb0-4a82-837e-8246e400e810,0,25231
cb8b5355-24b1-466b-88d6-2328c670f221,0,20613
4a06df5a-6c29-49ce-9fce-9eab18d6905f,0,5775
4cd08263-ec22-4694-b9b0-a5c43c1813de,0,6094
f3e242b1-3950-494e-857f-d110859325ac,0,25271
b3550a9f-f3b2-43aa-a4a4-47a37dbafd8f,0,17883
a93c3646-b52d-4dd6-b0b5-40c7fed693bb,0,16730
fb99325c-b1f6-422f-8b20-b6fab98c8fcc,0,26149
36144553-f906-4552-9d9e-e0c25885dcba,1,3453
cc4ee7fa-24e0-4b29-873f-bde1671290f4,0,20707
a26bdab3-55db-47a6-8641-1371bd6d2568,0,15905
982080bf-375a-4619-a462-1451de3c937c,0,14723
54a3d1e0-88fa-4027-9a5a-3b0dd9fd8c98,0,7005
8e37552e-0410-4afa-a22d-c9084e9f09e2,0,13621
149173ac-662a-4883-834d-43ff97a29b18,0,1407
b74fc666-d2ff-48a6-a5e3-b42430af6bf2,0,18334
49f8b627-9a06-4606-af75-a12efa65daf0,0,5769
bd25f8f0-311f-4373-af5f-25ad7e140344,1,19035
a029f3a3-aed3-41ad-8255-262b8553cd06,0,15649
9e9ccd67-62ad-4dd5-95ff-ff96aaf2f4a5,0,15457
bf88dd53-1b28-44b4-b101-33b49816d8a0,0,19316
5099a9e9-7639-4106-a1d8-59c6254b50c8,0,6547
c274dd84-189a-448b-aabd-a71d8aef7a83,0,19527
511bcf49-b973-4fb6-8e99-7cb8fc7ed0a6,0,6600
81f6fcf9-88eb-47f2-b217-714feaf5289f,0,12283
1d5af9ab-1f62-47b2-980f-71e8409d7c3c,0,2100
fcf2db6b-69ec-480d-8924-3653c7d350e4,0,26318
0f5d1591-5e8d-4328-9ba2-0d99deb8ad57,0,1198
2a55f0bc-4943-4473-8f08-5c0a36fdc929,0,2594
a49c891b-2ffa-40ce-b2a9-2aa9fcdf376b,0,16164
44db1d69-388e-4268-849e-852c1f092a01,1,5170
b01d24dd-ff2e-4b9b-99bc-29023fc5b3ec,1,17515
7ebc20aa-a424-4851-8098-c0884d8a8c18,0,11907
41956795-f289-45fd-b72b-4dfee40754e2,0,4821
0b507e5b-5037-486c-81d0-8a6f86797056,0,889
d091240f-da0b-47f1-b88a-a7fc8ffde8a9,0,21187
76c05ccc-eaf3-467b-abae-7f8f1a4aa6c9,1,10996
4eb2783f-e817-4fd7-be37-18b95ab66096,0,6307
d6fef463-081b-44eb-9dd2-4f7a0685058f,0,21906
e32be4a8-2f2c-436a-8a3c-e4e424fad060,1,23293
974bf1e8-511a-47bb-bae5-c805b79a528a,0,14621
77a4a76f-d348-4dd4-b22a-d7b676121d78,1,11098
d03e9027-011b-4d1e-8cc4-ecdd6c51a6ba,0,21155
a1fb3bf8-b4bc-4dd2-9cbe-e4b2ce75789e,1,15859
7c897de5-15ff-405c-a77c-c588e7e151c0,0,11663
a64bea19-d9c9-41fa-b714-d834b43846b8,0,16367
a5bfb978-b5cb-440a-8a93-7d8d2d7e8954,0,16312
772466fc-4641-4296-bd8e-e48246540f5b,0,11040
9b468a46-bd36-4f66-9389-8c244a4995c6,0,15106
229c584f-7174-4fcf-b740-7127cbf53525,1,2270
055fde50-adad-457e-9672-05c8ea1533f5,0,264
33335926-998f-4a33-a799-5cf60aa28f43,0,3112
2e84276a-cac7-4573-b71b-512decbc4f88,0,2758
02285fa4-35b7-4af6-b88f-3cac45a7f5c8,1,117
f60ed3c9-4287-4724-a085-71e0c51f8d41,0,25523
2e1e92ea-36f4-4340-98af-eb8956961175,0,2743
99679f2e-a780-408c-96ab-9547197e3309,0,14889
9a609592-f47b-4c77-ad7b-be4f8833aa1d,0,15009
5ed4e7c6-77e4-4462-ab68-e7ddfe2bad5a,0,8150
8d428c40-37c4-4a95-bce1-eba03d848db4,0,13504
33c3fccb-bd63-4da3-a6cc-3fbbaa4ff209,0,3178
077b3a33-856c-4df6-b036-d16f73898bb4,0,494
4e8486ee-7248-4880-829f-e247fcc9175a,0,6288
bce09fde-2765-4fe5-ac6f-1e5966a43882,1,19012
af9788f6-93e8-4460-aadd-5074c5b3b7fa,1,17453
290e32e9-3632-4642-a1d4-70c975d376b7,1,2543
c4b25d82-38e6-4734-9e53-7c1d73912027,0,19807
0295573e-1bbe-4f14-83c2-32449fa79f10,0,134
f0c03e9e-a3b5-4f45-aa8d-c341c16c50f4,0,24901
a32d9e87-b796-46de-89f8-adad0149ca1d,0,15998
8172b32c-460a-411f-b0c9-c7cc82297642,0,12217
715caca1-d412-4e0b-bc4c-9828339191eb,0,10379
12f9962e-5c0a-4445-90a3-3b9ae1168cb3,0,1352
0c77d941-5f63-4e2a-9c1e-4a58043acd55,1,1040
92104a70-8f4e-444a-b129-8fb204a46c52,0,14049
2c810189-ae70-403e-8846-3286925af6dd,0,2674
eebb21ea-9ef6-4d92-b8e4-1abe19ba94f4,0,24672
7108e6d2-d643-42cf-892c-9e15e20e9cbf,0,10331
dd6d280d-6a59-4344-9311-d317defe282b,0,22616
aade8b9f-ad2c-49f7-9fc2-7acb65b63b1d,0,16916
bca4aa4d-0cc9-4cc0-b06d-5b675194bf62,0,18976
3c1fdc6b-2e9a-46f7-8dbd-28d4155f9b93,1,4182
70559288-6edd-4228-85b6-c53776a754ed,0,10252
83734475-2ce6-4340-ab60-a318bbddc218,0,12440
a5e4533f-113e-4a3a-8a9f-c0873d172e48,0,16335
4668a90c-d352-47d0-a3ac-a54aa8ce053b,1,5351
8a88074c-67c4-4ab3-a573-54e1ed1f9c3e,0,13185
da232efe-5a6e-41d7-adac-27eeb671cb61,0,22268
654cda25-db25-4511-9649-c13c4df922a4,0,8913
cd84b533-e235-4458-a278-69b67d743b83,0,20856
b42a1fd8-9afb-4926-915c-0d935af3727c,0,17985
663c34ed-9fa8-436b-8c35-88302307fa5e,0,9024
29576186-ed47-4331-8ea0-08d899822c1f,1,2551
7a662908-735a-464e-ab5d-5441bfb902d8,0,11410
f1efd5e0-c6d5-4d98-82cf-af28ef0ad044,0,25054
4522d490-b6c8-42f3-907d-d7182a790487,0,5209
d213b300-15b6-446f-b9cb-3d9ddc4baf4f,0,21363
909b5165-08ad-4bf1-b3af-2aba2aa5be0e,0,13892
d8a9fb54-e7a2-4d4c-bb20-63664144a01c,0,22085
a26badba-c8eb-4cc8-af8b-3ac81be71442,0,15904
8d9114b8-00b1-4d7d-a311-e672c834e08c,0,13543
7725f6fc-d01d-4f4c-b0da-dee26ed91f52,0,11043
afe1b6e2-203e-4ee5-856a-2f205d8bca2a,1,17479
ba66a843-4afd-473a-82a6-7cc80bb74757,1,18698
d984ecfc-6b4b-4f39-9e66-c0b79a3d00f9,1,22187
bb1017d9-2ae2-4eab-b696-09ad0e109bb6,0,18786
de5176e3-9654-463e-ada9-17c432e01e59,0,22720
edc75fe6-7499-4c32-9090-300ea5d669f4,0,24571
b92ede51-1673-42f6-94c2-aec4504075ec,0,18544
16aa1662-cdcd-41e4-a2fc-4141bd950b39,0,1618
f5d42908-a9c2-43ed-a58e-c02503cf85f1,0,25499
f78a62d0-f9aa-4828-ad8c-ec4917f52d48,1,25674
f709fca4-e872-4251-aa84-e1941fde8f58,0,25623
8ac92a3d-6fe9-45d6-ba9b-a860abe38f83,0,13214
89f5e0a9-1dbb-4e5c-8d1e-38e6c4638db5,0,13120
aaf271c4-df7a-477f-a609-4dca15b54649,1,16919
4dcc0124-ba1e-49d7-a08b-8c2f23cf4bd1,0,6199
e3bcba66-438e-490a-aea8-3afa233339b4,0,23355
13bf28d4-fa19-4ba0-966a-938f676d6d04,1,1378
54c802c5-5e86-4c6f-ad98-5ecbc3d40841,0,7020
eb3ee01c-739c-4c97-b31a-8522f2926981,0,24257
0c2fec36-dfeb-4fec-9a7d-e7c4a960c761,0,1011
43e186b6-93c2-4f9c-9bda-2de20f09f043,0,5055
c2e4e8a9-00bf-4790-9ab6-8829e9890915,0,19585
7b473c22-390a-42f9-a6bc-b9e25ffa008c,0,11504
4d4d787f-1500-4726-9389-18589104b99d,0,6139
98f8a431-df80-4f68-8254-273debc3db16,0,14827
f1b4ca70-18b8-4ec5-b185-d15e15316cb7,0,25019
4ee90e83-36d0-410b-95a3-8eda193d7eb3,0,6328
d1524efa-1ee4-48a7-8532-00a2cc94b96e,0,21278
9ba0ddf6-3ea8-4ee5-b133-d295ed914ab7,0,15143
6478344f-9f81-4591-bc01-8f3a69cf17ce,0,8804
755233cd-2ad2-4cbc-b927-97243e46135f,1,10842
cf4fe47f-62a2-4b8a-96ce-8a30296f5a7f,0,21055
d4874b9e-a350-4143-9dea-8f3282605f77,0,21613
58b9904a-1e44-40ea-86a6-c0b9d32899f9,0,7463
637f2280-b83d-48ef-969d-4ee08dd3ff20,0,8694
ff1c102f-8294-4156-8771-aab8c6f9a819,0,26567
651181f3-a39a-4526-82d3-95d76f94e1f8,0,8877
7e6b2047-eefb-4235-a3d4-02eb27ebc642,0,11869
7e81879b-66ca-470a-903d-edce8bc7a218,0,11877
bef1fdfe-b4a3-4170-88de-d57338d602ac,1,19244
fc164842-b109-4f1f-9f60-e8f2358ddf00,0,26218
b5a22c51-47f2-4091-af34-ea9b59b298fe,1,18158
0c2b024b-5efa-4cb0-8a3b-7cc647665566,0,1008
a034378a-8f79-4f29-bce0-eea14103d630,0,15654
d726a6a6-a048-49d6-9103-41159a98ec84,0,21929
62481a3d-6363-42e0-b65d-80d35d8ee489,0,8537
5dff4f1d-a3f8-43e1-aa04-28538be75a40,0,8045
43673056-35e7-4b59-add8-2582b8e3f1cd,0,5012
75212c3c-7714-46d6-9927-0b5b58f28f54,0,10823
279de21e-898d-4a8c-a1f6-fcb3335b88aa,0,2478
d442daf0-cc56-4c05-8874-94712aa53704,0,21581
ed37211b-bc6e-41b2-b246-e47707a07687,1,24512
69d6aaa8-ff47-4cd7-b183-f5ea21eb2a36,0,9457
76b93616-f7ab-419e-a4f4-dc3d49e43dd5,0,10992
7788be77-bf04-42aa-80cd-5be6f492c469,0,11087
befd3b4c-d0a6-48fd-87ee-db4340ba4abb,0,19249
bacaffa7-30d2-476a-a576-346e390153c5,0,18748
bad209bb-8814-4a94-9e27-4370052e3b85,1,18755
86f82671-b57e-483b-a5d8-47ba057ac370,0,12782
94975092-e29f-42a9-a05a-afa80385b66e,0,14323
d313d0f0-3d08-4bde-b0ba-b1eb09c03fea,0,21475
882e6633-37ae-4100-a315-5de37a6a1cca,0,12923
6249ddb9-1c22-4b28-84c4-cbc153cbb8cf,0,8538
deffdefd-81f7-4028-a8cd-a4ef500d20e2,0,22802
42c5154e-192b-4b06-baab-ebecff1d2eed,1,4947
0f1fced1-4c33-44b2-9009-1370aa6287f3,1,1187
d1e1b4b2-820c-41a6-8c38-156109ea2357,0,21340
37b16c54-600a-408b-b358-adbcc3ee24e5,0,3638
6c633588-a928-4c1f-aa94-4bdb618641cb,0,9795
5ef06067-7884-4079-80ef-24cfe392e939,0,8156
7d74d9bd-bf0c-46eb-a27c-031062c13c10,0,11760
ddf1f5ef-7bb6-41b0-88d2-5105b0883067,0,22675
284a890a-955c-48a3-b085-14363c3c5d89,0,2511
dc8a1d90-4ee9-4894-a68c-84a2f06dcb34,0,22522
89d39f67-87ba-4eb2-881e-403e8e83e3ce,0,13107
ee1afccd-73db-442f-8465-f85dee2db2fe,0,24601
f265ebdf-6992-4483-81cb-f5490108fc0c,0,25104
b55b63fd-2e8d-493f-95c0-05390ce2613e,0,18129
bf506a9c-19c7-4dd8-acb4-b8d6569091d8,1,19287
e4adbfcf-d787-473c-ace4-7ea59984f732,1,23463
6a93ea2a-5b05-44e1-828d-e22b2817d459,0,9560
9960c058-8c83-46c9-b311-5dd7e927eb34,1,14885
730b6928-fd01-4955-b4be-bca1e1e9306f,1,10578
6a54a939-98bb-4452-a18b-8c13d108675c,0,9514
2fa8e28a-dce6-4c68-8bb6-b2537476577d,1,2812
cc96c2cc-bcf2-41a3-ae5b-6502be5fb2f7,0,20738
657df63c-3461-4469-8018-1114956db567,0,8937
9445481b-7d18-4afa-a5d6-335ff7a560fb,0,14287
627567ae-907d-4d83-907d-79db88f48303,0,8559
71d63444-7863-449b-a3f6-d599b6d00e49,0,10443
5947cafa-9b58-4565-af86-b8e492d6620b,0,7528
5f0ea4e5-9435-4d09-b1cb-641ead9ffd32,0,8166
716a6a18-5dc1-438d-be42-d3eb3ca577d1,0,10388
2cafbcf4-4191-44a1-b81e-b3b6c75ecc7d,1,2682
a411265c-e57e-4428-8064-4359a8605b49,0,16103
18996e90-1465-414c-b623-de6da68336dc,0,1841
a1a0d656-ab14-4d66-a330-1a39aa51e8c1,0,15828
a770c776-65f4-4630-8b51-0a458a96780f,1,16522
fe27a8ff-34e0-4a60-a905-ebf48309b569,0,26448
33ad483b-e621-4536-8b7e-4dbcd9d6ef9a,0,3166
b8d1d66f-97a3-4474-93d5-d7cc3c833081,0,18506
e7f17ecb-3848-4edf-a51d-9d9fe1d4e8eb,0,23869
418285cc-41b8-4586-bc37-5bcd1ee4bb9f,0,4815
39054eec-90f8-4fd9-80da-b0404be7153d,0,3816
9a041c2c-0bf9-4978-8720-58be5d7e71fe,0,14970
dca9672d-86ec-407f-b8f5-ac86bcd36bf3,0,22532
61ce0cf3-07e0-4969-b724-beecc01f8447,1,8485
5583aa85-0700-4ad4-8d47-4d2fe5f5475f,0,7096
485f1ddc-8562-432a-a27e-9c54375c19ac,0,5593
396a6819-5c6c-4809-8b76-4f41243a1d4f,0,3862
97861aed-bd6f-44dd-a983-556467cfa9c1,0,14650
c4819731-dc22-4159-a654-57cae0b6ea14,0,19776
c59b3d0d-a679-424b-9c02-8197d8435a83,0,19918
7ae6b106-4569-486b-886f-e7d5baf48f87,0,11465
f3f98941-5ec0-450a-a616-16f23750184b,0,25287
530cc8fa-405e-4f03-8d9f-f980438e4e65,0,6805
31d4a85f-70f6-4831-9045-a715d9a33825,0,2960
515cf9cf-b5e9-4e7c-b926-44bd9e97607f,0,6623
2f55c07d-beb7-4b5f-9e9d-18d4fed5ae27,1,2795
7aec5115-877b-4315-8474-8c79a4389211,0,11470
fb185f1d-6c19-40be-8db0-7fb0e0517fe9,0,26093
fa25938b-974e-46b9-8cd0-ea346ed99c7b,0,25985
4f39658c-3628-488f-bf5b-e72cd13c6ed3,0,6365
891a1dcd-ea73-48f4-9508-e3e52ba3c5fc,0,13023
c8f8c1af-28f3-420d-85d6-9501a8002097,1,20320
db607219-c7f3-4505-ae83-a71a918a1a19,0,22391
12ee00f1-d4ea-4546-a07c-d43280aca538,1,1349
f1e281c6-abc1-40cb-b4ca-64d61ccfa3f6,0,25047
72cdac79-3367-4312-8b8f-2da4938b2153,1,10550
1b14f17b-bfca-4ed6-9f7f-9fe8e0b4a007,0,1998
37797c44-8479-4adf-b134-5074203fcf0e,0,3609
e5bd8650-d4f6-4f8f-b3ac-fed31a1cbd7d,0,23607
96f6e753-c609-440a-9c94-fa65d47b38d7,1,14588
65139428-111f-4e09-82a6-14fafe18cbbe,0,8878
44ef3c88-24dd-422f-9999-167d382ad340,0,5185
a112c0f7-0a9e-4b16-9d85-fa1c21ee8f67,0,15754
56249696-a22f-441e-9e4e-8465d0ac7f70,0,7171
99c918bf-5709-4bcd-90b1-e497efbd2262,0,14934
8a0d16d4-5824-4bd6-a6b9-987e2bf71f3c,1,13131
9a74e24a-7b2b-4318-99d3-d783e67dbbfe,0,15021
a22f0f36-ac98-442a-a980-069a248630a9,1,15882
33382d82-31fd-4a74-950a-1820412aa6c5,1,3115
a2018dbd-1979-452a-a629-b5230b69d259,1,15860
848a75c0-f225-406c-ace5-4c8589cc2368,1,12540
d5750138-776e-47e3-80c9-a413c2ea72cc,0,21725
41c58e05-2844-472a-8e46-74e5eb4edf43,0,4851
b55ffbb0-1345-41e9-91be-e9803c438b0a,1,18133
dd7017f1-8ff4-4854-9471-9e885a1b7627,0,22619
3e62e51c-befb-4a66-b28e-fc469b19e4a8,1,4442
3fed70c7-62b7-415b-8d16-696b59b0e4ec,0,4608
ed43dc65-4617-435b-81d6-e58771892a84,0,24516
0af9ad69-4d76-4de9-b93a-294478a97866,1,851
8182a93c-4137-4fcb-b983-9814e7a09926,1,12224
e3e8b710-8dac-4cdf-8bdd-74611badc5a8,0,23377
098435af-3834-466a-b17a-038ac4f0e464,1,710
8df1e7b5-03d8-41aa-8bfd-4b68c13b8277,0,13591
dc387e88-ceed-49c5-b778-748b853248d2,0,22493
eca99704-b338-4b53-8a89-df828db9ea38,0,24434
cdb54ee1-847d-494e-83b7-81a6da44b599,0,20877
9d1b38c9-02f5-4fc5-89f9-69ae77dc15ba,0,15292
960131aa-4ce4-4b26-aa12-5f73d8d81453,0,14483
5fa8ad12-9655-4f8f-8d80-d2e598ce959e,0,8245
fe7bf68a-7186-4691-a7c8-f9f1a43d8f7b,0,26486
78228039-bc86-44ce-8a13-57cf49ccf493,1,11146
1636e48a-74eb-48d3-9a84-83f99af0a1fc,1,1573
57006321-67ba-47a7-81b5-714bd8c3392e,1,7273
dd4d6a4c-1e67-4911-bda2-7d8af75b1b19,1,22599
992f14c2-8e2c-4341-a257-4186208e716f,0,14854
8c82ad94-205c-435a-a510-e4be16cf5657,0,13418
fce3c904-7261-4957-8494-1dd21e71e4fc,0,26313
25957b99-212d-48d2-aef4-ca816f211f0e,1,2392
625628c5-4c56-49a7-b2c7-b3445ac714fb,0,8541
fcac5979-fa02-40ad-bd07-70da89e391fb,0,26284
37c401dc-3e72-4388-8dc3-ac7ff19bcdc1,0,3648
dadfe981-011b-4cda-b296-8b84e5780aab,0,22340
0ad6376d-b516-41f3-b9ef-9ad8d2dc642e,0,837
3338e296-c158-4e4e-9f21-eb4ee725a0b2,0,3116
3f040848-3b3f-4cc9-b7e1-eb5bea7a3a7c,1,4509
8f8ec915-b753-4e10-8c17-936e2e548b56,0,13779
4e601c9a-a233-4205-aa59-39718879a0c9,0,6270
983ff8e9-7b9a-40a3-910a-e43325b1ed5d,0,14737
8e322fd9-9f05-410b-9b9c-39fededc1217,0,13619
2cdcdf0a-daf7-4ec5-9c8f-1019432ab7da,0,2693
39e12555-0433-4e3a-a330-bcd0ab6825c6,0,3915
c9b3c7ce-4f39-4702-8206-2903d27afa9c,0,20401
caef3a9d-6767-4cd3-8c18-ecdb3f07bb1e,0,20540
19a0469f-b168-45f7-a84e-1080db9951b5,0,1943
a6a38450-9151-4178-a830-a08e0223f8a5,1,16417
d2f9d773-d2c1-401c-ada8-94faebaec2a3,0,21466
729820a4-6f1a-4071-8793-1db3d782dd27,0,10537
6ba2c851-75c4-4228-a5a6-f0ecc785bd93,0,9696
b0e52e65-c3f9-4340-a555-d680ffd278d0,0,17603
32ff4490-edba-46e5-89b0-c8cbe78dd475,0,3099
b74be914-6855-4166-af07-a3adb0204f35,0,18332
9e7f7aaa-1fc7-4513-b194-2ac024bc4472,0,15443
193c688f-171d-45ec-9446-d9a227bcc22b,0,1904
f71e67aa-aac5-49f3-bb67-118f06466b7b,0,25631
8106aa66-2f98-499c-bc70-07a0be06e0b5,0,12178
f86a02d1-4ee2-4578-b001-a03952254643,1,25772
20e1f3f2-953a-4a8e-b7d3-8db21a4ce933,0,2223
aa61804a-c589-4027-b85f-4eaf8282e3a8,1,16855
0a03fbf6-3c9a-4e2e-89ce-c7629ae43a27,1,766
c548ef94-9c0e-4d2d-8403-ff79562b4ae5,0,19881
f49074c2-e73d-4884-804e-a2caab37bcf9,1,25348
07624954-ac9b-42d4-9de3-9d35a18df062,0,482
7ba7cbd1-e89e-4d9f-8254-6f6d9bc4d47f,0,11545
ab6f5973-db3c-4c21-8981-189792ea16ee,1,16977
491c34d7-3a83-4a66-9706-7cdca0df644d,0,5668
6326e2e5-d349-42e2-b42e-8dd63bc40d19,0,8642
78e409e6-a4df-4002-9068-3b3eef7b30b1,0,11244
9606743a-92fc-4da0-979e-a8a6d21c0ad7,0,14485
36592e9e-7b4e-4b39-8106-cdbf56160e07,0,3480
b07a9877-908a-49d9-86e9-23bd91b6565b,0,17565
ad69efb9-e8e5-445f-aedb-91d5106e407c,0,17205
5f8b20d1-5a0b-4655-877c-cae5ac0b88b6,0,8229
6bd7bdce-2625-4a53-8de6-d0fcb9d3bcf9,0,9722
42c8aa19-d123-4dbd-bee8-49ff9c924a7b,0,4950
48e340be-50e5-4495-9a4c-2f934435903d,1,5639
4c5d0c17-f23b-48d2-9f2c-3d9b0f05c2e3,0,6039
eff961ab-9e0a-4297-b4ef-c46617b86a2c,0,24818
c8c871dc-5ae0-48d5-9ed6-f57354fea32c,0,20296
5e528963-b34e-4605-be13-8faaa2b0c65b,1,8083
c957ab29-0e45-4146-af5a-f40d14155d80,0,20359
7570be64-37f9-476c-8b94-1bac884efdd1,0,10855
cfd26b52-bef8-4bd1-b5fb-a090d6b3e6dd,0,21107
969d7d75-941c-4933-9e59-42d0dc950611,0,14546
351a2161-64fb-41c0-889f-653d320a406f,1,3344
38c31493-fc1c-49e2-8e16-88abd447dcfe,1,3779
78e4fc80-5353-45aa-883e-994764b6fcd1,0,11246
1643d9ee-7f12-4a05-9328-f7d775f6cd2c,0,1578
86d81c2a-dbcb-4fc5-aba5-023108f1ef1e,0,12767
6278ade8-3dbe-4fcc-a8ce-cd08f8f3b50b,0,8561
e2b3fa2b-c034-41b5-bc76-e8b76efc4387,0,23234
f91cc1bd-468c-4c3e-9d92-76c422a756ac,0,25847
316eed14-0f52-44f9-8be0-12e045324a4a,1,2908
4a3802f2-fcb1-4f2f-90ba-e37067774cca,0,5797
7f4d7003-5743-4747-91d2-87d52ade47e7,0,11975
5f42ff6e-0239-432d-abb8-82d26c019cc9,0,8192
1ef28712-7b54-49de-838a-3a56326d26a0,1,2150
680297ea-1afd-40e5-b2cd-5a7d56a27024,0,9244
153d2c23-546a-4fc4-93bc-7873e24d50fa,1,1439
81da1196-4ca8-4c29-b0cf-6c6cf6386a6f,1,12270
7ef98cac-f239-406e-af10-67aead1e038f,0,11934
7dd883ab-ad53-4eb5-b409-0df070b68439,0,11800
548b0ce7-2797-4d24-814e-d419d2e82fb6,0,6987
3be6a4c5-7c20-48cf-ae13-e18a828b3868,1,4156
ba45a136-5411-48c7-bcc1-15d4f2e0ca21,0,18685
9441732a-591d-4527-8b75-9596fbbed525,0,14283
d7bfefaf-ecce-4755-985e-fb1e5b366358,0,21999
0838fe18-1e25-4d02-8287-7692d2a5bb57,0,568
805a1fbb-fea5-4d9f-8d1d-3bc372e1b24c,1,12111
40ef3f33-d990-4a08-b652-ed4e02e84159,1,4739
727144be-c1d0-4e38-801e-e38653730093,0,10513
e00c1966-e9d7-4845-bd26-1865226786df,1,22914
a3330875-c899-4f4f-81e7-40eea365b08f,1,16001
70c9a320-1095-4c41-b632-d634e2f90bab,0,10299
06199c4d-5f6f-4736-81b1-07bf5b76bd78,0,328
878ae8b8-f206-4d82-8099-3a56f89bb9c4,1,12854
79137c4d-9ec7-458e-872c-918afe670912,0,11264
408af607-6d88-4d63-9374-00327ac57c8b,0,4693
9d7688a1-8de2-414f-ab31-acb03992c952,1,15330
b5737d98-457b-4b85-9c95-264d48ec6210,0,18144
0497796c-c5a0-4eb5-b6a4-66794924727c,0,228
e1842e70-7e45-4fbd-9bdc-65da2ed37f0d,0,23100
46e8c7f5-9d56-4348-aaaa-675f2ae7f9ad,0,5425
f1ba9810-861e-4ffc-8fbf-242d5da8e80d,1,25022
fe6ae853-4277-42f5-a0fe-09bb32bbdf56,0,26476
647c2b90-4ef5-477b-b60b-00bc2094eb13,0,8811
8b8d8aa5-2eb4-4283-a4f5-0d3e1f81f8df,0,13317
44476603-8ea4-4a46-83a5-a4bc90649282,0,5095
d4320f0a-7e48-4d66-8f0b-32b6873324f3,0,21577
160ad42c-c2a4-408f-85fd-f22f5d166856,0,1545
e6e1dd39-1ee6-42a9-a494-62c9d24af872,0,23751
d0b28f64-81d4-424f-a941-9ead1ae861e0,0,21203
a0c9e4d1-2520-4cc2-a95d-913853b20206,0,15718
def275a4-0817-4190-b7db-50c8ad92ca43,0,22793
458c6251-34a1-43f1-9035-1dfa11664cd8,0,5256
7d39bd13-ce27-4ce1-95e5-235a9079e4cc,0,11732
78611349-7920-46be-ade4-132a914cfd27,0,11166
4cd9d9be-c062-4b62-bd50-eff4999d19f3,0,6096
c3b14740-9eb7-4b20-a9ce-e404cce4b8c7,0,19679
5711b0c6-2b21-4b72-b036-c1b3160cb6b4,1,7276
ec3cec4f-b530-4363-9609-458fb003fd7f,0,24380
f6817f19-9e9c-4db0-9c58-4a17f576b48c,0,25567
213c5da7-32fa-482c-be59-94ea948ffbff,0,2233
66b1bb44-ddc8-4d55-ba6e-dda25beb2190,0,9093
ec1aec71-ffe4-450d-bcf4-7b4fc52d31d5,0,24363
52d8daa8-bc19-4128-a8bd-60b6c0384ae2,0,6784
7b275a37-8a0d-4d21-97de-a84616393ca4,0,11490
e02d25df-fe33-41a4-a7b4-3ede26296daa,0,22940
55605927-db12-4b82-8002-d0f045da5fc9,0,7080
9ac31fbf-6ca0-45e5-9d04-fd032c0d6c67,0,15053
6d88bb19-eb14-46e1-b2fb-33d546f388dd,0,9929
7c735cd9-19d9-4918-a3fc-154c0a5c5d9c,1,11648
fa7af4c7-4c35-48b6-bf91-585da33e4b6e,0,26021
376a90dd-55c7-40a7-b5ea-73cafe9d75aa,1,3603
d8729599-727d-4724-ba93-8c6a026fb188,0,22067
818c3ac1-b27c-4d9e-8849-f97127647c97,0,12226
f6077569-6aa3-4132-856b-6bdcbdd70cd6,1,25519
9fa14682-ad76-4df6-80a6-aa623e59ff4c,0,15589
44de9539-8222-4e4e-b7e7-0f8571844731,0,5172
4b4a62d0-8a87-4571-8b46-9c4ce1857106,0,5919
ad628c0d-d358-4be4-bf44-6e495c0a87b8,0,17201
9b1df62b-c463-4379-99dd-6e0fa8b89db5,0,15086
d212e9df-1853-4593-b6a4-e4b3458bdc85,0,21362
a04f5cd3-3697-4525-bb11-5069f9036101,0,15666
f2d5e4d1-e845-488b-9d2a-d3de29920b81,0,25158
61c03c4d-63d4-4f53-9f22-0c52e037ddfd,0,8482
733b4f63-a01c-46fb-b76f-c563cd4bf7ce,0,10603
4a567c8b-ab4e-4c3a-a053-9a23b087545a,1,5812
722503cf-a801-415b-a10e-848bfea55911,1,10477
5056edf1-969a-474e-8780-a73e7bdd45a8,0,6516
3fbcdd00-8633-4bcc-a264-9a013073443d,0,4585
9900686a-b11e-4836-bd40-54651263e9c4,0,14834
87ddbd40-b218-4bfd-9a82-2ea252e08c1e,1,12888
7c981f85-a188-46cc-a541-88d011d33990,0,11672
ee169838-59a4-4628-8738-8c3b424ae4d5,0,24599
c56d1cba-6d45-49d7-9b48-e321aae51fb6,0,19897
4586263a-a2e0-4484-ac01-968b45a3b897,1,5254
f4c33ee7-952c-44df-b966-69ebc9118efa,0,25368
8f367106-9b21-4df4-a4b8-968a2f9a6d7a,0,13740
b40f6a18-fbfd-4c4f-851a-8bd09dc8fe3b,0,17970
b064fcb9-571e-49f5-beac-5f036d5c9b51,0,17551
d33bf5bb-4200-4a66-bbbb-29e2e94ef412,0,21487
a2c27442-f5d5-4071-9ea9-24a1afdfe789,0,15941
60a41f1d-7123-48f9-8d88-69141e31ae23,0,8356
f78c5367-68ae-409b-b1e2-1c8fdb24ff96,0,25675
dddc967d-86ef-4300-a744-3d119d33af3d,0,22664
a6a420f8-b676-49e1-9273-fd1b9f9fdfc9,1,16418
c51dc029-0ac3-44b7-a096-3cea78245340,0,19858
67e20d01-0c8c-49aa-a922-5b74edac865f,0,9233
bebdcf14-c068-400b-b006-9d4169e18fb1,1,19220
3fafd8bd-2ec9-4d78-be49-52b5f74ff088,0,4580
5cf12272-d4ee-4ac7-a6dc-278500dfd009,1,7920
f43d1325-d4d1-4665-b36f-47657e04b7d5,0,25310
6f84e6cf-b9ee-43d2-ab56-eae54adbcb88,0,10170
8dd0e96e-89d8-4461-93d2-73c3e2373694,0,13575
bfba9c94-6a70-4e72-856b-7e585331f5d7,1,19341
9d95c825-67d0-4d8d-bd02-555f10e1001f,0,15341
e96897e3-73bb-4540-a0d2-b587afd9633d,0,24024
a2ec39cf-b9ee-4e79-b6f9-c7a2ad78009f,0,15964
451a0a59-052d-42d6-8536-234223bbde1e,0,5206
d4a1e300-9173-4d57-aaa5-9622e6b6045b,0,21627
09de3f3c-b46f-4be4-b9a8-f767b000845b,0,751
98b60939-c861-42e6-a165-a9ceb88d842c,0,14784
45f6f998-f783-4c40-b4dc-4bef22f4c503,0,5303
669c8aaa-5f89-439d-ac9c-28f1b787c6d9,0,9074
52d3b6f1-76d3-487b-88ff-663f80ac4da9,0,6782
88810f05-2f45-4edf-a5b9-9b6745259ae2,0,12962
37fa8cec-dec9-4772-9773-9fb2b26b041e,0,3671
d3b473a8-9135-40c6-82f9-e909e0b47358,0,21536
48e7d8e1-f4a6-48e5-98dd-d96e5b3ccd79,0,5645
44f76756-0c8b-402b-906d-289f64ca141c,0,5190
80db8cd9-7b76-488a-9e60-bdf375a12dd6,0,12158
1cadf040-18bb-424d-aa1f-2e6fa971277b,0,2070
42900731-1044-4fca-9641-96c7dd02625c,1,4927
eeadce35-d9c1-417b-aeee-6c4151c08b18,0,24663
c4f74b32-7979-4a4f-a4fe-e3aec67855be,0,19841
815db394-98bf-4a2d-957a-968e2ef365ea,0,12210
aabd5bd4-91e5-4760-b8ff-5d4e0d9ee960,0,16898
abe31064-5e69-40f7-a728-d3edf6cf69aa,0,17027
dd0fbdcd-c045-4979-85ad-9c615d2e9038,0,22577
66a1ca77-256d-4e6a-a602-bc7435a57cd3,0,9079
bfc02dc9-0633-4770-968e-b5c8b980d469,0,19347
a32d7568-68e2-4abc-ba46-64ccd84c97f5,0,15997
6e9ab3af-fb89-4eef-b23b-3d4b86ffc688,0,10049
e912a77a-18b3-4d94-8c70-9f15fc32b47b,0,23994
fb4a8435-917c-4d52-94c6-9ed16c95a078,0,26112
83202eb5-7996-4d24-ad8b-6680d9e98bd2,0,12394
4c7f9f64-d3cf-4005-b38f-ef6703039960,0,6065
2f6ac842-e243-4c5f-a48c-d70862e316d5,0,2799
4986ae7e-9aa0-4aba-97cd-771ced0551e6,0,5715
45a87caa-d874-4925-8b39-dd56a56ced20,0,5263
43d0854c-a7f1-4901-addc-fa88cecf99d5,0,5046
50971dbd-3084-4684-b25a-b7194e8745a8,0,6545
ce6385e6-88c6-432a-b32f-c7018795bc32,1,20948
a1d83865-3f10-4689-b641-1c5e50bd250d,0,15845
b5e791d6-3bff-4e4d-a912-3e41cb23d417,0,18186
3a6c8986-b679-43a4-aa31-9e9e59b5d79b,1,3991
75d91c02-dac0-493d-9ed6-451b19ffb124,0,10898
ac75480d-d4c7-4095-accb-51287ae30229,0,17102
cba1116e-deb7-4b99-b956-635bfa08a235,0,20632
cb7e9c83-8ee2-4a32-b953-cc9e5d6c5b43,0,20608
abf61e81-b6cb-42df-89e5-ef08fb62312b,0,17032
7e25dcde-dc45-41ca-85f6-a73480915d93,0,11833
76bb2989-c1c3-4dbc-8246-ba0e1f001cc6,0,10993
ccde68bb-dea7-4342-84e8-d405d75b027e,0,20772
d6d83188-257a-493c-a35b-b13089cc28b7,0,21881
c90cbfe6-d98f-407b-b3c2-45b27fd1ae72,0,20332
6649dac8-44f1-4600-9d9c-f0bb55e6f874,0,9032
c578b8e4-4d93-4ab7-877e-3b6c4a583030,0,19906
c554651b-4650-4a25-a21b-61419acf33c6,0,19884
3ed451f4-ff11-489e-9d3f-c7abf1c696be,0,4492
b480a222-9ff6-445e-a911-e5a4161eff10,1,18031
b4ded1ce-543b-4f63-bbe4-ef7c641d4c68,0,18067
a8210872-bb21-4b98-b05b-b15c33aec50a,0,16595
f5b1ac12-2715-4baf-bf9f-ec682bf16b32,0,25477
9f9e7267-220a-43f8-b222-9a330b08957a,1,15587
6db9b51e-72d8-4511-b113-fa0ef0387fe3,0,9944
b79a9188-b51a-47ba-b993-126bf0799cae,0,18373
0a72a6fe-0dde-49f0-bb65-d3d73366b83f,0,802
09629e2b-7f1e-499c-aab7-2bff196f034b,0,691
6e75f4ed-46b1-49ff-bae2-e389adc9e6e6,0,10042
75bcbe7d-2568-4010-a0ce-9de23d4d0b08,0,10887
3b16ec55-a7b0-4924-99b9-222623e807fa,0,4054
e2efa725-693d-46a1-9abc-545ea633794c,1,23260
ba63abc0-5a00-4ebd-9a89-0972ea1cb7d5,1,18696
93950b92-5f57-4a80-8af8-7174b23cfec6,0,14216
7279ebda-2162-4459-b48b-a9257f9bceb9,0,10520
52ec4779-e0e9-4b01-8b61-a2222cb76a10,1,6792
544713a2-8263-410e-903c-c577869ccfe8,0,6953
61b923ef-4e57-41f7-9c1b-05f0f52f1ad6,0,8479
16b2f378-a695-44d4-b136-305a7b17155f,0,1620
faea0fa1-5c99-445c-81fb-e9f5adb417c4,0,26075
b9accc72-3980-4f50-9a16-0a26ca6285ad,1,18603
e1fadf03-ab88-43c6-9604-8f76b8d7b9c5,0,23151
59f84187-780f-424e-a5fa-0cd4f4098e5e,1,7596
d1c121fd-790c-40dc-8d09-a427f826596f,1,21324
e6f345b0-b16f-485e-8b1a-bb9cd329bfac,0,23761
7437e61c-7aba-478a-9398-0eed93ba42f5,0,10714
4f720f10-e3fa-4e66-ac72-84622fd11e65,0,6390
80ee782e-dd5c-4d8d-b030-6cb61322dd4a,0,12167
9b3f0904-75c5-448b-aab9-c02a191da2cd,0,15101
abdd0a6b-ce69-4499-9d21-3b42d3ed74d5,0,17024
472199cd-4922-4c8f-a6e4-4e16a8422d9e,0,5448
7213e146-4efd-40e6-ab88-a9e7a9c8c25c,0,10467
8524a404-ca8a-4169-abc1-ed3be897e93a,0,12595
a86380ce-045e-468d-9a6f-025d9c5bd635,0,16624
57f8aab4-d9d1-4f6a-b1e0-7b10d0d5c342,0,7376
e517aecc-6306-4100-a03c-b1c1a516b9c6,0,23520
4736f2b8-2834-467c-a8a4-49fbd25a18af,1,5460
9cf3c0e7-f25c-4358-b5a9-aca2e0b6f33e,1,15281
bd6655d1-1bd5-4126-8209-0f6b5dcda965,0,19063
ab59e6e8-22f2-43f0-8fbc-3e8bcaba1d47,1,16966
5003f421-e6d3-4c2c-b713-eba27a9078c2,1,6474
38062f40-82c9-4322-b2bb-dacca835bb3b,0,3675
4d1cd624-eaa3-476d-9505-50ba70f13fe7,0,6116
38817c65-dcb9-4078-8577-2b249c762f88,0,3737
5a89829f-6235-4a52-9e11-c98dd10e1c9d,0,7662
a0930be8-f005-4141-a181-c1494cba358f,1,15684
5fecf69f-a89f-4ad9-89ef-a72e93bed642,0,8280
4c49b00e-e7e7-4deb-9097-5db5e3804585,0,6033
c501faf0-40e2-4d9e-b102-cb547335090a,0,19847
9bd3581e-716d-49de-b4d7-cfec9a66e09d,0,15163
99d2cb7f-1acf-420b-8c55-3181829793ba,0,14940
ffd787b6-59ca-48cb-bd15-bcedd52cf37c,1,26663
ddfcc1a2-9c25-44c8-9b00-c927c1f2369e,0,22681
9def0034-2612-4df3-9fa9-d5677dbae95e,1,15382
783d1dfc-ece5-4b84-8da5-dc836ae869a9,0,11153
5e49cf20-ba6a-4d8a-a55d-87ac0109fe49,0,8077
c47f5339-b7f8-4297-b9e0-03d2f6ada72c,0,19773
ae1a7456-d4f8-4f0e-9764-ee93b0ec3245,1,17278
9d89e97a-153b-4d35-b72a-db2b009f993e,0,15338
ba97fffe-d6c0-4cf6-9672-ceb41b709bc4,0,18724
f639bed9-c6f3-4cf6-ac10-448b147d0e4f,0,25540
c729917f-5134-4e9e-92d7-197f5a6c929c,0,20094
8b6b2bca-8e95-4537-bfea-9335b1409a6f,0,13295
efe57058-8c3a-425c-9ece-4881b75bf5c9,0,24808
ffd56560-6754-4a20-83c6-06ad5c4b30ab,0,26661
c4cfb23b-8b33-46d2-8fbc-8cd460a3a89f,0,19824
c71477d5-6afe-4225-9eeb-871b98c254af,0,20084
cbb7effe-9dcf-4f68-80ce-6671cf0e733d,0,20637
e3905229-c551-4e80-90de-18f40dd6bc55,0,23333
662d54de-2252-49f8-89e2-54b3836a6def,0,9019
0a23debc-fa30-486f-9555-750be017ae75,0,774
ebb542b8-7a87-4d0a-81d0-ecbc529a9e8d,0,24310
60140f62-b956-4518-ab0d-c12f201770c8,0,8296
37eaff2f-8993-45b8-8fb7-845e55df22e5,0,3662
497a4c59-3101-4257-8c12-f052cb1aa116,1,5708
5ec80b17-25c0-4d1b-9825-717f031d0112,0,8139
3d2b0b21-1b73-44b0-b495-60b5262753bb,0,4308
38c9b6fd-df99-42f8-bae8-b9522ede8a79,0,3784
94323442-fd06-4f58-a253-cdb64ea123a9,0,14277
887f9d66-dc43-4b65-ad31-61f935b9effc,0,12961
db1fc476-1976-42f3-b442-1e37fcf45044,1,22367
201fe232-cebb-4e8d-ab9a-f41f03bd676a,1,2201
c2e05765-ebf6-4e52-ac88-1e9d928282b8,1,19582
754ad4f4-7de6-43d5-9553-a58ed87532b5,0,10838
f4e3322b-f2c5-4111-9350-6d9d236817ca,0,25383
d25e7721-294f-4dab-a8bd-7bd26c706658,0,21400
472dfb42-6805-422b-b8a7-bcf515c0afd0,0,5456
4c30e2c4-f7f6-451d-8ce9-d065ff7c4b36,1,6022
57e10dd1-4c3e-4fce-98c3-5bd2fd1f965d,0,7368
472688c0-2bd6-4fa3-b2ee-56b441e5cb35,0,5453
b267ae3f-b52c-403c-be9d-c8ac9070020e,1,17790
0906c2ce-d3a7-43ad-af1b-1dadf70d8cc4,1,650
6a7b02fb-8a10-4cbc-9cea-4249ad46f768,0,9543
dfc324e4-f843-49aa-b067-b51c82de4428,0,22883
3a1a4ced-150a-46a2-9977-586bd65a8db9,0,3941
899b7bbf-dd21-4b0e-ab94-b2a41af44cc9,0,13079
a6236ddd-6367-4569-b5f1-07d2df9390ad,1,16358
cf0f4eb7-c01f-4e8b-9dc2-8a95df37b8de,0,21023
ed32ddbd-916a-49f3-adb4-796b86068cfb,0,24507
8acde419-f00f-4c20-a5ee-5746c5ddce20,0,13217
d7290a05-7b8c-4896-98b2-86952826ccd9,0,21932
17674c94-902a-4aeb-b7c3-e394f093bdd6,0,1691
93b9a2b1-320d-4e60-bd7f-541f58fce942,0,14236
8a7aa489-8719-4f2c-bec0-0bf74467fb83,0,13180
616482fb-a797-4634-a5b4-d88c34611fae,0,8445
3c8cc0d1-be7f-493d-9570-542d851f623b,1,4234
548ee990-ae0c-4307-87f3-f92912c7951c,0,6990
a73a2519-e185-4eb7-95fe-03c39509e47d,0,16489
3397ca1b-01c0-45c5-8a12-758df4dff9dc,0,3156
39919c47-0f93-417f-96fb-1aa8a6d6e7ab,1,3875
e7c8a177-e53e-42cb-ba67-afc2e46dc104,0,23855
88e86151-373f-41f8-944f-41386222b82a,0,13001
7ad05803-8238-4bb8-bddd-365cc1381680,0,11452
dd086446-9635-46bc-aa01-546188266938,0,22573
3347744d-f577-43cf-abd2-86eeceec0099,0,3124
bb6fb57b-13e9-44e0-a941-79ec720f0ee4,1,18835
4ce02de9-83ad-4754-b60f-ad9662ba2bcb,0,6099
a738e682-0abd-474f-8893-f473aacc7426,0,16488
730bc1b9-fcbe-4475-8bca-55368d973534,0,10579
902c788f-b62c-4b9a-b3f9-9adc787e3866,0,13848
153b7c2b-4909-4dca-8579-9523582bc4fe,0,1437
ff172cdc-bcfe-4fed-904b-6e573b1bc74c,0,26563
5dd4d7bf-e9d6-4660-aa90-c405ac7dc453,1,8033
97a95d80-62cd-460f-8773-1fd9219d69b4,0,14668
d4d866fe-ae80-412c-aee6-9ea881d56f79,0,21665
796a2523-208c-4286-9a61-b30d3a6a3197,0,11295
b6138fc8-c652-4b7f-978d-895d10b0a0ea,1,18204
6556ddf9-4f21-433e-9d8d-038f9a07eb71,0,8916
4592c69a-cc56-4baf-9594-f706290e51b0,0,5258
704e5443-f7ed-4eae-9826-09a410d26c22,0,10250
99eb99db-2d71-4749-a64d-170e01243353,0,14953
81bc7673-4ca4-41c2-8019-f1dd9a873ce3,0,12253
93de6c91-8647-4e11-87f4-7aca8a7a67ea,0,14249
d4ce29be-5881-484c-8b05-9f7887e52eb2,0,21654
40346c30-cf4a-4fe3-a6a1-935ac182a551,1,4648
7e870519-9025-4f79-820c-94acef71f965,0,11883
95085525-e2dd-4894-a5f7-ef98c90f7774,0,14377
2055d3d1-e0d1-49a3-a416-2609e5c649bc,0,2208
f45c7f95-8c7f-4660-8c23-c4da2e293f0d,0,25322
69571ac9-2ac8-4256-9584-cdc1848870bc,0,9387
6f4c4632-50d2-4ba9-8a75-0c651f66a096,1,10148
f3e87ce1-a7d5-4ab8-b49a-8acbec1acd75,0,25278
07abb49d-c23c-41a5-b38a-b093011b59dd,0,509
de9dd83c-f6c2-4250-aaec-886987864d7f,0,22746
f3167256-c029-4656-9d51-a96fb895d498,0,25184
c431cd30-f0cd-4515-b0dc-70e0acf2c8a7,0,19744
3df68466-399a-40e5-8c70-f9f4b8c15b42,0,4395
424d2854-b04f-4479-8857-a49b157979f3,0,4897
c0760d93-760c-4be7-afca-5e9914e6f8f1,0,19395
5949a36b-cec5-4153-9f02-450060d46971,0,7530
b5d11411-962b-430c-91b8-5361d80ddaa1,0,18181
3b2ea469-695a-4b58-9f51-56684958d9a3,0,4071
14f630ba-5e88-4944-9040-9861c91dc362,1,1429
c310c4ea-4a38-4d9a-bfd2-bcf0c6a30436,1,19598
85ec2430-4040-4fb1-be12-e1f39e7472f0,0,12680
8f234a84-4067-4bd2-a114-8b894ddad52f,0,13730
7ec7b6e0-342f-4b51-9f2b-bdef4b7d1d34,0,11917
43dfdae3-1a86-48cd-b361-13cd19f47692,0,5053
815ebe40-6675-4152-b2f2-74e1491489a2,0,12212
9673d5f3-fc1c-49bc-902a-81ff14db1da0,1,14529
b76f18a2-e551-41a5-bf21-cff314aeecbf,0,18358
6dd1e370-878f-4558-a5eb-6c248a5851cf,0,9963
bd8f8b0b-a89b-42f5-b92c-c0a152c6c1f2,1,19079
fdb78ab6-782a-4338-95d1-c50d62bbe4b9,0,26400
b175c786-48af-49ee-816f-8e01d18885a8,0,17680
115bf7b6-065a-46eb-bd14-f4afbc8384f3,1,1291
b3406349-2336-4782-8f9a-dd2e2f731d7b,1,17873
5399e1e3-a2a1-48c3-80ab-29b18ecb98f4,0,6869
46af7496-327e-4f5d-ada2-b052ada8fb36,0,5383
eee71ceb-52d2-4d63-acaf-5eab6f8d8932,0,24693
efd12382-2f22-4c1a-8a74-93c099b9c2f4,0,24799
9d241168-d65d-4c90-8585-5f6e4b0f03d3,0,15296
9b3f2b9a-5f17-43b5-9a01-279de84c174c,0,15102
5a556acb-93d0-4f0c-82e7-dcedb1511c36,0,7641
5e5128c2-9c38-4e6f-8c4b-de70b885c228,0,8082
691f5a2a-73e9-40b2-aa76-aac6ee7e0b2d,0,9361
32547e73-ab10-4265-b712-a4d49973bec7,0,3016
6dc64b9d-3dc8-4287-bd35-0c36d78e6468,0,9954
ff659b3e-123c-4501-ab4b-be41216160ac,0,26606
e94e7c9c-c9ab-450d-847b-15966a4cba81,0,24019
ca097297-1e9f-42d0-9230-64f24f293073,0,20441
781c920e-e6fa-409a-9e97-ac57fcaad24f,0,11141
882a5e93-34f4-44a2-88bd-39b90314b6a5,0,12920
079f6a17-f9ce-48b2-a6dc-2a83eb07edf7,0,503
8dce5367-bd3f-4652-ae2d-a114bd1a7e0f,0,13574
a3e9eaec-d502-4e5d-abc9-bb5e28742b83,1,16085
fcb06a43-8652-4bbf-bdf8-bb961137302a,1,26290
78870347-e675-472d-bf7b-6be2fcecd401,0,11188
3980d859-3ace-428b-bb22-1fe9bcac46ab,0,3870
b7136f3f-41da-4b16-b7c3-4b929d81e6a5,1,18310
28eaff00-5fb7-40ee-8206-9d2ff5b081e0,0,2536
f3a738a0-d2d3-4a27-98a7-0b05fbf20662,0,25245
e48a77e5-d627-41c2-b82d-30677644e885,1,23448
474072bf-6365-4812-9a75-0ba64458f841,0,5467
a4ba6992-1f74-42c1-9662-8333e6d52ffe,0,16186
95c013fe-3abc-4fbb-a9ea-c9b3dec35eea,0,14453
f5ae497d-667f-492d-ad80-5b0938648319,0,25475
306ff5d4-1ea2-4ce1-9fc7-25a98fac5148,1,2852
b64e0ee1-82db-47fa-a91a-f1e187f84696,1,18230
fdca8fb0-7118-4143-b87d-cc42bb8b4f5a,0,26409
cfb8976e-5c7f-45e2-baee-1b3dd901393c,0,21094
504cbf6f-b20a-4a8b-8d78-e4016bada396,1,6513
a49aef34-5359-4373-a34f-fbca75da68a1,0,16163
56443211-949a-46fd-a677-8faa8afdad28,0,7185
75e34c04-4486-410b-b6d8-46543c1af5a2,0,10903
96cd9e39-350a-440f-acab-66559b76b820,0,14567
46b85714-694a-45cb-b72c-30ee15904016,0,5387
a36e4035-44c1-46f6-9ec3-4152df152050,1,16024
f2653d69-8eb5-425e-be65-b9b5409aa310,0,25103
ba7af3a4-033a-44cd-879d-13130fad6d60,0,18708
7de30f14-ef8f-4c49-bac9-32c116856fbf,0,11808
1329b841-9c14-4f7c-9bce-4ba65067a20f,0,1364
c0270fb3-b81a-4728-b66a-867ce7afc2af,1,19380
ca8ab192-068e-4653-84eb-e4ff6f60d4ab,0,20501
892ff532-34fc-4006-8af2-8d914136848d,1,13030
b08e4c8f-0dbf-4878-90f6-82220205f8a1,0,17572
a67ce44f-90f4-4138-9d93-5ceee291f2f9,0,16394
4312d39b-ce51-47ff-83e5-5f42b79a6539,0,4976
bb7973b1-58b1-4e2e-b687-144e179f0996,1,18836
f41059b2-fa86-4b20-ba04-e064e02afa2f,0,25295
ba6054d8-d2ae-4169-bc71-0215e57fd6b1,0,18693
897f3a77-4254-491c-8d23-7d94d02f30d6,0,13065
fcd2dbee-abcc-4ae4-a2fb-7e89a4857126,0,26306
f9b7501e-d8f1-4765-b940-254680b3e2d6,0,25935
6810c44b-d6a4-4542-8f6a-9555fef9639d,0,9252
cd747701-e664-4aed-b303-b54ccdd1af28,0,20847
8e3b4193-6de6-4af0-a558-b573e1b84ca4,0,13622
61366af6-2df8-4721-944d-ea0fdec6ed00,0,8428
197769ca-8d7e-4a21-8fff-ed1417dca35a,1,1929
e56a1755-f942-4585-bdb3-297f3f78fafc,1,23565
949b0ea6-7bb8-4c53-9c2b-5303b84ef8e2,0,14325
0572881e-d1dd-4757-a54e-b240b30da946,1,274
9608e9bd-9cf6-4707-b40c-6218f4ce0d4a,0,14486
3d62329f-40d2-41e5-bcdd-c7eabc33f516,1,4334
d7afce48-e577-4135-bf70-764ca796e2c6,0,21989
cd1debc0-a659-438e-a793-bddc503683c5,0,20807
5a497d5a-808a-4e0b-951a-334efb497229,0,7632
0d96ad36-6fce-4ae2-a88f-faa5c7bfbf0e,0,1109
49c3d5e2-cc76-47c7-a5c0-f444b54dee53,0,5741
7a443f19-987a-4fff-a41a-65b9114fe53e,0,11392
9c0012d7-2360-442b-9eeb-19eb2edf3320,0,15181
71c67893-6acf-435b-b80d-9100ad2e5d2e,1,10433
2b4a8d36-11a1-454f-8dcb-0fc2ada7dfa9,0,2625
960e8747-cfc9-49d5-8bb5-47513f50be0c,1,14489
5ef82d3e-536f-4334-b0e3-81c03520ec1b,0,8157
6451041a-e7dd-498a-ad25-0508332bdec3,0,8777
653986b0-d36d-474c-bc49-bfaf075a536d,0,8904
25d1ddb4-df24-4e52-8a84-b0dff45f9718,1,2402
6515783e-91e7-4ef7-aaf7-0da7392701a9,0,8879
57a356a4-5201-4956-8818-d5cb8036633f,0,7340
9e98ccb4-e0b8-44de-acd0-4927030264d3,1,15454
4dfce9d1-f706-46d5-9b92-1d367faec0a0,0,6220
688150f2-e3eb-4d42-9b9c-8159a0e4e3fa,0,9294
a09a64a7-dcdd-4325-a76a-2093989fb1f8,0,15689
f14916d0-2dab-4a08-b306-7ef36fee8fb6,1,24969
b2ee7b2c-80fe-4d55-bc64-807b839690aa,1,17844
d2e74b2e-1913-4e83-a3c9-6803ebb94d3e,0,21463
cc476db0-1e85-46f5-8336-8c1640f64930,0,20703
549f95a2-c418-4414-b822-f4c9447cf87b,0,7000
a039a78a-906e-4ca8-b4ba-af7314f530c4,0,15658
8214bf08-4f13-4b43-b2ed-47ee8157eb3f,0,12296
6bd8df92-b0bd-4079-9134-cf264d54baa4,0,9724
7ec0b033-9133-4f8c-abd0-ea246aa21dfa,0,11911
93e82b8f-b78d-45d5-84ce-a21e6ae5cc3d,0,14255
d60a4305-881e-4efb-b8ed-ab9dca8afdb9,0,21787
7df1e939-28a8-428e-8b8a-d3808d868165,0,11813
e8a6ccf4-845e-4663-b561-008bdf13c7fd,0,23951
4da7bc0a-2c46-4029-8502-1577d527219f,0,6177
9294dfc5-b69c-448f-994d-0d7d9d8d0cfb,0,14095
78aca32e-70f5-4d6b-a51a-f2ce862c47b2,0,11211
b86479a1-e997-4026-acfc-2d467291eb50,1,18466
eb723a10-21f3-41dc-92bd-7bf9540798e2,0,24277
fed1a50d-85a5-44f4-825f-3a5f2a826678,0,26527
3cecdd17-6b1d-48c0-b237-e1f4e5b236f0,0,4279
86cce54d-1e9a-4045-bb20-19bb4de414c5,0,12763
17eef1df-6c2f-49f6-af51-546c54ee43a2,0,1758
49b4c195-df32-427a-ac69-b13d798b634b,0,5728
9a2b8b68-b1fe-40ba-9422-fe8278b5f315,0,14990
775cfd2b-66a5-46ef-8531-c554744b634e,1,11069
5d1d4b97-459b-457a-b7cd-729c494ddb60,1,7943
1912d25f-9584-4143-bd72-0766609e7585,0,1885
01e800d4-4d8d-4ef5-a40a-f37b923bb7ad,0,93
bb6ea1d5-3343-4acf-a00c-091803bdb0f3,0,18834
f5ab1b24-8ee2-4f6b-8866-0c5e6d0581cf,0,25473
1497c967-d7c7-4c43-abd0-66a71e68e66f,1,1410
62075e2e-d369-41e0-b741-9781cd16c799,0,8504
9ca9ffa9-4810-4ed4-b919-39b2315ed461,1,15252
d0a4b2e7-814a-4628-bc09-6b5b710e0c4e,0,21196
50571327-a1ea-425d-8de4-aec08900a99d,0,6517
88d3eebc-c9d4-4752-b4dc-477e37a1f00c,0,12996
8c6a20ca-f372-4e17-8cc6-7a4d48666c23,0,13406
bfef9bd8-fd91-45f3-8962-cae5503eda0b,0,19369
661d6964-432d-4663-a070-70b24702dbb1,0,9010
31b33ec5-c46a-462c-a933-36a361673a2b,1,2945
31d8e71a-862c-4e47-93d1-5bc39203b8da,0,2963
16968a9f-ba45-4f51-a584-ac57612de5c3,1,1612
f5fa8017-92d4-4d23-93c0-7603d6ceda13,0,25514
5c08d026-9acd-40ab-abb9-141bc3b6afbd,1,7823
c9fc26b1-d1be-4f2d-8ba4-b4fde2e2a004,0,20437
d328ae18-7709-405c-b83e-4d36bdc82388,0,21483
075f7167-e5ac-4c3d-954a-33576cb50600,0,480
77293530-8a74-449c-b423-85849cee8da2,0,11047
6eaa213b-37a9-4d44-a4ae-c802ecb64cad,0,10060
bf494059-4fe2-4f8f-a503-c340105e56ce,0,19284
90dc43af-fe27-4f49-92c3-969de5551b5a,1,13916
c4e0b595-f7b0-4cf1-82df-0bd36f411eba,0,19829
5aacbb2b-e0aa-4ddd-8cd1-732d2fefbf48,0,7677
01f3abc2-33c7-4ea2-a599-dc49b76fcfae,1,100
0afeabf5-d5a3-454f-a50d-887f0d21106c,1,853
80c91327-883f-4da3-94f3-fd03c0088f59,0,12155
eab8bab6-5435-49d6-afe1-9095245f6854,0,24190
a0830e21-f8b5-4214-af2f-4d5651ec58b4,0,15678
444b2847-8916-416b-a71e-f94d10e281bc,0,5096
ffa424d2-6e6b-4eed-93ab-7551e8941215,1,26643
d650a7aa-b41b-4452-ba7e-91a73394997c,0,21821
43c2d6d6-13c3-421a-a45e-3b6913bcfdda,0,5041
d6cab93d-b176-45a5-a344-fb0a82f37a57,0,21873
f0bc4c9b-48f7-40a7-b5f2-5de61422dd41,0,24900
d62bacea-0cc8-4060-9926-53b0e93b5acf,0,21804
4f6057bf-0b7d-4f54-bd6b-7dc5e2506ced,0,6385
be6444fb-5c41-436a-ad7b-278dc59eec67,1,19181
b44bd070-da9f-479d-8546-9497dfc15762,1,18002
02e68787-7eae-4b26-9d01-c5782b825fdc,0,149
16d4d825-3334-424d-9bfe-0e6fb28c678a,0,1629
66cb0cfc-9d03-47b2-80f2-a050aa32113e,0,9105
b06a0fe5-dd0c-448e-bbbd-b773b17e5537,1,17553
a60fb9ac-c843-4f96-9eb0-6fd0565ffcd5,0,16350
0fac1fec-6e05-48b6-bf0d-fd5148e4a6ff,0,1217
e2c5e84f-cd76-4da0-9208-ee04cc5fc918,0,23240
417c2366-6181-4dc1-8148-523641aa34c1,0,4808
689901ac-de33-4a7a-8969-90c52eca84bc,0,9302
a1aff3c3-4eae-40ed-800d-d5aa693e1132,1,15834
70495676-4223-40d9-a050-222fca244b47,0,10247
cf746da1-6346-4389-878e-da7d674ea693,0,21070
58adddbd-2331-4d93-bd95-f6325e1ea3d0,0,7460
89978694-32e4-4864-b4e2-3e035fca6b8f,0,13076
9754a55f-5e11-4465-81f6-c69677943375,0,14627
36cdebad-ee74-4e4b-809a-d4e89220ab7c,0,3532
1a9af28f-f757-4d16-92dc-469f2da9fef7,0,1979
c574be57-1288-4b87-940f-5c45be1fddce,0,19903
b8d5cabd-d5b5-4ac4-b1d1-f0f80be47619,1,18510
ec00dc74-d8c5-4044-bb7c-61ce11615e96,0,24355
d12683c4-6765-4f20-9f1c-fd6f6e98ec4b,0,21260
d9b3b030-a5cb-4e86-9a33-2106b0435a75,0,22215
e2a902e5-b527-47c0-bfb7-e2bfaed62812,0,23226
0a34d5d9-8c50-4b97-9c9c-e5d6ed862a3d,0,780
dcdbc669-c6f9-4d1c-a2ab-3bf7870b56cf,0,22555
4de1459a-541e-4449-bbbd-38f829c4d4f5,0,6206
96bff39a-fd83-4a16-80a0-ae8f6c0b433f,0,14561
c37d38fe-a11e-453a-88a5-5d919bf9f760,1,19648
c574a647-fb1f-4344-9568-892f4d66f4ed,1,19901
3df0327c-2a52-4e32-ac15-1f0d287a9744,0,4389
647974ba-117e-4159-a00e-30ef27b634c6,0,8805
b7fecc2a-df32-457b-bfa7-141769dd48e7,1,18421
d9625316-b22c-44db-adbe-d99cfbb9e996,0,22166
180040f8-7cee-4aca-b730-6ade2ed940e1,0,1768
e3cb6f09-9cef-4faf-a8d8-58a51d657cd0,0,23363
e42151cf-9ad3-43de-a93e-0ec094a323d4,0,23397
34456878-b0c3-4099-bf5e-6d4df08a90f5,0,3237
efe1367f-3b2c-49fc-8f30-feafd2ae011f,0,24807
92b8dc8c-907c-4cc4-8caf-db571ee8f087,0,14108
e048906b-9bc1-47c7-ac14-1c6b8a834e2f,0,22957
ff273673-5610-47a1-8991-6f896eeefc2d,1,26571
88e97af6-fbb2-49f8-bd06-0744c08e8f70,0,13003
2e3363a0-19d9-47d7-b7e5-d2142da1b9fa,1,2746
649ce8d0-49ba-40ee-9287-a9d5e16178a6,0,8824
c2c02d5c-cfb1-4813-b266-5b09fea53521,0,19562
c994f775-15f2-41d1-bfd4-ec7728daf9c1,0,20384
93e54308-8d9e-4154-8f43-7882f41a7578,0,14254
55f2e30e-005f-4aa3-b4bf-f16ac2b8c11f,0,7148
d8a4d7fd-37b4-4d9a-aed8-2648ebff3c0c,0,22082
a8935cae-155c-4200-afc5-6fd74dd1b31b,1,16655
fc8c9fcc-1d9f-4bf8-9615-4509c14b7654,0,26273
46080bfe-5559-4f5a-abed-29e6521639de,0,5316
54806578-5671-4e1c-8604-468d4c322ce5,0,6980
ffc3fc59-f046-48b8-b7ad-3a9e07362d0c,0,26655
b29dcdc8-57c8-443a-a69c-615fa7dc9973,1,17814
b59eae01-429d-4dad-b5b8-64f10dc648dd,0,18156
66d020e7-2f2a-41b6-a50b-abbf958588aa,0,9107
3734dfbc-ce7c-478e-8160-53ea00b32c5c,1,3582
edef684a-6921-41a1-a5a3-3d66a4114f40,0,24584
53bc0058-e16e-4102-8f5a-ed2ea73bf534,0,6887
38c22302-b0c2-4cf1-8016-a8474ed9d665,0,3778
833439b8-aabd-47d9-a485-dfdc861c0d11,0,12408
ed69e597-d0bc-46ff-8e7e-c37df59ca86d,0,24530
f5881ae9-f678-4e5f-a05d-01a7ba2b4157,0,25457
cf81cc61-16b5-496f-999d-d34b434a9cde,1,21075
66fd581f-677a-45fc-904a-653633d743a7,0,9132
6ddd799b-730d-4f5a-80cd-8a37ce96fa86,0,9970
4fd62d1e-9678-4df2-9297-74188526873c,0,6444
e97db161-c3fd-4577-9f90-c828d07c4faf,0,24038
4494f836-6e06-4941-ba85-612d48c55810,0,5133
a8db4120-3a3e-4e87-9474-ddd007e97a1e,0,16680
e02593b3-d430-4be2-aca5-7ad1f9e2fe13,0,22936
7507bb99-a8cf-48c8-a4dd-859ad26e9e1a,1,10805
a89012c6-2a25-403f-8c58-2d4e296cb963,0,16652
faf9a876-0015-42e8-893c-fb45e39eb351,0,26080
bae3200d-081c-4a6d-a999-ad1f0b09bcea,0,18764
c8d05349-0e98-41f9-89d8-f4b27b5c93ea,0,20299
8697ce4a-d16c-44f4-9271-393000aa9d42,0,12743
8e0bbfc1-3b6f-4e3f-8813-8d71416f2838,0,13604
aace11f8-d283-4da8-9375-40a6f3d6df69,0,16909
5da79531-8d7c-4368-b82b-505e1812a5c4,0,8009
fe30e429-b3d7-4c3b-a701-bbefc8a0dc2f,0,26453
d5727f57-0ad9-406c-8b58-8968ed91b100,0,21723
28bcb9b0-b5a9-4631-81d0-0b889807ab49,0,2529
6506294e-f405-419d-8de1-1c70f7382a27,0,8871
3a0fb504-c7fe-4f7e-9bf1-98560c74614d,1,3936
1833d175-c9c8-40f3-9687-2a253e447579,0,1793
82a601b0-46af-4173-b2c7-12bc2a744df8,0,12349
f14476bd-f565-4785-a35c-3b3ea32f972f,0,24962
090f0fcb-98c9-4324-9857-3bc2a9cfd4e8,0,653
984a4270-8dc0-47eb-aea8-55e56aacb89c,0,14741
61e7eec7-449a-41f9-923c-e186ddf925cb,0,8497
7c7d9a88-a4a1-431b-acd2-19cf6457e088,0,11652
8d1a4fe3-329f-4eea-a5b7-953d617a74fa,1,13495
35b7784f-f4e5-453c-9d6b-e6c1eff5c7be,0,3416
34795b7d-4e44-4ebf-80b6-7c9317569664,0,3259
70e39c46-09d9-40b5-8cde-147046a52965,0,10316
e5eef69e-7f0b-4f83-b13c-c14fabf96f98,0,23630
7ddbec34-6938-499b-86a2-c3c2277ea4eb,0,11802
5a2f1408-caa2-4f0f-b14e-71ee713dc737,0,7624
52e28afa-7d9d-4648-a048-2e82fa3d0db4,0,6789
3ea0b8a7-708c-4e1d-9a3e-fbac3f326b0d,0,4468
d6724bee-d28e-4b34-8813-52a86955fa72,1,21839
5fa389a4-8c9f-4971-8a87-c2fa2f668d12,0,8242
5a85ed5c-13cc-44f3-ba3d-b1fcad67cddf,0,7656
1888f3d8-c1f6-48e0-812f-6c13a127c41e,0,1835
69810cef-52dc-4ce8-8b49-f7e9a271f0bf,0,9415
c380ed72-3cdd-42d2-b482-b2bcb9a3541a,0,19651
f8fef94a-8314-462a-a3de-a45fd2265efe,0,25833
66a8feed-14a0-4580-9722-6671068db34d,0,9084
51cf2fba-0668-4942-8cb0-6b2808f3482d,0,6659
80498871-eb35-486b-89e5-1b3240417e70,0,12102
b40198e7-7596-4736-aa0a-1a5910bc4319,0,17962
f24cdbd7-3c4c-44b2-818a-b0c191306db5,0,25092
52df7157-333c-45ce-83e7-30569996433b,0,6786
b2361c48-5c67-4473-9565-ea3a4ee7f597,0,17766
3ee3b4b5-b782-4f60-bf1f-b62589e573e8,1,4499
0eb579bd-4113-4787-a733-71fc470107ea,0,1162
d6c2a0bf-3d7d-49f2-83b2-38637fd85fed,0,21870
8d0e17f0-014e-4e69-a2f5-bc08ef148dfd,1,13492
16775991-c274-45ad-8413-6c3382db4418,0,1597
c3b96528-c441-4ae7-8e7f-87ccb0ab2ab9,1,19683
68502c9f-dc74-430c-a839-4625710a62b9,0,9275
79aefcef-abf8-48b4-9c8e-403661fae438,0,11334
ff615475-a82f-4fa0-8fa2-6fb1a32c9dc8,0,26603
611522e7-12ba-4273-ba44-f59f4df0c88b,0,8411
fd664da6-ecfb-4c78-9bea-039fbf3f21f6,0,26366
695e33f8-31d1-467e-add2-f05041880b28,1,9393
460cf81c-1256-4ff0-831d-1e345880f4e5,0,5317
cd3f4b22-8bd5-4ef1-bc4c-cdefea2fe510,0,20825
934849ac-d463-40af-b5e5-d5bee91b143f,0,14173
977a5fe5-f89f-4426-9f96-1e8189512952,0,14643
ee078a5e-c6ff-4e78-a4b2-5aee68972112,0,24596
e470b835-92bb-480b-8905-5d6ea3f1827b,0,23435
8099989a-defd-438e-8f36-8e1114b4c87c,0,12136
b3ba8251-ad9e-45a7-b5c3-b976b290508d,0,17923
f733b1be-95cb-427f-b799-8810dab0ed0c,1,25637
c60f4603-c33d-4e47-8d3b-580805e6fbe2,0,19986
07c79bc0-131c-48ad-bf12-a386cad3d3a9,0,521
f1882d38-08a5-4b8d-915a-1d43ac9e4c81,0,24996
e1a5f46a-fd28-432f-93e3-851d84174549,0,23117
a82df6fe-4858-4aeb-a155-baf7489e9cd6,0,16599
be305f30-f097-4d02-9d48-76c3fa1275c9,0,19152
cc2b8292-35f6-484b-99b2-4afe247b1675,0,20690
48f71d7f-72ea-4993-a9df-11e808508db4,0,5654
8dbd8475-177c-4652-a6b5-03fd3163ebe2,0,13564
958cb48f-1343-41c0-a674-b6e455ad7299,0,14428
78b2898a-1bc4-4633-9825-6314abe9d251,0,11214
4f5c6604-e4b7-4bda-904c-cf88bbb54511,0,6383
d235b816-7117-4047-96f5-a841f622d46b,0,21383
8a3166ec-e855-4ae5-afb8-f0d9ef7cedef,0,13151
4e287fb8-81a8-42cc-ae66-f3c632a1aa29,0,6248
90ec6562-e496-4753-91eb-fb3eab2bd4ea,0,13926
64a18f17-de76-44d1-9d6e-16267870298b,0,8825
61b32ca0-a2f1-40db-a18f-0bbfaed05a09,0,8478
0dfed935-1a18-4263-b1de-5cfc38d2e06a,0,1127
ca89fb7e-d1f3-4b3c-b82a-780923a6529a,0,20500
9a5ed3c8-2b01-433e-87db-e179be47d388,0,15008
c87aef02-b3c2-4b42-86dd-9bd89f014b72,0,20260
93389b35-7e1f-4ead-ab70-a757fa3b95af,0,14166
bca2cc4f-0482-4a86-9bee-2ed85b8dbd75,1,18974
c764098c-5301-41c4-a7e6-bc66b8ff7ef7,0,20119
e65d66fe-2835-4e27-859b-a65065758cab,1,23687
fba0309a-edbe-4d97-b806-f6fe8460ced3,1,26152
d65092b0-65b9-49b0-b6ee-c7d7c574b7dc,0,21820
5300350d-0a2f-4567-b6be-65572e6c125d,0,6804
c86cf90f-07f4-49ea-a47e-1710b0cef2c3,0,20249
d930583e-0c91-4b5f-9a23-0f71f0349586,1,22146
c033f66d-900e-4ba3-8da4-a6823ea89d09,1,19383
af6db553-da0a-43bd-b48f-5883dbf412e8,0,17433
9e696e8d-324b-478f-9a1a-d943f866a749,0,15431
a74b7b44-ae2b-48cc-bc0a-597d221a4d08,0,16502
205f5b04-b42a-4890-af36-0ed2de7a56a1,1,2209
b18f7658-00da-4668-bfe8-9a3d2b2d2c33,1,17700
633d9182-1809-41b7-a59b-1e60ac91f0c9,0,8656
f281dbe7-7dfc-4077-ae80-b02ed96dd95a,0,25118
15c81382-6b4c-4e2e-ab79-db95f66de400,0,1509
f35eba6c-1a97-4582-aee3-8dc4734cdaf1,0,25215
fab1ae5a-5a01-46db-a260-7e6b537f53eb,0,26051
9ddf1e98-5f30-496e-9c50-5db659effe2a,0,15370
ecd2fc2d-4670-469f-932b-df4ee2201ca5,0,24454
92bc5519-d46b-4ecf-8948-aa2cb283e27e,0,14110
86a95eba-c600-4016-8e14-febf0dff0653,0,12752
011d6f51-b732-4d45-a84d-90477325ef2d,0,51
aec1daa4-1910-4270-8de2-9abe6f3b1bf0,1,17356
c893049a-237f-4dd5-931e-af4aedd49da5,0,20272
09918992-0dfa-4ab4-9e3c-51444c0267aa,0,722
e23b65df-54cc-4f90-a29e-402cfad1a1ea,0,23179
70a630f3-c0cd-4487-b07f-87e2bbe961e0,1,10287
6649c197-c85c-41de-9c35-25c1a4827077,0,9031
c8906ba7-b6b5-425d-bcc7-e5cb69ee88ea,0,20271
54f4e2eb-e4f8-4c61-9be7-73cdb4492fbc,0,7039
c9b4ba74-218a-4355-92b6-61a4ea7bb426,0,20402
ef61bf9e-8aab-4f41-ab0e-6e060fe4ff0c,0,24749
867fcea9-55eb-4414-88ad-558e717f753c,1,12735
364b58dc-858a-4de4-962b-baa17c39a762,0,3476
34783bc6-c67c-45fc-81ca-202df5b71f38,1,3257
e9837763-07fd-428b-8cd1-2bcaf05f7162,0,24041
321dee3c-8bf0-44ed-a0b6-e951783b9508,1,2992
b0d3f19f-10f9-487b-9cf8-8c2d6dc5d746,1,17597
f849c5e2-3a1b-49bc-8b0c-018157b97e2a,0,25751
f5755261-fe82-4af9-9086-b7c7558d6738,0,25444
8d65cac2-1aa0-4158-a81f-df8367abbd46,0,13524
9f2d2fba-214b-429f-a633-48dec946998a,0,15533
c993e08f-b497-4f6f-936e-0a44a834d24f,1,20383
860da4ca-ffdd-41fe-b3a3-511ee42a61db,0,12694
a1590997-689f-4fb1-996e-823c8dfd4cc7,0,15794
bd1356ed-d7fc-41d7-a11b-b1b1f2c5add1,1,19030
9c68beeb-e133-426e-831b-2f8266c978d7,0,15226
965bb34c-0405-4671-a6cd-6227bf47c73b,0,14523
a3bcdd23-510f-4f18-876e-69bc9cf62ada,1,16065
4eb84e02-0e7b-4415-a513-e3dad4d3b1a1,0,6309
83d25ba1-ba1c-4d32-b505-5cf0cffeff4c,1,12485
66be0e5f-1831-44e0-b823-caf4bb1fe38a,0,9100
b371a4b2-fbcb-4d0b-8cfd-028fae13c079,0,17902
685d843f-4ee5-45c6-9762-987c487bac8c,0,9280
5bf2a3dc-2c7e-4aa2-9a51-10dc2bdf9c4b,0,7810
36023d29-a39d-4603-a84c-bd26242f5f55,0,3449
40cbe831-406d-4492-961e-373493628c03,0,4724
ef5313d3-1034-4536-afec-ca0372da1c5c,0,24742
b06e22ad-296d-4369-94ba-2902fd9b212a,0,17556
4e483e66-4890-4bdc-8d12-b0021b7e7f5f,0,6261
fe984b23-53b7-403e-9c18-b4302ff46f2b,0,26503
4b46098e-ea85-41de-9534-0a645ec9b121,0,5915
fb7e027c-7111-41f9-b0d6-32d16ebc2c6b,0,26139
534eae67-8907-4c4e-9b18-39d94e297dfa,0,6834
7bc6f7d5-aa35-4c1e-86d8-c4df27c483b8,0,11568
d655fe66-2c4a-4c6b-8e5b-3e2a87e43b16,0,21824
0ca9d557-c26c-4dfc-84cc-aac7254ceeb1,0,1056
80ef2532-7497-4e5e-bdcc-d97da06da0b5,1,12168
1858bafe-3d3f-4fc6-84bf-e0f85ea1e264,1,1812
fd6f8775-392d-4f85-bc25-398c02a30678,0,26375
5371f76e-9d80-4c83-9e94-a631cdc3d92f,0,6851
f99a905b-e577-42ee-9713-9e82e6663c06,0,25912
a47895dd-28f9-43b2-9214-a4e55fcf92e5,1,16151
bc6dd946-0b3f-445f-8d78-3cc39a0b14ae,1,18944
ed20cdc6-e8f7-4551-a8d5-6b360b3f9c71,1,24494
cb22bd08-db57-4129-9659-9ed843fc143f,0,20570
4feeba3f-b43e-4961-b491-a2e0d6e5a5c7,0,6461
9f0cf002-f237-4706-bbf5-a4f337e5f3f5,0,15517
ed9a4d87-0736-4dc4-9b95-ea2c78b62291,0,24551
db7bce8f-978c-47b1-8b74-7640f7c3625e,1,22407
79397fb3-fbe9-4b1d-baec-a934f2825e25,1,11280
74075cca-a426-4710-92de-e23aa74b76ac,1,10687
67e6db21-bb11-42e2-ae31-e11ac0596d1a,0,9235
7ed72508-4582-4d16-8df2-724ba106e692,0,11922
e12cc2da-8324-45eb-a748-45a3924fdc93,0,23057
8954f4f3-d3c1-472e-acf0-66ff57ecc7f4,0,13046
f32e03a8-4c73-49dc-a142-c6d8d55dff94,1,25197
d091c2c7-82d9-4f8c-a820-7a1a08257213,0,21188
67fb12d4-cdf4-4952-91a9-fc0b1cfe064f,0,9241
e2a97236-a6b8-47c2-9ba4-66fbbc82f2d4,0,23227
40e4f793-dc65-42bb-bd9d-11dd2813ea3b,0,4733
713190d9-5ef2-4867-9756-fc214e4969ea,0,10358
3d04aef0-2bb8-4de2-a871-4c814bca5d9b,1,4290
bec82e55-c1d8-4f3c-afd0-19f76b08c96d,0,19226
f326a7ef-e7f7-43e0-8c9b-e8ab6033a567,0,25194
52566b7d-cece-4595-8163-dcd6fcd26f8b,0,6727
fb7f9d1e-4d67-4ab7-bde9-6e2fe336f197,0,26141
013c7df0-d66d-4cb1-b3bc-a70085160311,1,55
6bd912bb-47ef-4a60-9d41-e2d88e477b82,0,9725
799cabf9-90cd-4959-aaef-1b283f4d2a90,0,11328
1321f38d-adb7-491d-97eb-277d57ab6e59,1,1360
fe0f0271-231a-45fb-9ae4-d9e8a129c549,0,26438
c5e9b1c8-4a98-4ea6-b918-b1621ecf0ddd,1,19965
dd9e712f-a027-422e-9ca3-910944b804d9,0,22642
303c2367-2911-4e0a-8b63-24f01c94b217,0,2842
0c552b6a-8b71-42d2-b3e1-645297a288ba,0,1027
605b591a-47f3-42c6-bf31-ef92f875c5a8,0,8328
2d2a74bc-10a5-40cd-aa6a-4ae5237c6d76,0,2707
dd706959-0683-4fca-a536-2d3f4017f6d0,0,22620
2ce34f96-40b4-4d2a-b6a1-c7e21e6db8a1,1,2695
8a283d3e-888f-4b6a-ae13-200b21f9e69a,1,13145
9ea7e35c-eb07-4e63-bd0f-a313e8aee6c4,0,15468
766d3d32-c4a5-4318-a1a9-4db74ef0de80,0,10968
060c4f8a-f04f-4f46-88fc-3d0b90f3608c,0,322
66ba8805-6b82-4cf7-9cd7-3e3916ca87df,0,9098
c6d7f6ee-0c3c-486b-b88e-d2d4f0b8a0e4,0,20066
4150d141-c98e-4cc1-9a13-1d417e94fffd,0,4783
4e26d7a9-e0ee-4116-a887-d1fca71d7372,0,6244
bca65bc9-adf1-402b-96b8-cfe195b7969d,1,18978
5d7db043-8815-455f-b5ce-bfe012697057,0,7990
37067b6c-b928-42dd-9c56-8112cf4cb95f,0,3557
3a5db4e4-7069-4ae8-8d02-c9027c5833c4,0,3980
36880ed5-467f-489a-bc53-bc399f314fb8,0,3501
484a4f31-82d5-4ab1-9213-1566ae6ca14e,0,5583
ba20672e-46eb-44d7-8bd5-e67cb32af3c5,0,18664
f53cc12c-be19-4247-ae41-0ccbab721c9d,0,25411
77c35cf0-33fa-4851-9e84-bee7a6034a6e,0,11112
06e48d8a-93d5-40c6-b6be-f04378117ac8,0,414
01be3fe5-4a91-4c57-9af6-305966a7d0aa,0,79
6d9912ad-e56b-4ff3-931e-75b39df49c0f,1,9936
b03ceaa1-870b-4bfb-8e84-7132be831e64,0,17533
6ac171e0-898d-4569-bc3d-1a52ef468622,0,9586
24a0f5b2-e762-4c07-ac23-b190fb0211ce,0,2360
5c31a6ea-f629-49e6-9115-11d1fbaf0780,0,7843
3e8f1321-ac53-4ecd-8ca2-5150bfafabe7,0,4457
8f96a6fe-81f4-4b69-a2f2-8477b9ea9772,1,13784
c87992ba-0fed-475e-9391-a8d2acd82bde,0,20259
83ef0eca-3840-42d2-aef3-e438ec4e2c29,0,12495
4642d131-ec7b-4c67-91ef-8fd257590283,0,5336
b67345a4-9c06-46c0-b0a0-303cee1cc19c,1,18244
367afc86-b902-4146-b7d5-fa22ff6a9dd2,0,3495
f97469eb-bac7-4520-b08f-c81b3e3ccf45,0,25888
94423ad5-4cce-44fb-bbd4-7328a9c6d23c,0,14284
c5263aec-96e2-413c-bda3-7c880848cbbe,0,19862
93f035f7-32f7-44f6-8d9a-3fe67b03fe10,0,14259
c4011994-4af9-4f34-938a-2b4d731ab2a4,0,19719
e3ac9753-ac4b-4147-9122-8ff5ac139413,0,23344
92ade897-33b2-42d9-92eb-540492537bf0,0,14105
65262e28-0c9c-4429-beb5-91610049272e,0,8893
5892021e-1c3c-4673-ac50-0ddd0dc858a0,0,7449
4a36eeec-4fd2-459f-b4e7-c7d70c77e87d,0,5796
a4d40476-66d3-4733-9db5-63b4fd7215a8,1,16199
3e9dc5b9-1b7a-4e9f-a8aa-d28fc622f595,0,4462
d6c1351c-3dde-4226-99bb-747609211672,0,21869
dff6e362-b26f-4af8-8798-eb0609a137b5,0,22904
36e2d7a1-bfea-4126-a44c-0388463a7461,0,3538
e45405b4-f898-4084-93fc-f416aabdb13e,0,23420
826c317e-01af-4cc5-a367-07974ed1df69,0,12328
4165498d-7c7d-461c-b934-ec42645799fa,0,4795
8266653e-4df2-4e84-aa7a-a96e7d29fe3e,0,12326
5e5069e4-1f37-4fef-93d1-9b0162183277,0,8081
38c3c661-624a-4fdf-bd26-c7b33e20169a,0,3780
89218251-8007-42b6-8099-324efa7c75f6,0,13025
c379b184-9fd0-4080-b300-e2e7f8276ea8,0,19646
0cac04c6-c4b6-48e5-9b28-b0a6c44289a5,0,1057
ecbeef4f-1e66-408c-b908-704fab2f4829,0,24447
265048d6-e1d0-4f9e-8614-8f030271d120,0,2419
545258bb-53e4-4219-9b5f-62d18661eac2,0,6955
0c6123ac-baaa-4f5d-a566-97468a61e82e,0,1032
ecfe8040-c2e5-45d0-9ee7-d1a6963270ca,1,24477
7dcad195-26c3-434c-a280-9896068db98b,0,11791
dc552bd2-18ca-4d79-a006-38ea336e8511,0,22507
75fbf88e-0f1b-4bc2-acc9-01f9cdee479d,0,10916
dd4d5606-b997-495d-936a-8a51c7789418,0,22598
341904e7-1a0f-494d-970d-43d8066b8851,0,3218
fc5e51d0-cd76-45c1-a95b-a6bc6dd5b141,0,26247
e36abddf-f067-48a7-85e6-bf3af1d537f3,0,23319
acee926a-5141-461f-b0c7-edbbf8bf51c8,1,17154
8dae19f8-d9ec-44d4-9e5b-15a54000ca33,0,13555
eec0fbe0-3bbb-437f-84f8-b2d32a9f78c7,0,24673
5e36040b-0804-4c66-a879-32afdacf18ce,1,8067
c2886322-b4ab-46ca-bcac-4d70db04071b,0,19534
ace5cd2d-a76f-46d6-9800-2619598b12d7,0,17148
e79fb9e0-c35d-4ea3-9e4b-126923129e28,0,23834
6e9ba999-9a90-4d68-bbd6-1eb63b71782c,0,10052
8ed6a49a-e7a9-4501-9ddc-bd0233c1c0ec,0,13694
4c05690d-628a-4ac5-8a41-6ee4e97a2663,0,6004
0b609c12-d05a-4cfe-8204-e0c75c300d0b,0,899
6bdfa91a-d42c-4052-9584-e218e36dd509,0,9731
cd770f6b-91a2-4bc7-8efc-f650b98c1f42,0,20848
d116d674-7376-4214-b9d5-71f94cb6cefd,0,21252
a0fbfa61-12c2-485e-aee2-82e2ad47014c,0,15739
c2974ad2-07ba-4353-9172-1375acd88d9a,1,19540
a2c7baa7-e6f5-4409-bf23-d96c54d6843b,1,15943
255a95a1-b8c6-4a9f-b5c1-b5848d126a6d,0,2389
27f328a2-ec1b-4d6e-8a0b-fe1d655b4a91,0,2491
dae4f66d-53ce-4910-85af-d4e9e14b59c9,0,22344
41b00808-a610-492c-b2f5-82de09d84366,1,4836
3cb60780-aa4c-4b95-91c1-0c1d7911ff40,0,4252
6a3741d1-7427-42d4-b29d-401d659b5d0b,0,9500
8242a3be-6f16-42ab-aed7-ee61b3ebedd3,0,12311
d926bf61-53f6-49e8-8a7f-e81e5a3c18ba,0,22140
326aec21-e8f0-497f-9cc0-e56979c0aa78,0,3024
408c0f78-dbaf-49c9-b727-130a23bb68f8,0,4696
4d77b506-38bb-4f7c-b7e3-56ce766231dc,0,6159
595251bf-1704-4be6-b8fb-a69123163f17,0,7537
037e59c2-5753-4daa-b74f-856694b81729,0,169
64d7923f-fed4-45f7-89e0-6e5cd3942c16,0,8852
a5a1d7a8-e44a-4514-b849-835c602eabc7,0,16297
caded297-d0b8-4c1e-8bad-763d8957b04c,0,20534
c544e224-5a9c-488f-9d79-242114b2ee4e,0,19878
7edec8d0-1125-4ece-a325-3cb31fcf9d09,0,11924
34873b9f-5305-404e-b7f7-5105feede48a,1,3268
454bd649-2755-4dd3-be6c-7690f73775b5,0,5227
5560d6b5-4441-4e3b-93bb-c68e3a142aed,0,7081
65336113-bed0-4b8b-b6eb-a56aef061389,0,8902
f1002d5f-91b8-473a-a021-7a6af14e0f97,0,24924
8989e25c-a698-48fc-b428-fff56931fc8f,0,13070
7ffa12bc-05e7-467b-ae93-e1eaf7dcd5c3,0,12065
630cf344-4568-4d86-ad50-524f79aa97f3,0,8630
338907f5-8c8c-47e7-a57d-6c9eb5b4529b,1,3150
e1d0bd10-2cfd-47c3-8eaa-f005b861f6f1,0,23128
cce09464-cb24-46c7-9941-b05119e3456b,0,20773
b1aeb5fe-529c-456b-905d-e7c0f37b072c,1,17715
91a5547f-487a-4b7c-9761-9f55cc1c15d2,0,13999
e8de5f92-11e7-4458-b6b7-38df4f21ae4d,0,23970
cf7b4277-f473-41da-af06-b7efe122a61d,0,21072
aeac34e2-96bb-4af1-a01b-930170b7d1d2,0,17344
5c1da86d-efab-4a72-945d-c0e9ec09623c,0,7831
66fff5c7-b6f3-4791-8759-f953f371790e,0,9135
6cda5173-edbe-4020-a64e-2a3b75b13283,0,9851
350e7ec1-9468-4056-9455-746888fcf817,0,3334
572604b6-ebfc-4b17-9474-1ace6b25e33f,0,7284
9e2df0fb-8488-4301-9e4c-8ca2457fca54,1,15408
c82e230a-53cf-4f7f-a825-8f564e57a7a7,0,20229
54beda44-fc48-4962-9c6a-01e8001e463e,0,7017
784a3ed0-2565-430f-819f-f713e1775344,1,11160
a8e3ea7d-0b63-45cf-85d8-1078d3e2449d,0,16690
6d030049-8fcb-41cd-8b41-8a964fd965ea,0,9871
8dd5b363-e439-46da-8f5b-a08d4bdb8404,0,13578
d1a530df-e8e4-4d27-ac50-320f521a5291,0,21314
6570970b-d2ce-43f5-b160-8a59e093749f,0,8931
cfa28fa8-050b-44b6-b79e-94d1b7e78341,0,21085
b6c5ae6e-eee7-49a3-8fe4-70abda58ac5d,0,18275
7c0e208f-3a83-4390-b143-dee8ac1c9d1a,0,11604
4df29f7a-bc11-41d5-82ab-3389ec438342,0,6216
31739fc0-50fd-49e1-aeed-d7e39f7106fe,1,2912
91088f01-2556-41de-ad37-fb287b9e793e,1,13934
eb31f994-518b-4e9d-9a52-ccbf541cfa9f,0,24250
8d768b9e-92cb-4343-9a2a-20ce3d137695,0,13530
d2360fbe-4dfb-49cc-9de1-ddd329008128,0,21384
356cf5c6-8b83-443f-9b4b-8b1e43ff1f46,0,3380
4e193367-5024-47cc-ba40-d5bd69522763,0,6235
cb82576d-18f0-4116-83a4-97098a6d42ee,1,20610
28fd01f3-ea55-450e-934c-df01b11cfbc9,1,2539
aa49ed8f-c583-41e7-9fed-d5f930e19366,1,16843
0bbf677c-7038-4bb9-a1b3-b41db928292c,0,951
fdc740ef-4924-4806-9241-5e5685b251ed,0,26406
3b81309b-5e5e-4d02-8eaf-265a770de5b7,0,4111
6698c3d6-2128-4ff8-aaa8-b840045e00c1,0,9070
c1788414-7f70-40d9-86b3-e3f51fd92b69,0,19445
21684515-f845-4d3e-acb0-13628edaa264,0,2237
0befe74c-5802-4fd4-aa1a-e5487d685558,1,971
a761a623-c927-4372-a490-46d47a827cd1,0,16515
620f78d1-c325-4410-996b-a6ff7018cbe4,0,8508
c97ea3d7-862f-481d-a996-66acdfe38c0d,0,20372
e08cfe75-5c13-4f35-ac69-d16e6d92255b,0,22987
477851ad-a9cf-467b-8404-3afb2a1a4636,0,5491
d8b6ebcc-9ec0-458b-aeca-eb474578c575,0,22090
e187da0c-d93f-4dc0-9adf-d0eafc1a4e1c,0,23101
4d5ca402-e14a-4b6c-86cd-d25512b31047,1,6147
d256b193-9bcb-4313-b220-014a718420e1,0,21397
ee97b00e-c450-4f62-aafe-e91b0ba0e3e8,0,24653
934de9ea-b41c-45cf-a6f0-93f93cc7940e,0,14180
8000975e-2a81-43b9-8c72-ba5eba37e84e,0,12068
a82c49aa-e573-4af9-be39-6c03eff57ea0,0,16598
bc8cc1a5-905d-43dc-8fb4-896ea5da0aaa,0,18962
d703f118-7133-48d1-91ff-56fcd50d6d9a,0,21910
13e0c332-c269-40a3-9026-02a0f11a4dbd,1,1380
90fe691c-122b-468f-a633-282e18eb94e2,0,13933
dec3b97e-a2e3-45e4-a72d-1d6d9ce016e0,0,22761
8f486c13-cd02-4c32-8b23-8c492cc27cfd,0,13750
7759e7ae-641f-4504-b373-95a8763dc59a,1,11066
4b597014-8d0b-41b1-bc33-e292b41e6e2c,0,5928
be56df34-77ad-4833-8179-18bf26d1cba5,0,19175
c21fd129-8438-42d2-9a6c-1284fecb4338,1,19488
779e0af8-53e5-4f43-818b-6d0bf9e1b9a5,0,11095
7a7271a1-026f-41c6-8e42-6b0db55a4478,0,11417
87d440b0-e45d-4a8b-822d-76d478a9a304,0,12883
8488fbce-0fd7-41e4-b374-1dbf2e07060a,0,12538
b78db1b3-7cae-4225-9f6c-fe8abef98f0d,0,18370
e8d9ce93-d80f-4b60-817b-17748104ee12,0,23969
5fb4a30f-84be-4fdc-81eb-e6616e1568ce,0,8252
d230c1d2-52fe-427d-bf5b-9cfbd2b4ebd5,0,21378
b7f98d86-4068-42f2-8bdf-23868b4fcd37,0,18416
d0d7dab6-1938-4859-beca-987458d20699,1,21220
c696ab08-acf1-409e-86ef-1e1ac9bc73d3,1,20039
6e1f5ce5-a624-4d13-9088-1d769440599a,0,10004
8cb4b33a-335e-4488-832f-4369941d4a6c,0,13441
8208490a-360f-4744-aea8-08a10d5ec3d7,0,12290
9f707f8c-25f5-462f-9c7b-36754101f5db,0,15560
2a6314e0-e011-4857-8bb8-1574e30fecd4,0,2598
f2220b70-8965-4c1c-9710-c039808c837d,0,25070
875b34e4-b58d-479f-954a-5b015071f448,1,12828
d4b3478b-d430-4c89-95b5-1c1c27c8eb71,1,21637
5d6b1b75-d868-4f78-809b-03155b3d833d,0,7977
6b503345-c6ac-43ec-bfa7-6142a857cd19,0,9653
85ae561b-097c-4061-9f09-14ee4b9404ff,0,12655
8335067e-35ab-47a1-ba26-117be9f26ab2,0,12409
92367a38-faf5-4189-b2c5-b09dffbc8500,0,14059
c8d798bb-5bcb-4ca0-8b16-e360805aac69,1,20304
88e9bc86-ecfa-4a58-845b-b9cfb01d201b,0,13004
8bc44e5c-abf9-46be-8bb3-2e0f9bce636c,0,13331
adf7e674-fb5f-4f3c-a302-961d784bdd48,1,17263
f1305032-e710-4971-9ffe-02c46182bc32,0,24954
0fd9d050-6ad7-4bd8-a18b-8e583192726f,1,1225
a7bfee8a-971f-4164-ad8f-8b65930a7da6,0,16562
da423b15-75cf-4935-ba6d-d514714676e0,0,22280
cba19601-a1c0-4afd-be2e-83ffd943b8dc,0,20633
0ae5dcc7-197d-4d59-991a-3b93f3a1e760,1,843
f760c946-a103-4991-a6e5-ff60c24cd99f,1,25658
7d0e3887-2263-4c54-8833-cb9886a62152,0,11713
e8868e22-3e5c-4e63-9dc7-9180b20a0b1d,1,23938
86de3306-5876-4f2f-af07-fbc00610df8b,0,12770
e51f26cf-4717-452e-886b-fcde817a9417,0,23524
653a9118-b0d4-49b2-b140-6f5356a5e1c4,0,8906
bdb01bbd-59a9-4f7b-abb7-d150e6338299,0,19103
719bc0dd-4fac-4c36-be92-a490afe83116,0,10417
81db3f62-a064-4fe7-a2a0-ead02735e483,0,12271
00fcc4f0-d7b5-4473-99a9-aa7d3ca071c9,0,44
eeaed128-0f7b-4576-9f1e-3f2a9bbeb2bd,0,24664
a4b8d93d-6387-4b7f-8e54-14cb130d3c9e,0,16184
5cc79a07-54e7-4c37-9284-5d11fad4a8a2,0,7903
2cf61db7-101c-4430-ae32-949b5a62f653,0,2699
52b8e4bd-047b-4c60-a035-56694f591652,0,6770
159eced6-02dd-4c88-ba1e-e34c4c9a00b5,1,1488
4f67003c-b3b2-4055-ae99-650c5df64c85,0,6387
646c50f2-23b4-4236-b92f-c5efb2139053,0,8790
44b01e01-e102-4ae9-8ba2-fb3f951e1cb8,0,5144
7281c876-beb7-4371-bbb4-4269bd00f767,0,10524
7fc0a6af-82e2-4f70-9cd9-8e4047794c59,0,12039
50bfe833-df93-4022-9b99-0c8d56a96d30,0,6558
74e1565d-450a-4e60-b9c2-fce5d2a4fbdb,0,10784
5e79685b-7bcc-49d2-986c-e3d07a319a3a,1,8101
f196c940-3059-45fd-8366-ed0cca2f0ab4,0,25000
96a80d6e-d45b-4613-ad0a-a2fac894846f,0,14548
17bb1968-907d-4085-8cc3-e66f6357a518,0,1728
46dca0c8-03bd-41c9-80b8-68fddfdd7116,0,5415
f7250628-0db8-4baa-adbf-fd694cbd3b7d,1,25634
a2dd1417-6861-449d-b81f-90d84bb09298,0,15958
e0e3585f-8df6-45e6-a7f1-f9c376a8e375,0,23024
87fca20d-c5ef-4390-9ea0-7ad0bc6f5ad4,0,12900
46cfe8ef-549c-4b26-95b9-3a0b2cea22d5,0,5409
96c14a9c-2346-4e84-88c9-ad30bd422de8,1,14562
ebf2bdff-9e1a-4365-9010-738d58b62944,1,24347
14996682-7fb0-42e1-a925-ab2a639bae18,1,1411
9f176451-253d-44ae-8be8-1746474f5dad,0,15524
6648e4d4-8073-454a-83a6-f3e7fe775a0b,0,9029
e16bb5b9-44bb-476f-9e5a-3b8ee59c5b3b,0,23088
da6c861a-4fbd-4c9c-873d-a29411dce36b,0,22293
524c87a2-8072-4062-b6f7-7a7785164092,0,6716
e9ea9123-3eab-4d60-973d-bfca20b6e054,1,24092
2bddaf3a-8640-4dd8-843a-27544b085e65,0,2651
6add9875-17e2-4e06-8a26-86bb1ffb09dd,0,9602
719bb18b-a428-4fd8-9338-46f1187ffa5c,1,10416
5b924690-7a86-49b8-b36e-1d12d5f4fff6,1,7768
3e270660-ae56-4cb7-885b-3c9ba8b0f55b,0,4413
f35df256-c4bf-4767-b9ab-bdf429af9903,0,25214
6ed8dc66-bac5-48ae-bf74-90813b27a35f,0,10087
c3713d1a-6d8e-47c8-ae09-6ae3a5cfc72d,0,19639
9eb988cd-aecc-4335-ad09-b580be434377,1,15475
820a493d-b8cb-4724-9609-4db39b42f368,1,12292
c8dc492d-b750-4637-970a-bb595b485990,0,20307
c2c5eb5d-bfbc-4670-92b1-e41ad97a194f,0,19568
3b5ce046-19d3-4a6e-8664-0a5fa7e1014b,1,4096
37a09cbb-e618-486f-bf4c-011cb5b5d69c,0,3625
159ca18a-4b95-45f5-b489-acde49608baa,0,1487
3b3e8c48-b34a-4cab-b217-7bcddfd5cd1a,0,4081
4748d5a3-81a8-4761-b65e-2cba79753be9,0,5470
4a4510a3-0439-414b-adf8-9d5a09fb61ab,0,5806
b2fdb4b5-24e5-49cb-ad01-84cf17f35c94,0,17849
7e1812bf-5de8-4480-a7bb-ebdf483cd0f5,0,11824
5bcdcaca-248f-44e3-bd75-da2bee9287ef,0,7792
08ab87a3-886f-4b5a-9818-889337c63d0b,1,614
2d5d4cc5-5633-4718-ac7a-61bd0c7dbf4f,1,2712
6bfafb53-1ddf-4e51-8285-ca01bc9c0af5,0,9747
496eb4bf-5c74-45a4-8a4f-642b350e4cb9,0,5704
8b1c4c4d-3af7-4626-ba2b-8b0e6fe91e3c,0,13260
0cb6fe57-ead1-444b-8563-a51f14014e2d,0,1067
717f61a8-7368-479d-8f73-278e8a1a329b,0,10397
de3de48d-1810-4676-bf95-a88305034724,1,22711
546629ff-ce7e-4bd9-b0be-def0ed5842c2,0,6966
fc5b76b1-3ab4-465e-a120-710a4e06cc39,0,26246
8112d68e-b8d9-460a-8a80-4cde12c6c605,0,12182
a9f06cb1-b049-4b44-8816-00a898bef540,0,16817
fa3179b8-cc14-411f-89bb-611ac377f574,0,25995
8c80ee20-1e1e-400f-b727-9cfd07213c13,0,13417
405fc22f-ea3f-481e-bb8e-b6b75ce9b916,0,4672
a9c988f5-86ad-4ee7-80f8-b7a1776b42c9,0,16797
6c22fb61-ac93-4224-be10-b939e28f5f5e,0,9762
e6644a82-f09b-457b-9546-790e8755741c,0,23692
c73f658e-56e6-40c4-8f2d-d9bcf0b78628,0,20100
ed21ee4c-97e4-4306-b473-3cca22b4f13d,0,24495
d251b5bd-a852-44e1-99a2-37b7a2d0414a,0,21394
9c6b869a-2b44-448b-944f-6f3e9734a591,0,15229
b8999532-31ea-4659-9039-d83a6fab490c,1,18485
a13b77b1-0c9a-4d43-b0e9-02731813edce,0,15776
91316e56-5935-494a-bd02-e2dbfa5b1dfa,0,13950
d4977648-972e-467e-9a7b-9143c23ec00c,0,21620
3342938c-21d3-4f72-a0ce-9d930f4b98dc,1,3122
76a93e16-6dc6-4356-bd7e-6e45bd4d3e4e,0,10986
474796e8-4c5f-41c7-b627-4cfd98ed0f6b,0,5469
35655657-e359-45c4-bd56-1ce90ddaebed,0,3373
d58ef1b3-d30e-45d5-bd21-3fdf7329a6aa,0,21743
8609c224-17bc-4886-a08f-d82e098fe891,1,12691
00eeb3c9-a892-4fac-a67a-aaa6cc7ffd5c,1,40
5e3d34c0-03f0-4c4e-86b3-ecffbc624f87,1,8071
82660818-9860-4395-ba31-228db317fc4d,0,12325
750d6b01-4273-43b2-8de8-500e738cb257,1,10812
d5231546-354e-4071-9af1-6644beabfd86,0,21685
c830b55a-ff12-40c7-9c3e-185b88982624,0,20230
6d13500d-05ee-4f4f-bc08-aeda019858fe,1,9879
31f103c6-fcd1-4ba5-aae8-87b20e7b9546,0,2973
62fb0bd9-9531-472a-bdd0-b7c2f8082cd1,0,8624
8be52575-7877-41c2-a1cd-cb16915273b6,1,13350
547b5577-865c-45c5-af67-9c239e5d4eab,0,6978
8810a730-3f76-408d-ac9d-cef6e9629c89,1,12911
9aa32410-6336-47df-a026-2996d2b6e8cc,0,15040
cfcfaa4a-9c58-4eec-bb63-708e2b25df16,1,21106
a0e4d764-537c-4dcb-a976-d15c6abd87ce,0,15731
31005109-092a-4611-9c42-23c7123a40c9,0,2876
6113a040-1600-4525-adbc-c5415959ebaf,0,8410
7aca2dfc-2ab6-4bc2-aaa4-3e4cba6d95e5,0,11449
3d1c3cd6-7e88-48ea-91b7-3150c2833bcf,1,4300
47335c95-e088-4cd8-9dee-60216fd8e185,0,5459
1682a002-e834-4696-8101-70afe4edeebf,1,1602
f8e8da4e-f23d-477a-84e8-4e45eaa25fca,0,25826
3bf038e0-a6df-45d4-9422-c9a1e1ddda49,0,4160
c3fbfe27-47f1-4e32-a7e6-e51b890c5514,0,19715
6a8394ce-788f-45eb-9b3e-d49935f2d673,0,9549
8ddb703e-4cbf-4570-8395-70d0c4b7fff0,0,13582
41051759-a0db-4801-92ab-b3522071dbda,0,4747
f3aa1daa-4873-446a-a5b7-7da7f955245e,1,25247
b82b0903-6b09-4a6e-96be-d2827ce7f452,0,18443
ca25855c-546e-4658-aa41-7438615c7554,0,20453
13f8bb2b-9c21-4131-aee1-eef3bc0cf88b,0,1386
4ebf07c6-2380-4dcb-beeb-f6aa2bc007bc,0,6312
a985f470-12d9-48b0-bb1a-5bdffc657c47,0,16769
43e9313d-47be-4c69-8b6f-655d6404d7f0,0,5059
3ead6e4c-1d18-4eed-98b9-a1ea9412751b,1,4478
7d674c82-5501-4730-92c5-d241fd6911e7,1,11756
b3e8fb51-defe-422b-b6a3-b8c4a6c365a2,0,17946
f02b6a5c-f922-4334-ac80-99d7418c41f0,1,24837
c4a9e5af-2b13-4dd5-b5e7-094c2ce33c34,0,19799
99d72abd-78dd-4a09-8f9f-d07478196760,0,14942
f7aaf2ce-cceb-49f8-b62d-fe2a31665718,0,25697
15b7d431-5807-468b-a561-42f63e56b845,0,1496
b4a86b8d-9d4f-4a3b-9a5e-96cb32198bb2,0,18049
7112e9c7-1c28-4663-bb84-696e0874e98c,0,10341
e4dd25aa-7839-4e0e-a984-c7cb1b31d2c7,0,23487
86f084ef-539c-404b-9a91-c9a5d5ab3771,1,12777
c42754db-162b-4ab8-abc1-7bda26f5dbea,0,19738
627573e3-954c-41fb-959c-703f2ed7e92f,0,8560
8d7055f0-5e26-4c2a-a610-ff4b09ff3e7d,0,13526
cd10b0eb-c04d-4231-a24e-90581c4b4af2,0,20803
d0898d2d-4b39-45b5-9936-016e3d162eb4,0,21185
c1273696-fdec-48a9-988c-74e57b6323fa,1,19427
b7be8601-8a5f-4117-b356-5d2991a83e62,0,18389
901a4e14-0abc-4bb9-a29b-52fc0491847f,0,13841
6a3a3e2d-6b76-44b0-8426-cd1fdccd2a71,0,9505
f4db9279-0ccf-47ad-b630-fd954b34c59c,0,25382
8dbaa184-772b-4b74-8983-9cfbd2e92860,0,13563
b7ee39b2-b083-40f8-b75b-1597ebda0c68,0,18408
7ee86229-0c3d-4b95-8c81-df6131c3a476,0,11928
94ca0f60-8ed8-482d-9531-1b302693a232,0,14350
75cc86a8-e70c-48db-83a7-f6ef782700b6,0,10895
7bb89736-04ce-4cfc-bdf1-bf7a92b4e575,0,11555
4611f804-00f0-489b-b858-08479854bf00,0,5318
38b7377c-4b94-4afc-8738-da7da52fe760,0,3770
a29fc1d5-7ed8-4000-b759-2700ba6c860d,0,15928
61da76c8-87b8-4092-97d5-fb23eaefa2ff,0,8491
9bf09456-da28-4206-9e8b-fc076b5fc0f3,0,15172
48752e23-c274-42b6-b5be-321e8c572bda,0,5602
809a987e-28d8-464b-ae51-92a82345acdc,0,12137
d147803e-07b9-485c-a4b2-7a492c5f929f,0,21274
3bd214a7-b62f-4e31-93c5-9cea5c2a8a30,1,4145
d0ef1d89-651a-4eea-9731-d42579d138cb,0,21237
3cec271b-e1db-4485-b3ab-878da8590082,1,4278
98ddc75c-9a33-41e0-b905-927e93d2a39d,0,14813
5eaa3abe-8432-4bb4-9b51-685bd0663eb1,0,8122
d7db833f-a5e8-4c64-bc5f-5385bc534597,0,22012
70a9e4e6-99a6-4f66-92e2-f1c30c714301,1,10289
eddca212-0be1-471f-8455-6390f63c17e5,0,24577
3df4d7f3-b9d6-460b-acfb-ddd76bd27ae9,0,4394
cf0c675d-fb78-462b-b17d-9a41f0b7c6b1,0,21020
58ad2808-fae9-4079-99b7-3f3eae239cac,0,7459
a0ede0ae-79db-49bc-a2c8-033144bd6b6c,0,15736
7200a1e9-eba0-4ced-bdd3-88544f162af0,0,10461
aaacdecb-a59f-41d9-ba6f-7e02185c2326,1,16892
c12ea8e0-0579-46d7-96b0-ac0ecbb307b6,0,19430
93bd4591-e969-4748-825c-2f35b53211b9,0,14238
5f9692fa-23cd-4ed0-a9db-5571482f6d11,0,8235
0e1a2d64-c6fd-4b32-946c-b02a2d575c63,0,1133
84a5acd8-1e79-4f6b-8cf4-66496fb34314,0,12552
3fff0799-2364-415a-a5c4-7e16ec74a9d9,0,4616
7f7e1189-15f8-4137-86b5-52c717ce324f,0,12003
af42a7f3-092c-4d10-b5a2-5806a1a8aea6,1,17419
9de81172-a002-46fc-b17c-8701f04c2647,0,15376
bc87d74c-9d22-4046-ae17-5891adfa0b41,1,18960
58cf20bd-7e42-4be4-8599-d37c819bfd82,0,7473
ceb1eb5c-ba1e-4994-a7fc-05584969b569,0,20983
e1dff3e7-3e7f-43a2-890f-a5b1ca8896f4,0,23137
8a8c8a6e-77c3-4dc2-8825-74d1dbed9e03,0,13189
a9552aa7-691e-40ab-835b-16237c608b03,1,16741
911027e5-82d0-44f8-af40-de9049922430,1,13937
8340b291-b5ca-46d3-88e4-7335230d2922,0,12417
c506805c-9dd3-42c0-8851-e35e0c8627b5,0,19850
1617a0bd-1dcf-45a5-8f0c-e0fcbadd48ce,1,1555
68a684c5-047c-493d-8a6c-e9914d4a45f7,0,9308
51d905bb-48ae-4d6a-a69d-5a2aea153f59,0,6663
44f9ab68-1b94-4c22-a4fc-c3d95843e069,0,5192
192748b6-82f2-4f0d-a25d-cea1600c7246,0,1894
8fb744d3-d002-4b00-ab8c-fe96d252e1e5,1,13800
ca7f1652-0b68-4cfe-95ff-85a03a533d42,0,20496
99dcf680-1f54-4d88-aa29-d909be9e82ff,1,14946
faeba3cd-ebb5-4110-93eb-03ca0dd51d5e,0,26076
9a6291e8-92d4-4937-8191-57591ed0f7ef,0,15013
5d0e05a6-389f-4be7-b91c-8fbebfc79ec6,0,7934
39fd4e64-28de-4424-9772-73d337cffad1,0,3924
ca18d11e-2d13-4d74-8e64-1ac6eba79589,0,20449
ebef5e0c-ebd3-4d53-9ccd-18b7f800356d,0,24344
b6a763e0-aa38-49b5-a256-e119e8a90c39,0,18263
194917f4-f78a-49f9-a35e-3de36e668f5e,1,1912
04d59a79-e659-49ca-8790-511f89ac3e1b,1,238
faff9ead-8dc0-43ae-8c72-30e1b75cedf2,0,26084
5d891e1c-08bc-4def-a56d-5748cbdc6d34,0,7999
a3d37445-e462-4e02-b292-9c73d8bd2668,0,16074
4ecd54ea-056c-4c06-b23a-1c0ef3cd07c7,0,6317
b6200d26-efdf-4175-ac46-63b5da9e4b0c,0,18210
ee4288c1-fcff-4761-93e2-54d2e6fc771f,0,24617
e9cb7c71-59d1-48d2-bd21-a3c1abb86bef,0,24076
2f51b8c1-32f8-4df8-af1e-d32c8dddad6f,1,2793
2e497e99-5aec-4290-bf40-0bb9041973dd,0,2748
ebf1caa2-d674-4754-a1d5-89d321f28bdf,0,24346
455218cd-4a98-4da0-a24a-b6a7520eac15,0,5230
d716d04d-f4c4-4723-83cd-1e81d6abd2a7,0,21922
f5f2d13e-b5d4-4d1a-ba3c-f4d742b3eca8,0,25512
dc2a32fa-d49c-4c49-bcdc-3ae6c394fbc9,1,22485
5337cc53-2e5d-4583-8173-c130cbe8fc74,1,6825
63dd0d7a-28bf-4690-b7c4-1ba114f18cf3,0,8728
ceb09017-9dc8-42aa-bb67-2fe3d65f9b1c,0,20982
0d8c48b1-8f7a-46c6-b63d-056402ed5b52,0,1106
ecb48fb5-d105-4400-936a-8c4ee76d8e88,0,24438
682449f6-f723-4460-8bb4-03d027449e8f,0,9259
83bb5bb9-f084-4b12-8057-4c370e34490f,0,12474
eb70a981-bed1-4bf4-835c-0b7e9b2b536d,0,24274
166d5e60-e48a-41d8-85d3-4e853a3d5929,0,1594
d00de1f7-b96a-4d00-8e22-bc0a6ac67d44,1,21136
3e37afc9-f726-407c-84d0-df382e141721,1,4422
6c0f76cf-7709-40b8-a550-11583dbfad52,0,9754
eccfcc8f-ec02-4964-b205-c566667bc673,0,24453
f87218ff-28fe-4eec-a67e-ab234171efad,0,25775
dedb11eb-0379-4cde-9cc0-a3f5d998d10d,0,22782
b54eccc2-5311-401b-b110-7176c67c9428,1,18121
e75be7c1-7a25-4316-a400-0e9126d0d3fb,0,23804
e146d776-a1b8-4e16-a32e-ef0e6b1d7aad,0,23071
5c83a60e-9b93-46db-b4db-9e3c7af989b0,0,7885
9889dd70-f91b-462c-a5ce-8b77b97052a1,1,14764
74d367a7-c513-47e4-8ad5-0a66ea75d008,0,10779
f6d902d5-b278-4e17-ac21-46de3bd75869,0,25606
0977f16c-c343-42c9-95ed-d7ca996feb16,0,704
ebd00404-b95d-433b-aa6b-bc67fca48164,0,24323
3741eee3-6477-412c-bfa5-8f29fb5048e9,0,3585
512db933-7149-4da3-97dc-735eb7987802,0,6609
06c3e09b-341b-4fb9-9e28-bfd9cf298c6d,1,398
e64850f0-0e2e-4dff-880a-b86992a6fca1,0,23680
a45992b1-aa71-495b-ba52-cbbda9f2d876,0,16138
95e2281a-1cbe-4f53-911a-0c76c84028b4,0,14467
e41b9bfd-a369-44f0-bd34-509d71384012,0,23394
e3434fda-b288-40cd-93cf-1a1e96f84973,0,23304
cd2baac7-21a5-4fc8-a951-2fc884b09844,0,20809
4ceb55ef-766c-4c1a-8bfc-06e0b630be54,0,6102
66027262-f5ef-4a45-8880-c103f37d6ef3,0,8997
77e1b5a3-13cd-4b97-abbb-67d3cf5f80f8,0,11122
7b00661d-2d3c-4422-8b23-64b523a734cf,0,11479
2ae42ec0-68e3-463e-8559-4a5edd45f32c,0,2613
9e0e05ef-1c6a-4883-957e-f36f5c59b9ad,1,15391
4dfbc390-2a78-4a8a-a56c-d93838ce2c51,0,6219
df5797ca-9b18-45c4-9dd6-301975a7903e,0,22841
71946324-e864-4d77-9c4a-ab2ce25ecb94,0,10410
9114e85c-ef19-450e-ba4a-0290d2f727b6,0,13938
93340012-7491-4fb0-ad57-ae1c7e158461,0,14162
529bd50d-2ee9-41b2-a4d8-35c403bef10b,0,6758
83382cf9-8e43-4006-add8-f0ecdfd93ddd,0,12412
83b91807-5f6e-4938-b9c4-b8ce8b64cbf4,0,12472
a909232c-b630-4197-8a2e-824202e29f84,0,16708
b863cf28-744a-41b8-ac56-142113e8539c,0,18465
f2fda506-7c73-4746-a7a6-59968f1e8de2,1,25176
a2055494-aaae-42ff-87e4-e0059ba3b739,0,15862
0e9f4af5-64ae-41aa-b331-e012e28caac4,0,1159
05d16b06-ffb2-40ab-b64a-299448999f72,0,298
d995aeb6-09ae-4fd0-a8ad-cdb78205300a,0,22201
c3853f9a-a16f-4ee4-8bdb-5f636755855d,1,19654
ab8a1c5a-5968-4985-ac1f-23e2ec3b5206,0,16989
a1225d16-619e-4bfe-89a8-49106b1534ee,1,15763
bbcadd23-1ce5-487d-80c5-f9a687630951,0,18864
46ed3eed-7206-4235-b4d3-ffeeb54b0728,0,5426
37082ced-820f-4d1f-b5f7-93cb5be6a7b2,0,3560
7981f347-5149-4b0b-a73a-e1b833904b60,1,11311
e993e66f-2c76-467a-9369-78756d67a2fe,0,24049
6cba9620-0510-452f-bf0e-59b5bb1b7815,0,9841
bfd8ef59-552b-479a-888c-1444384b828b,1,19357
83b66f12-6ab2-49e4-9df7-09b5386d96be,0,12469
c8c83a62-a214-4634-9c48-af80ba363cc0,0,20295
be4fb03a-5028-40b3-8a3c-0508668b446c,0,19169
f248f5a2-490d-4711-9ae7-6c9b14beab2e,0,25090
3560b1b0-6f5d-4439-b9ca-2043e8cbecd9,1,3371
cc118833-83a6-4f8f-ba7a-0e69faaaee72,1,20677
90ca0844-924a-4f74-926e-7561a808c0f4,1,13911
50ddf7a6-1051-41ec-b2c1-b2f9aa46d7c8,1,6576
bf999eaa-6bce-46f8-be87-1dc34ca20e97,1,19323
e9c7d2c4-5834-4c49-84bb-0bd9a67af1e8,0,24075
f7661af4-f66e-4867-a3d6-7e1fab5aabb2,0,25659
2d232afa-67dc-4a77-bf1a-665e2531f634,0,2705
e6333801-dfd9-47a0-ba07-3911af849657,0,23666
e55ac8b2-17a1-4c53-8306-80d2d901a60a,0,23555
8e09afee-7a2c-4a53-84ed-ed2dad8d02be,1,13601
7bbab668-d46d-4aac-b7dd-02b03717a403,0,11559
34a959dd-8f9e-4fe4-8451-65e93e59fe2f,0,3287
5fcedc49-0859-40de-9666-1064593ca760,0,8265
533f6b0d-6e60-44d4-93fa-29c777e6278c,0,6828
e5ad77d1-5306-4449-b676-e8210a26c71e,0,23601
be9624bc-824f-4951-9f81-087d6528eeec,1,19203
9939aa18-de28-4614-b56a-6e99fb830a4f,0,14862
6eb0af06-0e01-4970-8cc9-fbb69e4d8637,0,10062
ca3543b8-69da-41cf-9c9d-7bba4dc55848,0,20462
e97b77b4-efe6-45cd-be06-31c095166674,0,24034
9315194a-b5b6-48e3-86df-72e2d093d45b,0,14148
b915ae1a-346d-4e9f-b1fd-a72e0a78a864,1,18535
e6ef7f43-4c94-4999-9ec0-f341312f70a2,0,23760
470595fa-5702-4009-9b56-88549ad8c560,1,5434
b8dbeae8-aac7-442b-babb-87a98169d9de,0,18516
46c4f908-9292-437f-af42-4031fca621f2,0,5401
69ffd6ea-f6f2-408e-a314-eecbd3a3756b,1,9474
5fd71b69-86d4-4fba-bb0b-1fbfc4a58f01,0,8266
ccee103f-fd2f-44b1-a14d-5f78c7073868,1,20779
a61f13b2-3055-4c31-bcd8-174baec11c46,0,16357
d3193102-8b44-4c3d-9cf6-4887d49f982f,0,21479
67b8ef8a-5285-4eec-88c8-8f4fe53f0f6e,1,9207
a9640dbb-05f9-462c-85ec-8fefecd9a235,0,16754
4c9843b4-6800-4a3a-982b-9d9266d55928,0,6071
ea223306-8805-436f-b2e5-2605e16eaa26,0,24111
d29caa55-2027-4078-8d93-c6aaa25f7044,1,21431
191e4702-68d1-4bd2-93cd-500463e3dce1,0,1889
851e42c6-2d78-4dbf-9297-0ebda7f6bfe8,0,12590
51fbcba7-7bdb-49de-818c-066ec4ff155f,1,6687
b0140409-8a77-4e32-a160-ce0988203cb2,0,17510
0b55aeff-b31c-479e-8035-c9a64144083e,0,893
659ecb83-6644-41c9-847f-20edb3d63a07,0,8955
ede3e8fc-97c6-44f6-84ed-ee91967d28c4,0,24579
9fa9dd9a-d129-43b0-8029-1e09798402b4,0,15594
01d1f0be-5216-4af5-b2dc-a160c1c56122,0,87
f8ce366f-985a-489d-9527-8fa0442c44a1,0,25815
9d541ed8-0776-4d41-8ffd-4f6bb9c3cf19,1,15318
b599cc18-515b-45ca-ba3b-769fcdabfe85,0,18153
bdfc8797-6cbc-4184-a847-8f468727f67a,0,19130
0232c2b8-f7ac-4f42-84be-510ccb7cf351,1,119
6037c658-65c3-4892-a5ae-032d0e026ce6,0,8310
46480de3-b915-4868-bd15-1e2c728b540b,0,5339
02b20ea4-9c01-48b2-b3b3-5dae20e80095,0,138
265cf450-572c-48aa-90cd-fb7e3eff3ccf,0,2420
ae4d1747-9c85-413e-9e9c-c269e379354a,0,17299
c2fcc494-8ff8-4963-84b6-268e3587987c,0,19594
6d4b3db8-f4ff-427a-a947-d7ec1c1e94b8,0,9904
be033abc-95d1-4d7f-baa8-2bece16b67aa,1,19136
6b7e5283-5730-4689-9429-97384be4b2a3,0,9681
9fca525c-4b1c-4308-8485-5fff76a87ce6,0,15609
f23907b3-9638-4986-b471-b4f2873f6504,1,25079
6eb4be7c-1c6e-43fd-99b5-00e3b22c6df6,0,10065
b63b0980-5995-45aa-ad6d-1b8081034387,0,18224
74192b5f-7e82-4636-9886-c2c1750d833a,0,10696
4edadee3-ed63-4cb8-bced-20db6b38d0cc,1,6323
e1f97b99-23fc-4fb8-a960-b9e26f2920a7,1,23150
e6a3f420-39d4-4042-8485-87024e7fb4f3,1,23726
da245e30-a696-4b14-9e58-b5819176516a,0,22269
5638cc31-f018-4701-a668-b98eac35a0b8,0,7181
d9ceeda5-836a-40a9-b517-49921ec60490,1,22232
cf1d2961-31eb-47b8-b2da-7e79b63710a5,0,21027
893b6861-0bfc-4e9f-94d4-3a967dda4223,1,13038
690035bb-9845-463b-939a-79888d8385b0,0,9344
0266f96e-df45-4d2c-b445-bc96485b8f12,0,129
897d5cae-85a4-4def-a3da-483b96eec45a,0,13064
a4c3d978-f2f0-4e3a-9da1-e9176a153b4e,0,16192
71b0ce4b-d1dc-4e08-9e22-be77adec71c1,0,10428
deb18518-8572-4110-b819-ea963b40a223,0,22753
bfe24f55-140f-4a6a-a8ed-d0a188316c03,0,19360
804c0a50-92b4-4a3e-8bee-42edafde6d7b,0,12104
ce7cac8c-f613-4e84-be16-a054dc2d42ce,0,20959
882fddd7-ed8c-4790-a645-4e4b7deb0696,0,12925
0b0860dc-b2ca-4016-a6eb-3a88ffb5ab2a,0,863
c4cc9ebb-23a6-4f83-902b-298b1461b9e0,0,19823
f992fc37-d711-40b3-abb2-752ff26217bf,0,25909
856db494-ff64-4ead-a9c3-b4ac4d7256b5,1,12620
56481000-ebf9-4006-9160-39a409d5a1ad,0,7187
686f3f50-0432-4f11-9bd8-63dd369af840,1,9288
0b754c5b-d5ee-4a2a-a6e0-c610568b676d,0,913
fb7caab5-e71b-44b0-b395-2074ae1c161f,0,26137
ce67e872-fcc3-414b-9410-0fdd862e3c27,0,20951
e09d1d80-ae35-426e-870f-56421e61c48c,1,22995
aa5e9102-b133-4e9d-9f36-9ac4c3dd62d2,0,16853
3c9d1b92-7592-4966-a19d-2fda0343efbf,0,4245
889d1c3e-47ea-4c29-81d1-12cf942bbdd4,0,12974
46cda1c8-0d55-400f-8742-d695aa0e7647,0,5407
3ae26ce0-03ab-4963-8ab5-b87b55d3982c,0,4034
6a7a97ff-abfe-45ce-b809-09baefa9ea97,0,9540
7b97b922-5080-41ed-b64c-213b634e792a,0,11537
7d7fd5c2-f00f-4bc7-91b4-2f2d4f5cf92d,0,11761
b2521978-0df6-4fd5-b684-f03b1b96dbf7,1,17778
02ea47e2-e51d-4d4c-a2a2-41af99a91254,0,151
61a77394-8b8a-40bb-82c1-7c15ec00b987,0,8471
7be096ac-d43e-47e6-8325-4d404ed8106b,1,11581
8d52b5b2-3d4f-4fde-aa01-b1aa459de350,0,13512
fcf8c32d-ff7e-4d96-8db2-e799650e1bed,0,26320
4528fe4c-daaa-410b-9089-999bf26ca615,0,5214
fba161dc-8b05-480e-93b2-a409f2bcd666,0,26153
eef57362-d429-49ce-a1d3-7a36ee0890cb,0,24696
797af009-811d-4dab-b08a-9295ee8b1f61,0,11306
fc6599d7-fa85-4361-b26e-e51f2375ecf2,0,26249
77c809fd-1fb7-4dae-a0e6-33408425eb92,1,11113
c6ebaf33-27f8-4098-b54f-f43ad8caaf23,0,20073
363fb4cd-363a-42eb-8a44-7bc088a57f69,1,3469
ed46b092-fc9f-4caa-ab25-21b5a154fd8d,0,24517
68ef7ecf-d546-4b59-9912-effce9cdee65,0,9333
8c40a566-8a0a-4d7d-ac62-574c133d72de,1,13386
d47c2f5c-da47-4e36-8534-f2cd9b52f5c2,0,21607
4c550090-ae85-4117-91a2-1c2976c9bc11,0,6036
bc422dd3-596e-40e6-93b5-0f08fc6fa720,0,18916
6ed46d56-93fa-4eda-be49-0b1a6c68ed75,0,10083
b402b80c-0be4-4c25-80be-d9ace219c83b,1,17964
5e3a73e9-de81-4628-ac1b-4da9441b54ec,0,8069
63c01cd9-123b-41d3-b260-ecde1a066045,0,8716
41162fc4-9466-43c3-8475-d04a09db2ecc,0,4756
c0efaacc-6601-4193-9858-f5da77a86ee3,0,19410
7f150b75-9a9c-44a6-94a2-4846c4154254,0,11952
e6207d50-e8c0-4955-a8fb-e6d583576490,0,23655
391589be-c014-4862-ae43-84f42b030f30,1,3824
dbaae68b-f419-4cc9-9baa-d687777ee3ac,0,22431
c7f36a75-af17-4516-bfea-05fd6262da4a,0,20198
a5414ce7-41ac-4f20-8e35-1f8d79e5a911,0,16260
565fe404-f4db-442f-9921-eb1e7a19d763,0,7197
783f8909-2032-4acf-ba6c-dad6f1bdee2f,0,11155
705e295a-8832-4e26-bc45-0a35a14d1cd8,0,10257
4f77a313-564d-441c-804f-503090b241e1,0,6395
ac3e7d5f-a894-4b41-9ea3-1645c4c647f5,0,17073
0bcfe7ee-ada5-48de-990b-2a2fd6c6ed15,1,958
55aecdc5-76dd-46c0-85e9-58e47199894f,0,7116
b22dbf1c-9edf-4d76-a029-7ab3b07dda0d,0,17760
6e62a24f-ac15-421e-b1c7-1a3db1b7cdc0,0,10032
d3fc662c-1f22-4b89-9ef3-822362650bb4,0,21559
0cb9f824-8f97-4195-a887-97873f657063,0,1069
95730185-57e4-4c2b-83af-5e4da5a3b66c,0,14414
978fb66b-ba13-441b-998e-d598c0e0f674,0,14654
7c8b9b44-5d6c-4e18-a42a-8a57e4273651,1,11665
99d123ce-5d97-4ca0-8e83-83265a030c4d,0,14939
3e2db6da-3b64-4388-8098-1c4c037ec03a,1,4417
c411f179-c49a-4e19-b057-8130c7f427a5,0,19730
832737e0-1f29-47a7-b220-9d63c4e9d6eb,0,12404
f19fbdc4-6627-49b8-956b-d754a227efac,0,25006
01f6bf01-9887-498c-ab11-1d10c6a22221,0,102
d0445c4b-6a2a-468f-b65a-558968857adb,0,21157
0996439a-352a-4c75-bb53-d13759eca6b6,0,723
9801cf88-829c-447b-a9f9-ca5a4a6ace6e,0,14711
9506f75b-ee33-4358-a590-594a752cac15,0,14375
07d86257-d0c7-408d-ab1f-4d29f23672d0,0,528
84db3562-1e47-4ea2-b9dd-5244ca03cdfc,0,12572
32659f33-5e60-4db1-9696-657e54b769c8,1,3021
51697467-c3c1-4e6a-9977-2ebe3ca04533,0,6627
e3b1e7ed-b9ae-4061-a210-5444b7a9c9b1,1,23347
a4dc58a9-5497-4357-93e7-9ea129005134,0,16204
6e41d590-a6ce-4769-ba8f-2beb6bda198e,0,10020
cfdb2953-3c9b-480e-a9d0-89788ad1771e,0,21111
a6d1218c-2486-4468-95fe-0587409fae29,0,16445
42b76231-32dc-4ed6-85f0-2ceaac56cc68,0,4941
3e419ab7-df12-4f8f-9e6c-ce49e3c95a4c,0,4427
970c4fc7-2ccb-456f-a29a-1ed963e9bb40,0,14598
b737e772-8e7e-4ae6-bf76-955000a2c3ae,0,18321
801a59d8-4c66-4b8f-92f2-d00bd89644c9,0,12078
484f000c-eaf4-4da2-bc96-9829823c4e97,0,5587
beee42c2-9e3d-4fd9-a3ba-255743268904,0,19242
f336113a-6002-41da-8451-997d62e36a34,1,25198
690d6f0d-e7c9-4610-b21c-5b37019838c4,0,9351
449c2ba1-7948-4039-8b60-2511194b7426,0,5136
b7ad09f7-fe23-4f2a-bf41-d2c6dcdc4a06,1,18381
739b6cca-cb26-437c-9409-f66474a95eed,0,10638
81308fa4-04b2-4b31-97fe-932b50258355,0,12196
30363e8f-2955-4a45-b6e5-8e7146d6c243,1,2838
ebd0999b-f778-4d0f-8307-f633c22f9f1f,0,24324
8e763690-1052-499f-abbb-7dd63e15149a,0,13648
c98989f9-80cc-44ff-958f-e262f390fc01,0,20377
891586f2-e6e5-4e2a-aa3f-824da4e4275b,0,13018
7bd0b304-617b-4ad5-9eaf-47d440a330ab,0,11573
daeccecd-b911-4da9-b484-c03057e7e883,0,22347
9aa7851f-8f7b-4087-9506-0b003006f153,0,15043
698e5eb6-508a-464c-a93c-c6e525c55b71,0,9424
40add7b8-efdd-4a12-b59a-4aedbda776c0,0,4712
b039548f-9627-4701-951b-ae89efd3789f,1,17531
4c665597-adbc-4583-9d9a-20cc0d8d00d0,1,6045
e578f3f6-1eee-4a5b-8b5a-83b262c4e4ba,0,23578
124f5571-659f-47ff-9354-f46fae71b248,0,1325
17dcf534-9163-4887-ad53-18e99fc28aa1,1,1751
4a9e697e-e8e7-4996-9bf8-2d3bb6e31ebd,0,5838
739bd043-d62e-41ef-bf20-20ed762dca13,1,10639
3ff23567-574c-4d4f-948c-9fb4591454b8,0,4611
e567d657-6552-4737-b8de-6d58b00615f5,0,23563
3c15fc86-61ec-40a9-ba3c-ebff183b0113,0,4176
9530bae1-cf69-424d-bed3-97055e3dcde7,0,14387
5426d29c-8b15-401f-9453-bff645260899,0,6939
a8177d0c-5688-40e0-b619-5fdb0f9c2f62,0,16592
d41285e4-ae1c-47a5-8090-4b6068556f0b,0,21566
dbcd58e2-92f6-49f1-b37c-5c7c058c0f4e,0,22450
51946669-09d0-4fb6-9e00-225e68d55201,0,6641
89c5629e-c472-4e00-8810-71ef51ab1cf6,0,13101
d0a82689-3088-4fc2-a348-7d3cc19c6ffa,1,21197
98f69dcd-6aa0-4394-a171-f6bcbf39c4cc,0,14824
cca50e52-2b44-40ba-84e7-430aa3ff3f98,0,20746
8cb6fe1e-ed23-44af-9a1d-85fe2bdb106e,1,13444
9844b562-7125-48f7-a02b-5e0f256e290e,0,14739
b0d16665-b0e7-4b00-bd5f-e0e34db867d2,0,17595
b5630ae2-40eb-4df8-b5c7-5a33e3e7adb4,1,18135
e4cc1120-fbbf-4853-8ddc-8cd01c631bcb,0,23474
46050138-e8d0-4de6-964e-e2747df3d073,0,5314
626eb2ae-ca78-43fc-bbbc-5cf95bb328bb,0,8557
aefd1f1f-8310-45d2-8d92-5f9a6c3e4756,0,17389
472e22e0-2136-4c1a-8d05-e169c696f948,0,5457
6c7b0f7a-85e3-48c3-a57a-1ad52b1e5ae7,0,9805
1462ffd1-939b-49b7-9234-eeeb7f4986cc,1,1399
e6063bd8-e46c-4430-a63c-03adc37511f7,1,23643
0fc18a4c-0666-4287-a25d-e295bcb18351,0,1221
be16ff6b-cb15-424f-91ed-ff6612110961,0,19143
64ba4894-66f8-410a-b57d-32cc70d5ad21,0,8835
cc4e0483-9ba7-4d4e-84f2-2589399e7961,0,20705
14ba7fdd-0279-4a71-a0ba-b638548684eb,0,1419
60772fb4-312e-4a13-a01a-3956376c34bd,0,8339
1dfee324-e504-49da-bfb8-5f3e5c2eda88,1,2120
b5fda723-b6c7-4b82-a960-83d3f52f385a,0,18194
c789e7c5-9284-4628-b172-cdc67226426c,0,20141
8b6d0458-32b9-41a1-bab0-0adb2fa5bed4,0,13297
e5ac46ea-1af8-431d-a2ed-1871463cf87b,0,23599
0d121525-812e-4ab2-b29f-ff04b3d97ffa,0,1088
9ea70274-1e3d-4fe9-ad36-73334656b134,0,15467
36b39f2c-26bf-4436-acc5-08cb70fe0d7b,0,3521
4a81fe29-068d-479e-a540-8088ae7a2b24,0,5831
faa81a73-79f9-4b95-9b5c-9170ecae3df6,0,26040
b5afc73c-35b4-4591-a909-919fa968ee06,0,18164
506b475a-a6f4-423a-9fd0-aeaff5df0f78,0,6529
d71604a3-0d68-43cd-9a22-44b4202537f6,0,21920
ce5a7193-8cc0-4d8d-8cd1-ebd488caa01b,0,20943
0ca8314a-88e7-4661-b5fd-3bdee5fc2616,1,1055
72f588ad-c511-48ca-adc8-0f052154362c,0,10564
6d38a88c-d121-48bd-8ac6-d29098d1ecb3,0,9894
fbe58065-a841-4d40-84c3-76e932562beb,0,26194
e02032ba-4484-4221-8e5f-bf12a2900859,0,22927
5b46fd5b-d02a-4365-836e-cda3f45eb12c,0,7740
623ec44c-890d-4ef1-8fa1-33c0ef771df9,0,8531
d496ff5c-1329-463b-ae04-d142d706243b,0,21619
5fb64e85-62ef-4852-8ad1-f799015c8cc3,0,8253
c424b446-ced5-4ab5-a097-41b6e496146d,1,19737
68f017b0-5e1a-4426-8214-22cce023f87f,0,9334
cfc035aa-7dc6-418a-a70d-21f0a924c6fb,1,21099
103451bb-1f8c-4209-abce-0be7e9a6c8fb,1,1247
b74b18d9-bb91-4430-91a9-35e2fd612780,0,18331
5344ae10-10d7-4b35-b602-a97dbff359ef,0,6832
447bd1c4-c2d6-4b46-8fc5-6eb2e5bbb8dd,0,5120
391f6322-0fa0-4efa-a3ba-8c767f7f8aeb,0,3829
a73a46b2-fcef-41ad-a292-60df60ebba72,1,16490
5e6b7518-c9d5-4981-bfca-d5e4597e2a02,0,8093
e3e03228-78ca-4f34-b031-b2bb32cb9cb9,0,23371
94691324-1788-4263-896a-6a9b5f4bde12,0,14304
84ece471-d23a-4b93-b6b3-92ce921f2eae,0,12574
65a80412-256e-4981-b286-9cabcd9ba7e7,0,8959
d21e78db-5c06-4927-b177-54c4b33144ca,1,21368
40c66f83-da90-4316-b53e-ded82c4b8c5a,0,4722
35c98046-1334-4b50-8232-41fcc65d150e,1,3425
934d2f15-76ae-4a2c-817f-a3b022b0cc10,0,14179
ecb8a185-f83a-45bf-b799-e280a0dc8e6c,0,24442
408b3cb3-42e7-44d7-a40c-34d412c3004d,0,4694
cfaf42f8-cd2d-4f21-aaf5-7113238418b2,0,21091
f74e692e-1ccd-4f5e-bc19-482325025a41,0,25649
cc2ca665-2c98-41d7-876c-d8d83be03373,0,20691
95898f3f-3621-40e6-b764-2b2edbc0d09d,0,14426
6d6d115a-6cb2-4653-b446-8c425ba035b7,0,9920
de482422-3819-4620-9f8f-32ad322f70cd,0,22716
afff57ee-fdb2-408a-a01e-7814931892e0,1,17499
a0eb4bc7-cb64-4f76-8875-f28541e7b2f1,0,15734
40f57a2e-1b3c-46fb-9350-558e34b8f4e9,1,4743
b1aa5bb6-f2c8-4d3e-a3cf-df22a5d5fa67,0,17712
c399d966-8fd1-4d4f-a2f0-86ba3cfa1257,0,19664
467153ba-90bc-4f63-b648-06dbbaae7b38,0,5357
f9230537-bb87-4de7-90f1-73bc730d4b3b,1,25849
85925157-b6c6-4fa2-8729-fa308380679f,0,12640
aaf27f12-2f10-4f29-bff2-ab9407234c83,1,16920
0d8cddcf-45bf-415e-b365-1dcb29baa0de,0,1108
699c0930-5c6f-4217-a06d-c3f5b2df4149,0,9433
68ea9d5b-d79e-443f-8cfd-63263f51c6ee,0,9330
214dcd68-4220-4010-8510-4c8eee830c70,0,2234
b3e97d1d-0b1b-42c0-9a5a-52222414ff10,1,17947
561f6992-f97e-445c-876f-d252ca147a97,0,7163
99e4cee8-d370-48d8-b385-f7fbe89ca2e5,0,14949
814289a3-9ce8-4cba-842f-45d6a36f540d,0,12203
594d0672-dd1c-401d-ab95-598b28a480cf,1,7533
6e2cd79b-018b-46e4-a3a5-2e2c916543c6,0,10013
52f53bb5-81fb-408b-adc7-2f8ae8932b31,0,6799
61ac1cd2-a064-4983-8abb-9c9c06cfded8,1,8472
c74256b9-67de-4d60-8ef7-57638084eb5a,0,20101
8ee7e5fc-3da1-440b-9ed9-6b1600c808dc,0,13701
77326677-302c-48aa-b578-953e266790d5,1,11052
8798a1de-a9d2-46c3-8512-c94c231ec982,0,12858
810b8ef8-f65f-4f24-9798-aa13ed4fc828,1,12179
fe169755-e3b1-475b-a31c-e273c77b2013,0,26441
73199163-eb41-455b-bc73-031bd985a4f4,0,10585
a41ff5c2-534b-4a51-9177-a9a295f3a6f4,0,16112
aeb0fb99-89c5-4ac5-bfb6-b2f5112f551c,0,17348
a0b4048b-aeab-4c85-8b11-18e594ce9a5c,0,15702
aea65669-abc5-47dd-bf4e-c0e133dcac3c,0,17341
162b17de-b15d-4122-9352-ec3445f61f35,1,1567
9ba07590-ba44-4413-b5da-6781d4c051b3,0,15142
c2ca6864-2ccb-4914-94bd-d5fa24ad0b8a,0,19572
be658bed-445c-4b31-a581-88ba0a008f4d,1,19183
6c7a2287-57b2-4519-9970-a168c84f87fa,0,9804
ce1dd088-986c-4ea7-9aa0-a7f022ab769c,0,20924
f3e7cfe1-248e-4513-b6b9-712b09f86080,0,25276
86f0e1b5-1817-47da-af5e-d885dfc40424,0,12778
8d7a4925-c838-449c-bb08-8e7699322366,0,13533
e73ee4be-e4c4-48ce-8be6-52da5021b951,1,23794
5c4b4996-e38c-4250-9625-a1519ec6bc37,0,7857
7dd3bda8-4887-4621-8d9d-4638f7e8aed8,0,11794
b9364ec8-7b56-4432-bc54-340dfc8a3720,0,18546
47d2d336-d6c4-428c-8403-3d41a6290f10,0,5532
2c43c983-3fb6-4110-87d4-a282af171b69,0,2663
5aba31fa-81e4-48cd-ba50-f885c2af8ca9,0,7685
74bf0245-0e19-45d6-9f31-65eaff09fb8a,1,10769
c74ce920-5b41-4e9a-938b-abca4aff0c27,0,20108
d988ff06-2575-46d8-a2d0-be7c2f6ccc78,0,22192
79197c53-7622-48f4-a3ae-916be7696c0a,0,11267
fcd27c75-8d7b-4235-8efc-048a49b38030,0,26305
bc76251c-6b0a-40ec-8097-b21c50a3026c,0,18948
e5f214d1-2842-4a26-9a2e-fd05b15fb8b3,1,23633
b1e7b5cd-f1b6-400d-b62a-57e6c45c663b,1,17735
4474c611-e91a-4aa2-8993-69ad51c2e332,0,5116
533523c9-7620-4228-ace4-d060a33061a5,0,6821
bec77715-a15a-4725-9adc-792af4dcc1d4,1,19224
47f2c736-72d5-4897-b0c7-7119f0fd88c7,1,5542
aa9ee7e3-71ef-48e3-9eac-46955dca641b,1,16882
d8bb0401-fc67-42e7-b279-3177c378eba4,0,22093
f3700f5c-2540-4b61-aa4c-1ea915725b37,0,25224
46342bb0-4583-455a-9c7a-01107024f542,0,5330
6b8d3d46-3815-455c-858a-1c0ea33a302f,0,9689
def80e87-b0d2-4477-adb4-9ff7f33892de,0,22798
8710f4fd-56f7-49ea-af98-03aab0facd14,0,12795
9d801278-8699-4eee-ac13-14de9cc773d1,1,15335
bdff1406-8837-4819-a405-607379f31fff,0,19133
89a2272f-45d0-448a-84cd-2b7c6f6e305a,0,13081
52021b42-19c1-4d5b-8344-4188f4fdfd6a,0,6691
ed676702-5612-4ffc-96a4-8d1e1cbd32b1,0,24528
06550cfd-e9d5-415e-bae9-3146329ed9e6,1,352
6d0d2d29-ba30-40ef-b9a3-822b522ffb51,1,9876
c554f3ed-e207-4c36-95da-dc6b2bb1dba9,0,19886
4b77eebc-e936-4aa7-b757-dcee78710a01,0,5940
f4ed7b22-a757-4854-89a1-39284dd15975,0,25386
bda7d05e-c319-44a5-96c2-7c7c2e77ff4a,0,19099
626f28a9-ec6f-4e44-b393-503ab394358d,0,8558
75327d2c-054e-4cdf-ba41-043a9fc78d60,0,10828
41b84fdb-a6fe-4a5b-ab36-56da019465cc,0,4841
fa483c6f-9d87-4b50-b748-b0f6edded7bb,0,25998
5d10c9a4-48bf-42b4-b561-871ce4a80ccc,0,7935
a6dd4361-455d-499a-9479-3d33eaffe2b3,0,16451
c05d778f-0ba9-4825-94f4-27fdab33a4e6,0,19389
c040934b-746c-4dc5-946d-d1b2832cf778,1,19384
bd3c6f87-6678-4189-9462-75cb2d31ce50,0,19047
d2aaaa5c-9238-4cde-90fd-b6a548c85b00,0,21436
82766337-019a-4846-b06f-4ad97d538f67,1,12333
3c625ae7-a036-4bf1-9984-257e233ed907,0,4209
160d4148-6c88-47fb-ad49-b4965eb8a931,1,1548
accb4735-367b-4d34-8899-375e0aed81ff,0,17133
57a3b6a4-4b5d-4436-b526-275ba2586b46,1,7341
ababe608-9aa0-4055-8a0b-6ecd96b84b54,1,17001
1fcc4272-c40e-447c-a15f-6cdf977716a1,0,2186
6f988c8c-ad47-4694-b5c9-bf572cc7c23a,1,10179
42cb26eb-155c-49a8-90db-52f0548fc691,0,4951
db4b1a7b-b949-4eca-896d-e1fb03fb56b4,0,22382
f4ad4e88-ab12-4415-b52b-f372e83b15ef,0,25356
bd94199f-bae9-4689-b509-7d427ab79c3c,1,19084
41aca716-6c71-40be-9b0d-b9a0bb28d490,0,4832
4603cccb-c783-44e6-8c38-df7210e1c85a,0,5313
8980920a-ce94-4dd7-b9fe-d721552b3c77,0,13066
34d340bd-2928-41cb-8d2a-98ba84999a01,1,3308
b2f5b10a-917c-4080-8046-ec1c9fb9cb39,1,17847
702e4db2-4282-482a-ade7-90e7a7fc6705,0,10235
43e81c37-160e-40ef-a5fb-29c425e2f46c,0,5058
baf86877-7802-4dff-8870-cf2f38bc082a,1,18776
c70d9bf5-764d-4e5c-b8bb-cbad489d3f2c,0,20083
7e44f22b-5f03-4fd8-bf9c-063a5ab6aa73,0,11850
e2794b5b-b146-4bb8-800a-49a5c40b23ae,0,23203
5c70eeb8-e44a-437c-b958-fd6734728e49,0,7877
44cb2ad1-cebd-472e-a6b6-2a002c025a0b,0,5165
b78f2713-e211-408e-a810-e0568fc0f0a0,1,18371
834ab3e7-7847-4cb0-8685-ca59d3d3c1d0,0,12421
de04a499-1e5c-4a5a-becd-4c6069a7e518,0,22685
a52aa522-a1b3-4f15-8609-f44bf96da2e3,0,16249
2add50fb-2329-4def-9121-31f84503337a,0,2610
c4e517d8-5970-4a03-bcf4-180d6fc65548,0,19831
276e7c3c-7875-41ce-93e6-0d1834a403a0,1,2470
7bb4ef11-bb52-4620-b8ed-3d14cb66bab4,0,11551
9eaa8483-51f5-410f-ac29-336ceb8178a0,0,15471
484ebbaf-cdbe-4b08-ae85-c81ec72ff884,0,5586
bfe43bfd-5d99-4216-83da-f0e6e918fe28,0,19365
bed364d9-7bad-4de8-b618-9de875b73d67,1,19231
b804f8cc-64b3-4a06-8929-7f12138fc625,1,18427
6f6b253a-54ad-4b30-aa6e-581f3f32065f,0,10160
0b01310b-50f4-4d78-992d-bcad614e6d46,0,859
857de893-ea75-4045-8e38-522da92d523b,0,12629
615b878f-b17c-4453-aa71-53638e9981c8,0,8440
76c77e8d-bfc4-47b9-bffd-0d136fa06302,1,10998
33d0cdc3-7f8b-4d34-a81a-297f340136a4,0,3183
917980f4-ad9e-4bc1-96f2-0786f11a8a85,0,13984
2721b917-061a-489b-8580-db98f0e80d60,0,2456
7399adbe-2b59-4f62-a919-0a1c9c0d9548,0,10637
e72249f8-330b-4852-a7d2-bea2f75666c7,0,23782
d2022d4e-4224-4aac-ac5e-01ab4bd3792b,0,21354
889fbb03-ad00-4da1-abea-6ad0a8843335,1,12975
e09b8f66-8a1f-4c0f-8c37-22e8bd0dd2f9,0,22993
df4a9868-0187-4b68-b1a3-cd8ae6987bff,0,22832
cad2d80a-288b-4bff-95e4-90a519c5e3ee,0,20531
f144d2bc-743a-4c92-975c-efb14fe662bf,0,24965
34958aeb-f963-46e3-92cb-da61931ff74d,0,3275
12db4693-e96a-4a3f-a972-2015b658a14d,0,1344
eea1c2f6-4bc0-433a-abc9-5f97cdc1b0ac,0,24658
8d4c6a5c-34c7-43ae-9f95-7c013eff7eec,1,13508
704ba680-a645-4268-858b-558e086724c0,0,10248
aa549579-e945-4a1e-a334-e210f50f4848,0,16850
cb20b6cc-afec-490c-bf1d-4c0d9854d652,0,20569
636c69a8-5df4-43a5-b723-fd6372cf7f89,1,8683
4df56375-c7ed-4402-9f8b-523a2f26ae5e,1,6218
77d82c92-f380-4e26-b39d-b43d5c814833,1,11116
8aa93e86-e189-4412-ba91-725813f54b56,1,13199
e2b29326-8ee1-4b6e-9ab2-a2bfe2e7a3fd,0,23232
3f7c26fc-eff6-49b3-bd18-b3b58dfdf161,0,4564
90110c56-dcc0-48a0-992f-52281f3c76c1,0,13834
5772efe6-5336-474e-a619-d2d5529fa316,0,7314
a1687f52-99b9-4426-ab61-b79bf99fc708,0,15802
bf7b0977-4f77-45a7-8c03-77602f82b905,1,19311
9a543e59-766e-4da2-82aa-a891682b2793,1,15004
2f8fbfdc-56db-4eca-bf64-3c9a0637e28c,0,2807
3f13b743-77e0-46a8-8f1a-12caa6007b16,1,4514
4ccd80f9-d99f-4ba3-a38c-62b3c4858bb6,0,6092
3c63671b-09f0-46c7-b5cc-e752079404f8,0,4210
40ee00e4-b780-4098-a01b-eae427411fd5,0,4738
371634ac-fc6c-42d3-9860-e284539921d2,0,3565
523c0804-0231-4758-97b8-0838b50d3680,0,6710
0c31b40d-d72a-4de1-a869-0df86d358b09,0,1012
a2d15397-0a67-4f00-a6ff-e44bf5de8b9c,0,15947
b8c3bf25-8f13-4c19-9744-84ef64173989,0,18501
849a8885-b59f-4027-8fee-bc1db024b223,0,12547
fe4c6320-e70a-4ba0-8e2a-d51c5c29d8c2,0,26459
181f1705-1f44-4768-8f36-547c4e7c4d90,0,1778
5e2f7515-0995-4dd4-8bbe-753fbcf304b4,0,8062
377c27f9-b004-40b4-95b3-dc79b067314c,0,3610
6b013c90-ec73-4a7a-a607-17540c493e0f,1,9615
e4148f01-792f-4d32-ba64-aca36756b91b,0,23393
53148ae3-02aa-459a-87ff-b4da40baa267,0,6810
a4ade870-6dd1-4a79-8c76-308b8e6370fc,0,16176
361b08cc-bd11-4267-b7d7-7001003db730,0,3455
90fd2173-ae4d-4342-9872-d79b856b7a37,0,13931
c50b4195-f04d-4b9a-823b-61767020c3ab,0,19853
e3ec7cd9-f81f-4630-9ddb-6ca08417082f,0,23380
beaac9d6-d4b5-474f-9e32-06655242e973,0,19213
6c801f4c-db39-49cc-b69b-782b38265ddc,0,9809
7c0d535d-22fd-44ac-ac66-d52e3c186009,0,11603
fbf2ba14-0481-4fbb-82b1-f832b3949c82,0,26202
a24a0f3b-9183-44e8-81fb-0493eef0269e,0,15890
c24779b2-f45a-413e-bef5-eb268ba24f8c,0,19507
3ba03324-b1b1-4390-bfea-5989348ce1e8,0,4123
83e74008-03a3-4a5e-99b5-32d0d590d49e,0,12489
3d63f3f8-08cb-4c56-9f03-c634b705c23f,0,4336
fce56107-c115-4cb6-b340-19f87b757035,1,26314
e260d35d-f044-497e-b092-76ba75729876,0,23196
4bc72429-60ca-455c-a6fa-413a35ab20e9,0,5984
53b42127-3666-4397-9c0c-f2073dda27b9,0,6882
e9df7d4f-af67-4d21-8472-9be380ff0484,0,24084
3485bc68-5c84-479c-8ec6-17fa1b6d7a2c,1,3266
2458db44-f35a-4251-bebf-19514b25fd1c,0,2352
d1ed1c71-7886-4954-b050-83efdcf380b3,0,21344
d59a852e-d15a-421d-a887-2d371cb5d96f,0,21748
8f3aa552-04b9-42b9-8659-9e13e2a9832e,0,13742
b2a1a665-acaa-491f-9164-58a248045c81,0,17816
59aa41cb-ece4-46c3-8ded-a26ed0284271,1,7580
5f6afe5c-3287-4259-bf5a-ee49acddfdcf,0,8213
cbf789aa-54f2-4b19-ab76-b196cc295130,0,20667
34289db0-ad2b-4f15-86d3-446abad897e2,0,3224
875be0df-50f9-4b73-9e62-fde4677c515a,0,12829
f90241b5-ef89-4fcc-b7d6-c8b3835b8089,0,25834
497715df-fa64-48e6-9cc6-dcc6cfd32c39,0,5706
949ccbce-b365-46ab-ac0e-c6b633c10e04,1,14326
2f678d71-59cc-4acc-b2a5-673c25d578e9,0,2797
a9ad7397-befc-42aa-99c6-62bb5a77b352,0,16791
f904ebd6-038b-4f50-8f2c-431d909843d0,0,25836
f8c7e5a1-4367-4564-9efe-ec56082eeb71,0,25812
388c90bd-a30c-4ded-a5e9-50ef0a903467,0,3740
0c166e46-6e25-4f59-9743-6c60828c7c77,0,994
4abcd328-2c19-4bd8-a102-e0320fde2b10,0,5851
7e242578-21a7-492d-a02d-19a167942414,0,11830
c8115b22-d345-40b7-81d8-0c7158919674,0,20215
ad98f461-a276-4e8b-a47d-a0f5fbef3cb3,0,17232
3020343a-9297-4f06-866a-8f710ff91be1,0,2833
abd62ee2-e0b2-46b5-aadf-99a5e895e10f,0,17020
4999ef1e-b2b5-4ac1-85ad-c082281c0cbe,0,5719
eaf97a51-bc2f-4d85-8485-dd753df6c908,0,24218
1677d8e0-7c1c-4052-923b-4fc0061c2ebd,1,1599
ba0b5a1e-ccc8-4262-9d1a-c37fdfdb0733,0,18645
995add3b-6d5f-42a4-ac2f-7e46ffe27897,1,14880
36fd5dc3-bc31-4849-8b63-13c1c4e75d5c,0,3552
0cc92744-51e9-4239-9e8f-81c229424d23,0,1080
d7571c7c-0a9d-4e24-9488-6e42b6572b36,0,21956
ecfc716f-f6c9-41d6-8db7-16a5efa2cbb5,0,24474
ae34e246-4d09-4cd1-89c9-b3107a1553dc,0,17287
65e163cd-4f84-4fcc-93b9-7c0c782ce95c,0,8978
a93def1b-0944-4a6d-b49a-cfff8dca694b,1,16731
8c98c399-dc7d-4466-a9b4-fe017b51016e,0,13428
accd45c5-2127-490f-94d1-beb7e54e5938,0,17137
384effbd-421d-4469-9537-d9a810ca75b9,0,3715
95bb8cc2-d5d5-4ef3-ade0-18e5ff5b2e08,0,14451
ed2eb785-fd94-4541-b919-a6c0fe81c764,0,24504
f6cd2ddd-4708-469c-9c48-a7219e2a2965,0,25600
d73a6fca-3ece-4c87-83da-cc0c3ff5ad8b,0,21947
9fd1a33f-dea1-41ab-87a4-2959ff4d84dc,0,15610
ca188066-2e01-4ca4-8741-5d85b564e7d4,0,20448
7aeb60d6-d6de-4dbd-a43c-ad7c5f65b2f0,0,11469
56a9a226-789b-428e-a1bd-303f4d7a2f1e,1,7227
2a2bac32-d7a3-4475-bcda-e8680c7fb3f9,0,2584
579bab13-8b07-40af-a61a-bd4a2f2ea041,0,7334
5b1b89b6-59e7-4275-b68a-5c0c4704d668,1,7722
fdaeb9e0-3233-4cae-9322-12e4671c573e,0,26399
3e5a1e34-1feb-4021-9eb1-afdf382dc05d,0,4436
ef172bf9-e299-4ad0-a928-39202339c582,0,24710
c2cd0631-a09e-4d53-afe4-f904899392fb,1,19574
c9c976bf-b105-4b7d-ba23-e2922186c95f,0,20413
99be92d8-c3d7-4fbb-bdc5-1e674b50c09c,0,14930
b3ec67fe-d86d-4d7c-bcfc-51c81d7153d5,0,17949
74365fa5-5597-4353-9cf6-da8769145d55,0,10713
7a8dd22c-7af7-428c-a043-578390fc6fa1,1,11429
06f6f5e7-610c-4122-8731-aac15337b5e8,0,425
70d2cfb4-2b97-469d-bb21-9b344c414dd4,0,10305
31ad19e6-fe6d-40da-b2cc-a0dc5554d79e,1,2943
b7069aa5-9e33-4918-aba2-f76b0abef6a4,1,18306
5a0d6bd1-92dc-4a45-87b4-0ddf08012a50,0,7612
8124402b-7ffa-4d3c-8387-2a20ee3c6424,0,12187
4cfa2e4d-7e7b-4d55-97e0-4e229f01ccb3,0,6107
33a2a0e3-3c02-4d03-acf9-183932ebfa09,0,3163
63714834-afcf-4c95-adc3-169795ddef89,0,8685
47a4611b-39a7-4d5f-947b-33024366d632,0,5511
3c8e008b-261a-4f4e-bbb3-d3651cfd7dfa,1,4235
b72902be-6ca3-4ac1-abf3-f9da96e52e61,1,18317
67d72432-8ea3-448c-943c-54d63a10701f,0,9229
49bcf366-c1e3-4185-9626-b70108ec0562,0,5735
41560731-6e3f-44b9-b951-e789bb8e0cc8,1,4789
544bff0f-46e5-450a-9c52-a624203e3091,0,6954
610e5426-ed44-4cf1-b5a9-3393bcc54e2a,0,8407
fbd6b078-cca9-4c7c-8170-af5d714e49bd,0,26182
90035195-09b5-4fc6-8cbc-f16bb0c26048,1,13824
75476d93-08ae-4a2e-a5f2-167b772313ea,0,10837
9969df7d-5641-4bc0-bf3e-10fa97e6d63f,0,14890
17a26c7a-8bd6-494a-82af-c504a5a6a1bb,1,1714
a7a95de8-1075-49df-a0ed-edc1baca084d,1,16546
1ee75274-e35f-41fd-9265-63fefb9f9e31,0,2147
535782ec-911d-47a8-acb9-140b2405e288,0,6839
6d5e637f-8118-406c-b8c7-1057a7f8e3f3,0,9913
ddf1fd6c-85a1-464b-84c6-c4213cf688d4,0,22676
5c29be49-1c40-4018-a30a-8863df033b89,0,7838
73aeea88-fc48-4030-8564-0a9d7fdecac4,0,10648
f20fb2cf-282b-4a1f-ba69-32ce305c0c48,0,25063
c665b581-f134-41a6-967d-53471fb97f06,0,20021
b73f95fe-08f0-4357-b939-16fd0cc2b8d9,0,18328
1fd2dd8d-8979-433e-901d-9a57e60ea90f,0,2188
8ec959f3-27f9-43dc-98d0-dfa7ddf7d9e9,1,13687
bcdbc728-859b-4989-8621-bc8cdfece25c,0,19010
996adc26-b80b-4509-8964-5c22f9b10118,0,14892
d78166b3-fbdf-4d19-bc24-d805269418f8,1,21971
db72973f-c371-4b4c-9a1d-16fccbd98428,0,22397
d9333580-cd98-4b0c-a16d-ab13c02e6479,0,22149
78886571-4987-4ea8-aabd-67e3ccb483bf,1,11189
a5c6944e-1cfb-4292-b595-62daf5cf7379,0,16314
ada5d3a7-098d-4691-ba53-e633cfd3b86f,1,17236
469481f9-b1cc-48f0-ab42-235e44cadb13,0,5371
cda10376-1b67-44c2-b1e2-cc108462e81e,0,20870
fb7fb7fe-5887-4ae3-93c8-33615b96d11c,0,26142
0ff34948-d637-46ff-a36b-02260dfa9b03,0,1230
e3e796cd-5170-4e3c-9729-8edaff543254,0,23376
056fb495-574d-4b37-9f89-77b9ced2ef43,0,273
55bc511a-5207-4316-b23b-d7a78a47737f,1,7122
779a894a-1985-40d3-82c2-271a397c5360,0,11094
6a0e4cb3-f046-4168-b09d-2a6ac99afc15,0,9484
63ec0f9c-054b-494e-ac23-29b36e6b438a,0,8732
ec811ac3-19ca-4a43-990b-4e4704a7b649,0,24410
81aced0b-79a5-4703-9fb8-1dfe14b82c53,0,12244
6349bcae-b88a-4d59-a4c4-f3ccf0eb520d,0,8662
9bdfaf0e-2483-4ce2-baa3-a582737a538c,0,15166
fc74ff08-3d2e-497f-8068-a7c1482cc8a3,0,26258
976ef2ee-e58b-4f48-851a-1709c0f3ce4f,0,14637
329c254a-e6bc-44cf-bc09-365d5d43f4df,1,3050
f9316e52-0c04-4da2-9cc0-402a67b703b6,0,25857
19e505bb-7c9f-43e7-af1e-79c6dec095b3,0,1956
e2a3c100-08f9-4cb8-a169-87ebce9af615,0,23224
f7e14331-ae8f-4367-8ca3-93699785e0e2,0,25721
39461b56-ec72-4c01-a20a-d0ddb73dc58f,0,3850
ac8e34c8-858f-45f1-b964-db3b0f314e70,0,17110
4afbc897-69d2-4074-9690-c3410ff4706c,0,5875
fb2ce3bd-513d-488d-9701-f942437f841a,0,26103
4936f212-84a2-41b0-8781-8652763f3cec,0,5679
17d8f693-4ff8-41d7-b25d-8972f8a7899c,0,1747
6d38853b-fd7e-4598-b771-98d535b3907b,0,9893
39c9fa1b-d758-4985-86cc-ad6e8f5f2171,0,3899
4ef488de-5a36-4a85-a7a8-7e264450e36e,0,6337
6cdfa366-85ba-4bb5-a621-87712ae47c32,0,9855
bb7fe7af-321c-4ad5-86d3-40e792351275,0,18840
d870e46f-6a1b-4697-acaf-123f7da43090,0,22066
4b4d8179-7c0d-415f-bb11-5dbda89b5abe,0,5920
9349039d-f052-418e-be33-181237ca8a60,0,14175
ad800121-7222-4b35-abbd-72889217ce37,1,17221
9b84e389-86cf-4a23-9b61-bf1a715c04be,0,15134
bbc6d43f-c9dc-4ed9-832b-c7614656dc83,0,18862
68ba8998-bbb0-41d8-bc50-bf4e37ae9ab3,0,9316
99cfa926-cecb-4efc-8aea-264531354e89,0,14938
7c89357a-2266-4ecd-8239-472e11860608,0,11662
a7e46ffd-0e7a-42ab-9516-ff766ff3ff7c,0,16574
445df4da-d68c-450d-b8a3-d632e1c172c5,0,5105
bbe95fb0-eb81-478e-b446-1053b0ae0f1b,0,18876
106e39b9-9ca8-4437-b7f9-f114fd3aec61,1,1257
16b81782-5c25-4dd2-89f5-8008aec5259e,0,1623
ae06ef31-ae55-4e3c-9460-ae5c3733bedb,1,17272
8d8f6fdd-ea73-42b8-bbda-a9f0bb76bb9e,0,13542
5747aede-9bcd-47c9-9442-7d1875579d5e,0,7292
4166406b-8ece-48ef-b5c4-cd0769bd2f20,0,4796
ddc4204d-175d-49ed-a0c9-30213b6ae26a,0,22656
0f3ac29b-7682-4402-bbe5-89e4add87639,1,1190
f88b00fa-454b-4965-8279-bad3674a9909,0,25788
c5371ee3-958d-40de-8359-13c58e0bc071,0,19869
e5e4b993-13eb-4b42-a3f9-b473738c8f67,0,23625
96582031-d737-418b-8a3d-3361284816d3,0,14519
4399092c-0489-4ec7-97a5-fbffd3da0ea6,0,5029
ff3cfbd3-ac37-4ee4-b6ad-23f6fa88a449,0,26591
0cea4fac-4e84-4857-ac38-f2eb0dacfffc,0,1087
6129213e-1ab7-465d-a84d-e871246fa712,1,8419
321a1f18-76ab-474a-9aba-e2752b99fba0,0,2987
fa2ef1a4-30c5-4198-9604-e1060054ebea,0,25992
d3581ff3-8fd6-4058-b5d9-4ce6f0ed0f96,0,21502
c60a0502-26cb-40a1-8343-43625a3c4e3f,1,19984
6ab2592e-7156-4310-8d18-e871f03f5ec3,0,9577
9dd6e2cd-3afe-4a03-a3d3-de161a0446a7,1,15364
8cb61d47-d7fe-4e31-a6eb-2d76f5f26336,0,13443
2b70a757-4dff-4d97-baf5-f41b8d3ab4da,1,2630
d88da3d2-4032-4736-b278-bed083ce1b19,0,22077
dc620da7-7387-4839-9222-21f708f63bb2,1,22512
ce5f8ade-0760-4a40-906d-301cc6bbb87b,1,20946
e9246913-dbc8-4d5a-9605-79a5bbd287f9,0,24004
7b0cc950-21ba-4256-899c-27e26e7a0c63,0,11483
50533ed3-bfb4-4e56-82f7-678e03864265,1,6515
d82e5841-2f43-4eab-ac17-e98a2d90c51b,0,22039
f4c5713a-67b9-4163-9b2c-ea6337384f17,0,25369
9ed655dd-cc93-4bde-be51-804bac051f25,1,15487
ba33ab18-a3ff-4dd5-9aef-94e7f632dbc5,0,18674
cdaa0581-af7a-43d9-b6fd-3874dcde34e6,0,20871
7ed2ee08-c7e0-40c5-afe8-d6327df0a5ee,0,11921
ec885fc7-04cc-47a5-b971-11ef284c229f,1,24413
39efe67e-f7a2-4042-8525-062c18aa96f9,0,3922
b3e2ba43-87f4-4137-b21b-b9d6e853e9c2,1,17941
70e3331c-8717-4ff6-b2b5-0fefe6336bdc,1,10315
35477f5b-9747-4f99-b1ce-7c97150cccfd,1,3361
677eaf56-e6c5-4b1f-9048-966af401578d,0,9186
9434553c-9ce6-4f46-a0ca-29cc154d488a,0,14279
349c35ba-a32c-4cef-bfe9-613da6d7054d,1,3281
a2ddccd7-9c2b-4d81-9375-928b418da482,1,15959
9fd1c79a-428c-4fb0-af04-bfdaecf1d579,0,15611
e0500fbd-7565-40a4-94ba-5bbed47f90a7,0,22959
68ba681d-9279-4568-9670-1d8c89c17000,0,9315
ed9eb455-9856-42af-b719-a755f92da405,0,24555
51b5d7a6-1c08-4c2d-a5af-21ffb21b78c4,0,6649
3d8ebf19-bf2c-4dff-9c25-25aa15d1ed88,1,4353
43f5cb7f-77fb-4d26-b55a-46a98422e35e,0,5061
dd44751e-c7f5-490e-82dd-6b314061e377,0,22594
6438d645-6fdb-4fda-8598-a4c1902a33c2,0,8768
562f0975-f055-40de-bc90-c12028776c0b,0,7177
920dacc9-e9ed-4c3d-8afe-e1518d538973,0,14048
457e1b0b-89f5-4f7f-b752-fd8420414b97,1,5250
4bb49620-1d08-4f45-a92d-74d1b47bc7b7,0,5975
85a307fc-6a0c-4dd7-9402-7950496bb911,0,12648
f79893ef-5f7f-4b63-bcbe-694a2bd8bf42,0,25682
dc08da77-36f7-40f2-8028-e1347c387927,0,22466
0a8efdc1-1dff-4d65-8948-c56a5d74a906,1,817
6c9149b0-2cbe-4d56-8313-ddd51bf464d6,0,9818
d65d52e9-4736-4a13-830d-b491e95668bd,0,21830
75c152a4-eebd-42ad-b642-98221a946b49,0,10889
a9006409-11f0-4d8d-acff-4f5e973547b1,1,16705
ef8c6816-f060-479b-a122-fea344b21221,1,24772
5bc6b92f-0a89-453d-8e0c-32566bbea8e3,0,7788
9f29797b-280d-4b7b-9c7a-aba284959b93,0,15530
a2f00821-a074-451d-8e0f-32a6a400d69b,0,15967
8531dfea-7f77-4a47-908c-20c6f9ffe056,0,12601
2875f1b1-25d0-455a-b098-728ae2ee84ce,0,2516
7f0fc5c2-6da8-4d23-aed4-3c1f30c5344f,0,11946
efd3dbd7-d339-43b9-93e4-2274ab8e7936,1,24800
772ae795-e19f-4971-8dd9-f5ac7b3265fe,0,11048
d3beb0ea-ec3c-4060-ab7c-6a7d00a3747e,0,21539
8f324fb6-c280-4ce1-a079-bef3b5e04e59,0,13738
d4d05e06-0b23-437a-bc14-27a94fe61975,0,21655
296c307e-cf85-4ef4-95eb-7a05d4576dfa,1,2557
d7b27590-3f78-4e51-9ab0-4490b6de0019,0,21990
c85eb65d-1f22-40ab-929f-51eaffb26192,0,20243
3b49769a-ae88-4b47-ac0a-92abf3e05f94,0,4084
f736efcc-ac9e-4f00-9e27-03add80f6f63,1,25639
7013a598-e32c-45c8-ae47-e75dfeffd918,0,10224
47bc2d1c-615a-44b3-9164-ed70c06baed9,0,5520
a8495b35-2133-4127-85ca-6efa8db7a81a,0,16611
8c404eed-fd6f-4730-9506-9e2a47684f2d,0,13385
ef141030-96d6-4732-be12-bbce13bfda1e,0,24709
2c781913-5f24-4b0e-959c-6b7385c6fce0,1,2670
1552da4f-04de-4c70-8c82-b5e3b8012b93,0,1446
f04723d9-be85-45bd-a5aa-1bc85776345c,0,24851
dd48746a-162b-41da-8248-8adcaaa87080,0,22596
a36d17af-dcd7-4414-a701-3ef7c462e05e,1,16022
6be29d68-1927-4609-a7d2-4fcc9ccaf9af,0,9733
23aa5306-99a9-4a8d-a5fc-dfbedf197aca,0,2316
8dad1a61-dbab-4f1b-a71f-a0a9237b0e2a,0,13554
ed2092c1-23ce-48d1-bb13-b3d7a078e7ab,0,24492
50d770ba-9213-4377-909e-2e26e985875b,0,6571
1ed9d674-2a7d-40d9-b40d-e754fc49938e,0,2142
2e303b9f-1a06-4553-afce-3561db6420f3,0,2745
40da4b80-5097-4c1f-b15a-989f72525354,0,4727
06bf9151-5732-4968-b198-f4109676cd55,1,396
c9cf503d-a272-4cbd-802e-8d7bb2167794,0,20415
98d021cf-b9cc-4c73-8df4-f7650e496297,0,14807
089df963-c3c7-499c-afd8-2b0f9224c442,0,608
9146a5d9-aa89-4d59-a86b-e568cb7bfd6d,0,13958
99a2cdcf-0a8c-4800-a08f-59033be224ca,0,14916
cd33df08-bfe1-4185-8c7d-9beea36b60f1,0,20816
188650a9-7822-46d1-8aae-30532dc588b8,0,1832
d5e25174-e2eb-4a71-963b-24adc75fa6c7,0,21774
8b12ec49-678e-42e1-aaaf-6839810b5be3,0,13253
6e6ab7f9-23c5-4abd-b111-c73da5c4a357,0,10036
eab8fa04-b334-44e5-867e-f36f2b9b1481,0,24191
3566e80a-4e2e-40c3-b077-7669ee9bd5ba,0,3375
7f20ad0a-2cf6-452b-91ba-628e6391e63c,0,11957
064c4273-4f62-417e-be2b-c30cd480fa82,0,350
372dc27b-20c5-418a-b09d-8816843e940e,1,3576
565ebdfa-d002-4503-a1fe-855657522eb8,1,7196
e5b7af25-6d6c-4846-a83b-5e072bdfb573,0,23606
5837424b-9013-4056-b04c-ee216af8df3a,0,7406
6bd155f1-693f-4343-8d38-dc0d1cd9347b,1,9720
220244af-7a1e-41fb-980f-3497be7ce13f,0,2257
919a8a81-4de2-4f44-b14c-04c3c776c969,0,13995
01d72346-4459-4eaa-8a19-d3c92121d17f,0,89
42a2589c-761a-41e0-b7a4-331214140b5d,0,4937
51fc4515-e145-4e05-ad32-feb6cfd2ec0b,0,6688
e40663c4-3234-43fa-9955-e3abdd430255,0,23389
be4073e5-f1ef-4259-b7a4-8c379844cbaa,1,19159
66811487-9791-4a70-a560-b9d0b586c4b0,0,9058
8bdcd25b-5fc0-4b4d-b279-96aaa3b409b1,0,13347
b1f2db42-68ac-4c11-a4f4-3f6b8b6be999,1,17740
0ffa20d5-7419-4c75-b821-be920771d2d4,0,1232
8bac8adc-1018-4883-bf18-76ed55b644df,0,13328
c9e23301-a665-4b89-b7a0-2e4de0c7ac53,0,20424
cdc168ba-74d9-4f05-98f2-3b90204a34c4,0,20882
54adda49-e4a2-4706-af0c-40174ba821a6,0,7009
ccaf52bd-a6a7-4ac3-9237-b0ea906035f0,0,20750
c3b05294-29be-46e4-8a51-96fd211e4ca5,0,19677
858b525c-3663-4ed2-b983-97dded46f183,0,12636
1b440724-2e24-4124-b7c7-0bc82015a674,0,2007
d6fb1e39-32df-463f-9d7e-064b2b64a3bf,1,21904
b1a3c66c-868a-4afc-b112-03818afd03bc,0,17708
8eb094cd-bd84-4453-b6f0-ceead0fffdbf,0,13674
c720f971-a5bd-4197-a5cd-5facf11ffd3f,0,20090
f3022722-2635-497a-89a4-72f21b03ace5,0,25178
9999e6b8-8c48-41ec-8ed1-d1f645d6aec7,0,14909
92d7540d-db17-4fa8-814a-3d719157928c,1,14120
e482e77c-d511-4871-b14b-4f912d94ac9c,0,23443
b3f132cb-438b-40d4-a951-0089e8b1a840,1,17951
ff372134-6290-4cd7-9e93-b1348a7edfa2,0,26586
62cf5590-89da-4c01-ad00-b716886442c8,0,8604
a354456d-20f0-4f7e-a881-dc489e6033d0,0,16013
134bc526-8ebb-4419-9274-e2249fb3623f,0,1366
fd2dbd18-2202-45da-bb4f-466c33583179,0,26338
0c671a1b-9388-4c72-a146-d0b6687bbd78,0,1036
bf2b3b65-b21f-4e76-b3b3-98effc784a2e,1,19275
9bdd01cd-079b-4790-8854-494047a4dc06,0,15165
6ed0c46e-ad1d-4fd8-87c7-cad314fb177e,0,10079
860ff0bd-a9c4-4fa4-84a0-670b51d53bd7,0,12695
3c958476-01ca-4d79-929a-5f1ee467ee27,1,4241
eba888e6-9c29-4638-b165-1b6f0d8d7ecb,0,24306
ddb757d1-a6e2-42e3-a438-100006fb38dd,1,22649
10b3c037-60a4-4589-9ab7-83088a174184,0,1267
055fee13-c09c-4635-b35e-e50b9215d1c3,0,265
c648be1a-3426-414b-80af-fd4cbdffa7f2,0,20006
d4e0b27e-79ad-4af1-bd49-6c7feaf3f84c,1,21667
c333554c-e635-4d5a-8975-66aecd096036,1,19611
7307c83f-63e1-46e1-9400-8d1eac241510,1,10575
55e8ab4e-b6c3-4424-bae7-3b17849a1141,0,7144
4b9f808b-2e83-455f-9afb-dab90444055e,0,5964
d7d7e6cd-012b-46d7-8596-dc90e99bfd5d,0,22007
30a4ad6d-1407-4a1c-a58f-6cdf8dbf68d7,0,2860
d7be9c7e-065e-4e4d-9b9e-766a931eec7f,0,21998
78815820-d7fd-4763-b69d-7bad8475e7ed,1,11183
193614a7-cca5-4108-a812-513722a6af08,0,1901
0ae738d0-5bdd-4ebf-9c1f-6b10a25be92a,1,845
9f074665-e9df-4248-9114-5cb80522f175,0,15514
72a5d9ae-5195-446b-8ca4-42958f92a491,0,10545
bd59abda-3e57-4be0-9140-22c8f6de8c3c,0,19060
e01bd4b1-8c24-4fd7-9b8a-7888f52bfd80,0,22924
85444c90-e9d1-42cf-8ac4-f9968d27473d,1,12609
b602ef86-f1c6-456e-afab-5ec2839be879,1,18197
f0378ec7-17bb-401f-9c5b-851df929fe3a,0,24845
cb096c4f-2565-49b9-80e7-c6da2e2cc75c,0,20556
0b407f1e-dd57-49a7-836b-58ea0b3888de,0,880
350f4912-22e9-43d2-8ed6-18adc0f61b12,0,3335
98210fa6-3780-4640-ae65-bb3e83fd99ac,0,14724
723515df-a2b9-4f89-bb3f-437e364bc726,1,10486
c7a06c63-28a7-4de7-b52d-98cbce47b1b3,0,20155
d8e5c4af-eb12-45ac-bef7-52067018cc2a,0,22109
cbb74e7f-194b-412d-a527-117ddc2ff022,0,20636
8ddf1a48-cd1b-4889-be34-b32cfdc2582c,0,13584
4ba30648-7755-4012-89a0-ac40c5acad6b,1,5966
6f2fa03b-7a04-4795-b927-bf0d32b24f73,0,10125
ec4ea528-f8a1-4478-9fe6-01bb41b0ec4b,0,24389
f33d80d4-83d0-4f00-ab0e-0f5542ad88d2,0,25202
aac8b420-f849-4c60-8486-0155f282633b,1,16905
9bcff9c8-1eac-4ce1-a580-22362b3c9596,0,15160
ad7dbcfa-406f-4d54-8d85-0fe482ba4ca3,0,17218
6e7bfbcf-5702-4db1-a027-a2930292bd1a,0,10044
90615fc6-3ecf-4153-99ad-c8ff181439eb,0,13869
7d258ae5-52ce-4973-9801-cc6350236c73,0,11723
6ea6aa16-943d-4351-bbe6-5fee3724c70d,0,10056
39b7f979-ee4b-4434-acd1-a644284dcaaf,0,3894
cf25b86e-bff4-4737-9e4e-51673f8ec76d,0,21034
c88f26fb-b256-40bf-85a8-cc6059c079b7,0,20270
432c08e5-3a4f-4b42-9726-2f18f77aa0d4,0,4985
e088ad69-eac7-4438-9230-1c7320dfaad4,0,22986
543f4f16-4b7f-43bc-8d44-da66513c58b0,1,6950
fe2e6108-895f-4469-8712-7965544dd47c,1,26452
efc9c6a8-8568-426f-9fc6-2a6106bbb98c,1,24792
0bfe09c2-ce96-4cd4-9374-92117c18da3d,0,978
4dbe5075-9223-4289-92d4-0a4567e522c0,0,6190
a304f66c-0229-4c8e-917f-2659b7a6e70d,0,15981
72f79a49-6208-4253-9094-8081308caffb,1,10566
a147108c-9b7c-4a55-b823-3c06e2a4f3b1,0,15781
6a5b9fe0-bcea-4f37-b2a5-df9b27793028,0,9519
8a36f06f-80b0-43d6-8dcf-391e49587ebc,1,13153
ea244742-f337-4820-a873-707e0f2a9195,0,24114
34b275e2-88a3-44a1-a8ad-16d8d79b1999,1,3295
1699f1aa-36a9-40c9-95f7-da12c7927f15,0,1614
1c50630a-5004-462a-a613-024b3f2a2e7d,0,2054
91721abe-bffa-4fe6-b816-618de13464b2,1,13978
0c294ecf-23d6-4c56-b5e2-0482915cd102,1,1007
afe73151-621d-439f-a42f-b970900e2bfa,1,17482
436bb70b-6399-4b93-b659-d187c3175980,0,5013
866892cc-d54a-4999-a70f-c9396c275db8,0,12728
4e18d663-eea2-4b61-9adf-ee952b5c6859,0,6233
a0af5bdb-2c36-4c58-9d8e-9a7ff7e9a7e0,0,15700
42cfa0cd-1806-4c78-9d47-36b5eaa38e53,0,4955
4c5b63e3-d3b4-4cab-9ff6-1e4ae56fd828,0,6038
e3b52ea4-7bc0-4fbe-a5d1-5594ef83abcd,0,23350
6f41f78b-66db-40eb-b657-e07470a50d24,0,10142
5c50e664-6bcd-4c92-b4d7-aa6a6fb1f46e,1,7861
61d95498-2d86-4852-a95c-90d66147ce7d,0,8490
0c89ca38-27ca-4cd0-88cb-18093fdcb04b,1,1047
df174c4e-d805-4182-81e4-75a2887d046b,0,22816
6f7e8d86-a408-4aa5-a503-d9cdcf5303c1,0,10168
8194b336-dd7c-42de-9471-ebba8c4db0c0,1,12230
2444c9a4-c1ea-42c1-bba5-811dc342191c,0,2345
eadbf3c9-f034-4b29-9a46-b90a16978a2a,1,24203
f2e71eff-2656-4b52-a014-eea3d0d00efc,1,25164
ec00388e-332b-44a1-b346-43b1792e6cee,0,24354
6efd348c-705e-4e83-bbd1-97e336ee6b1e,1,10100
8f00dec7-85d2-48b7-995a-0a139798320c,0,13714
84032d11-9143-45a2-b3e9-955f9dc4b497,1,12506
7119d8ae-329e-4cf4-bfac-389ae146ec96,0,10345
44d487ce-2920-4db6-830e-e3d4b5ffa3e6,0,5167
d7fbe785-834b-4a8f-877f-98ad07a10c98,0,22021
dcba2f1b-d117-4c79-b329-6446bc21b45f,1,22540
43471655-e6fa-4a8d-bf0a-45ee62343d07,0,4993
a4caf4f9-cf55-459b-8f8c-2d8f74722748,0,16195
ff9d37d1-3660-4187-8f57-d31f9c91a3fd,1,26637
bc98df56-4ee4-48a7-b8ad-d54f814cc806,1,18970
27b2992d-54c7-4fcd-a060-b118bd8fe5ca,0,2480
e77e5857-d114-484b-acbb-9736ffb750c3,1,23820
83a0b8f1-d50d-480d-92b6-794a2bad897c,0,12454
6b2068dd-218e-4516-a045-2f6b9a1c4752,0,9633
6b8d5e97-37cc-466b-820f-1089972f1bf3,0,9690
a7b3ecba-37f0-4bf5-ad2e-5ddb4416d19c,0,16555
60c3a86e-4268-45f6-ae8c-003a5833287d,1,8374
4bd616cb-33e7-4570-8e55-ccca2391c59a,0,5988
4029d405-851f-403a-8f3c-d5732b7efc61,0,4640
9f296b8c-fa45-4914-a69e-900ae19118ba,0,15529
3e04b613-1130-413a-bc92-3c6935c9f8dc,0,4400
d60cfe34-6753-44e1-ba22-7a106ff7be83,0,21792
0cbb1188-a386-4965-a292-29ff93300c97,0,1071
8489c930-19a8-4895-9211-4efd3d38ae58,1,12539
e5412f84-f565-465b-92a6-580ddbda0d73,0,23542
331b086e-e4a6-44f9-aa82-aff072c27a7a,1,3107
0ad9934b-bf35-497d-8082-1ecbc955d6de,1,838
d3d8c07b-5efb-45e0-8b29-559cd2730333,0,21546
7cde3b9f-71ab-4640-95b1-d15809eba64a,0,11696
366d7cee-d91c-4bc3-8d0c-01838f68ad5e,0,3489
905cf7dc-9b4f-4c3d-816c-65c3b6be7237,1,13865
c4940268-dd10-427a-84aa-8150b3d73430,0,19789
174dea20-4712-4425-8328-b0a38e8f88ef,0,1678
ff8563d5-cc01-4dce-87c6-bf12e748955c,0,26625
538d24ba-8a55-4445-b0d5-f9e5812fdd49,0,6864
c3d0379c-e6e1-443f-96e9-5086d51d5dde,0,19697
7bbc888f-2a6a-4f8a-8aa0-a42b1a4861d9,0,11560
eec6148f-5a8e-48e0-967f-3f59f14c562f,1,24676
62df23c0-1089-4281-9688-036e92189ba1,0,8612
cd064f36-a22d-4614-a4c5-96c2d36bbe7c,1,20796
b9f8516d-e115-4f48-a43f-79d4ba74840e,0,18635
6263c3a8-dbee-4207-9259-e420b754a2bd,0,8552
3a7bffef-ed40-4764-a8ab-2b0ec8820e8b,0,3994
ce78968e-f7e6-4191-b8c6-768eed4ac113,0,20958
83fa7e9b-cdfa-499d-88cc-278de00fbbbf,0,12502
9e6eb4fa-abd5-40a7-bd06-5ca016b16021,1,15434
f7107a21-770a-4305-a5ba-1b2a505d9c75,0,25625
18630633-df6f-4b2c-b3df-23704d84f5be,0,1816
cac015ac-b29c-49fc-9ceb-d11c81fdc8db,0,20522
dafc817f-dcd4-41f8-9e0c-9f7ee41d1cf4,1,22351
aaf35f7b-67a4-472b-85f1-fd87bdf13080,1,16922
dfb6002d-69dc-4f78-b66b-906a01260b28,0,22875
da900017-ea5d-43f6-9853-260fa9fce668,0,22304
0e7b5886-8737-4d62-a466-95a6608d59ea,0,1153
600846f8-21c3-4643-bb0c-d56ba57d6282,0,8294
e70d0504-3563-464c-b8d7-5e23755416ec,0,23776
6a9107b3-b846-48bd-878c-fb547c8bba7a,0,9557
6c0f140d-cf60-4af4-877f-20ffeaf333eb,0,9753
471b74c7-0413-40e4-b683-d552d8c10e1b,0,5444
a34f8423-e21c-48cb-8f9c-c8a060028dcf,0,16011
77c2e795-4c2a-4daf-b288-f24fac8a3758,0,11111
e789379b-99cc-4ba1-80b0-ef1810fd583c,0,23827
e5882a39-6c6e-432c-bbcc-f573f03a5ae5,0,23588
e861f489-7b03-4408-9775-f6b0e2e74e47,0,23920
a83f3266-8fe1-4d4f-86a9-94ee9b7e8c4a,1,16607
d0121f55-3bc9-4228-9f53-0d58cee04651,0,21137
1b0b50d0-c31e-4713-b252-292423149457,0,1996
361c09b7-beb1-4be9-bb4b-c6400c293a19,1,3457
73f5f220-b2a8-4d6c-9416-d54dbfdfc02e,0,10678
b58fa5f2-5bc2-4ce9-ab9b-cb9c80199fc7,1,18150
4b4a00e4-d45f-45b6-b013-2541ef77f7ef,0,5918
53ca0748-9749-40ae-acd0-2b6d00f178c1,0,6894
797be476-00ad-42b5-a860-9769d10aa1f4,0,11308
3c319790-02cd-44d7-bb91-8e758463ac82,1,4192
87bea6bd-4a01-4fad-8621-8e641e09dcad,1,12871
09ad8591-5c65-49f5-a297-3ffe33811bb5,0,728
ecf3f5d3-0441-47ca-863a-78bbf5c1cad9,0,24471
a98be04c-9a64-4abf-b38a-e500382f1d80,0,16774
a51ffe46-62bd-448b-8e8f-b32c2b08011c,0,16242
bf1103d5-18c7-4578-9ad2-a7e279d9a6a3,1,19259
fc8b3ea6-e7a3-4e17-8dd6-3bb0050e76f1,0,26271
afef1dff-d4a2-47fa-bfbc-ce4f4e16e9eb,0,17488
be4ce4c9-108b-4f79-87f4-47bc77c557ff,0,19166
5823bee8-1a8d-42fa-9364-af32732f19a5,0,7398
7a109b90-e79b-4297-ba29-a143838692ba,0,11376
ae49a25b-557c-410b-a598-771d3e1a3f27,0,17295
6475d34d-7984-4ed0-9603-12b74bc48efb,0,8802
64ed913f-1663-4f8b-b9cd-b93ca14dbd0f,0,8860
f3ce6341-8c12-417b-b674-be1a2dcdd750,0,25260
98f04248-c591-4d8a-bb4e-38033233cd21,0,14821
47fbefac-6c3a-4433-83d1-90585ed76bb1,0,5545
549618db-d06e-4b93-b415-b698984cb229,0,6995
79488b05-0810-4ed9-918a-f031f7820b77,0,11288
3a8ec2de-7161-4129-aa1c-f7f2d615ea88,0,4000
6d915b71-2cb3-45d6-ad8d-1cac728d9e6e,0,9931
5d6ea15e-c039-4843-8b7e-e66a86409587,0,7980
5d35ab60-51ad-43f9-ad65-2ceaa85bc682,0,7960
1491ad3a-c263-417d-af7b-159f05b72e63,0,1408
1004476c-1b00-4ccd-9c72-193b6a048e15,1,1234
a6b8c0fd-e23f-4937-9682-9487051c705c,0,16432
6556ce72-1a60-40aa-aaf7-b50dbf07fae7,0,8915
831d8a07-1024-42a3-af2c-181144351cab,0,12392
eb737f0a-3419-496b-9f43-5b685ed17ebc,0,24278
e230bc06-3a33-49e3-955c-93eac7bf1847,0,23177
d58893fa-b9e9-4d93-a75f-c0b982aff3c1,0,21738
1469ec7d-f6d2-4193-b5e2-5d2762d0a608,0,1402
41247428-2833-40c1-9fb2-4e1c59d165af,0,4758
7f65bfa7-4587-40e7-8acd-3c02870ab059,0,11986
47a15caf-d139-4fa3-956d-6f8afa5ac376,1,5510
68fce9ea-3122-49bd-8968-85e8f9315c83,1,9341
c5a306db-75bc-4117-9b8e-840ce8f9fe4a,0,19923
5a6af9f4-2f0b-410b-88d8-cae465171d79,0,7649
09326eb7-f4cb-4d8f-83c6-8ba7fb8b5ac7,1,673
2bbcad9d-9dce-41f6-8642-d0fdce90abd5,0,2640
b848084c-ca9f-48b7-865b-3a1761fd9775,0,18456
ea638979-a6d0-4f57-872e-8d97586d1eb5,0,24149
52e31798-2000-4b3c-b39e-45eb227393f7,0,6790
156a563f-4580-41d9-b930-2c6859478b50,1,1461
c87428e8-09b6-4b65-8a28-137c147f3e80,0,20252
4c66d203-225b-4690-b516-4b8ee63eff4e,0,6047
d9ef7712-f9ba-4f74-a27b-0019886f5dfa,0,22246
34be1f4b-2863-425f-9f8e-6dc21579575a,1,3298
bf7bc9a6-d454-4edd-8752-9273448a3b10,1,19312
93708fca-e95a-40b8-9c7f-e99c8ccf10fd,1,14193
7d1c51a5-6364-43e2-8868-513617376dd3,0,11721
f277360c-a13a-4189-ac46-7125796e1628,0,25115
c69f7bdb-52dc-4b81-b04d-2cb955be56d7,0,20044
fadb0cca-fc28-4db8-9cb9-acad066ed8fa,0,26069
45bc5a0b-9f61-45ee-81ae-851225b346f3,0,5272
164a9325-6bb3-4af3-9217-e7ca73cbbb1f,1,1582
8c297d04-07e0-406f-82d5-1a223214872c,0,13373
5d256814-d5bd-4f0f-89f6-5f111574be94,0,7947
ceaa8206-a6b0-434f-a126-c16af2df7d6a,0,20980
3eaa3bc8-d5dd-4104-93cd-2c217c6762f6,1,4476
2dfde10a-53c1-4c69-b49a-43aa4543b7f4,0,2731
ed275c64-75cb-4e84-b167-a1a6cbf485f9,0,24501
956c2cb5-3a6a-4341-9535-ff0358ce7320,0,14410
b4fe242c-892f-4839-9aa6-d6b140649635,0,18077
4b561094-0f23-4040-801f-2dede46354cd,0,5923
c3eca37d-a537-49d8-9711-94d86157ac8b,1,19711
88f8acdf-7667-46ac-a1e0-b03194181463,0,13009
4b0e4413-56aa-48dd-a9ea-4712d211334c,0,5886
92e902b6-4585-4399-bd3f-fa6563bddcde,0,14127
99590dd4-4871-4498-99e2-c99e8ea6c3e1,0,14878
4b6bf50f-edce-4432-9405-793c9b4e8712,0,5936
a6db493c-f239-4dfc-8a1f-442b918a79ef,0,16450
178df983-39ba-4f6f-9e41-dc6010ff9a7f,0,1705
be8c2b0a-19eb-4e55-9efc-9171358333e3,0,19198
35dd41bb-baee-48e7-a450-95532043dc36,1,3435
770c0508-e362-44f4-9a80-60b7127e6b2e,0,11029
88786ed5-20ca-4499-859e-b91ad7065809,0,12957
fd408da6-6972-4d11-beeb-caaa7ee23bfa,0,26345
b0c6e2ba-ceaa-4eb9-b241-7c387f8df4ef,1,17592
d0cf8016-d549-4239-9d81-969f13e39663,0,21214
74be60d1-0885-4010-895d-297ea831ddb4,0,10768
fec6554c-a84f-4d37-a05b-3838bbdd914d,0,26522
e0b3b20a-cf65-4f4e-bf96-ac32eca375fa,0,23006
e7bc3aef-498b-43bc-bf82-364339a66341,0,23852
012a5620-d082-4bb8-9b3b-e72d8938000c,1,53
385cde28-3ed9-4325-b544-852768682331,0,3721
574610dc-b9a0-4560-9178-51615ecc3d1f,0,7291
70f14ca7-41a0-445f-9274-fe0a7b8890be,0,10319
3a95e2d5-ec7a-4020-a48c-7d61fdb3d0af,1,4006
8570eacc-7d96-40b8-9be9-11a7b56db4c7,1,12624
dffe96e7-3086-4f5d-a6ae-cb9dcc7f5926,0,22908
a8023fc8-e3a5-4944-be13-011b2f5f16bc,0,16586
b7b1abfd-c7e8-4404-aeed-b3a3b489443f,1,18384
8c6af598-175a-497b-8938-02c432afd70d,1,13407
54ee0eb9-ba59-45a8-9d9c-fefe90affb1c,0,7036
6838d4f4-cf76-4225-889b-c23f5bde870e,0,9270
82f8bae2-5de2-45ab-92f6-b358d52c2938,0,12376
46c87cda-be22-44aa-9154-549a43ed26cf,0,5404
6bafbb20-14b7-498f-82fe-dd7b603cbf51,0,9698
6086ec53-fd7d-4a65-b1e8-fde0d9c73cb2,0,8346
de1a09bf-91ec-445d-b9ac-ad5aa8d040bd,0,22693
faa9803c-bcc6-4b3e-acbb-85bcf8b4c5b2,0,26042
9ed4a658-6a47-4e23-934f-a9a9d73f4680,0,15486
fcb12207-113f-4c5a-9b23-0bbf5f280a59,0,26291
a877183c-7c94-4419-824c-4acb99354d90,0,16635
4954509b-d98d-4b66-94eb-548b89f9a582,0,5691
64917123-823f-4c01-a0d6-06bdfd899a6c,1,8817
b71d89cc-dd37-4883-830e-cba59a8f8e6e,0,18312
e3cacb25-a167-4e17-b869-dcabef2f2baa,0,23362
e63932eb-033b-46f1-aa55-6e913ccbe03a,0,23667
34428185-9eff-43e5-b784-664c07e6220d,0,3234
431af61b-bbf6-4c35-842c-4a0679a7738b,0,4978
c2d450e6-291a-439e-9a22-57a16448d751,0,19578
2131a5d5-d3ca-4ce1-97a7-4ae34ef0d19f,0,2231
c91c84ab-e310-43fb-adfb-9d351786b01f,0,20337
a55c56f0-ed46-4761-80cb-5472187e70cb,1,16268
0808c4af-9ed6-46e3-a936-2cafb0004e6a,1,547
78b97945-5d62-4d71-b054-5500101fece7,0,11219
d5746713-b462-446c-a526-9f705794377a,0,21724
d6284121-8ea2-4bc7-b6d7-209dd36c250c,0,21803
4a2078dc-3789-43b2-a31e-19014d4fe3eb,1,5784
ed05ddfc-2a15-4eb6-ba32-876c4a4f1f60,0,24481
a4c04a83-5178-41c3-b300-be73b521947c,1,16189
8051de6b-9fa7-445c-b48a-ef226a5d3e47,0,12109
e1d23cbe-213d-48d6-a8c2-672c4e68285d,0,23130
a190459e-99ff-4bf0-9e30-47c2b930ac8a,0,15821
a3d252ca-0faa-42ca-82db-fb199b26cae1,0,16070
32408669-c137-4e8d-bd62-fe8345b40e73,1,3007
103f4a5b-318c-46eb-bd8c-89c35eb6dfc7,0,1250
c67d1fe6-94ba-4f3f-af3e-cebc75c44e57,0,20030
d67b30b3-a9ae-4a24-bc2c-1d0c8f87e5ac,0,21842
71813eab-6524-4c28-a978-b518a631585c,1,10398
a5ba75bd-c961-4096-b9fd-6253788cfffd,1,16308
4032536b-7d57-474b-a77a-afbd13136a7a,0,4646
dd654777-8f6b-44ce-8c87-72cdf4cefac9,0,22615
fd317c5f-4748-4f1f-b28f-e3989b909812,0,26340
b021293c-4dd0-450c-b1a4-2d72cedab0a2,1,17521
6932c7f9-5e3c-45ad-a8cc-b62069803150,0,9370
d0c5bb79-5c0e-4b9b-86ae-58d24d259dd5,0,21212
c3e65f77-526f-4e99-97b3-58ffd914514d,0,19709
c0801452-425d-4196-b369-8abd70fa3268,0,19398
9d7a41f7-60f2-4193-b3bc-071acfd6d67e,0,15333
7fe2bc09-bff9-489e-8cc5-2528fd02fce8,0,12051
797c0a13-9dae-4006-833a-5d5024328534,0,11309
ab2981ac-f605-4a8e-a68d-f0e80e424797,0,16947
5faf58cf-a01b-4b8a-8456-e63dedde1b68,0,8248
6651fcff-b4af-4ab7-8c41-56ddeb931d9e,0,9035
cb686220-09d7-436f-ac1d-2e753c0330ac,0,20598
e72f5e8a-dabe-49f9-8924-987f292e6639,0,23787
372f17ff-2906-489f-92b8-c778489064ef,1,3577
a90dd8e9-ccb5-4cd8-8408-92fe28c668b8,0,16709
eb80a466-3ba1-44cc-8896-e150604a2b54,0,24282
88d49b03-ce28-4de5-beb6-373ca79e78d7,0,12998
771fd208-e7ae-407b-bf91-0a6472189ebf,0,11038
916d9880-914d-49da-b1ee-011714c9c1b7,1,13976
fc728913-01d5-4954-ab5c-125c19e0f310,0,26257
faa4d458-b94d-46a4-8fea-c2f9ca5a70e9,1,26039
a9166819-3c04-4552-bea7-f4d548709096,0,16712
9f3c08be-0b3a-413d-aade-4bc74cee30b7,0,15540
fef9cea7-b11c-467a-b64e-3f7199d18311,0,26545
076ad555-8eff-4022-9c08-7205c59a75d2,0,483
9ce1cb14-c08c-438d-9ac4-73b38454340e,0,15273
27036455-3da7-42f5-a0ef-ba2805d06e79,0,2451
6fd07235-5c53-4a43-a720-6cea0b36eb59,0,10197
fd063035-324d-47c7-8587-0e4c96738538,0,26324
743d1905-767a-4dc2-9082-b2f11df0ab39,0,10716
b188b6d2-3f51-4962-b70b-3e4f31b43a00,1,17694
c2cd822c-a98e-451d-8600-e52f50d65c28,1,19575
0ccaea04-444a-4c37-baaa-d664138a355a,0,1081
fbca4f58-4356-4658-8abe-95d73dfbeba8,0,26176
7215f3e0-f549-43f2-8fb7-9202b133d142,0,10469
e3bf88ac-5cbe-45af-ac12-8ad14ab45662,0,23356
da766811-e6a3-445e-bc24-d72ed05242e4,0,22295
a9d68fed-9596-4f6c-82a4-9d4c515242fa,0,16802
507c6bb3-70b3-4324-bc50-1422fc599963,0,6530
bb9a72f0-c455-471a-a511-ae90d0215adb,0,18844
78647486-de44-4da8-8401-8fd8f3316250,1,11170
07264588-d733-40e6-8ff3-97cc7a5ecf0c,0,445
c5cb79b9-eec1-4d09-98f2-dfef80e89fec,0,19947
b9cda0fc-41b4-4d18-adeb-c4c4cd9212ee,0,18621
65b5430c-faff-4993-a138-f2cb1fb2ad06,1,8962
f6e3bb77-4eac-447e-8fd5-d12d5ced14e0,0,25610
791e72c5-ecb4-43bc-aeda-7756af052534,1,11269
e4554e70-ba87-48d6-81c4-2bddffc3f7c5,0,23422
4f57e99f-9ea9-4d28-9dee-49e399210fde,0,6381
99667112-f3f5-4eec-8b4b-8a2265a8451d,0,14888
3a3842d1-d803-4374-a17d-b5a37e8024cf,1,3956
36ac7bd2-34b4-4551-96b9-8404ec7d9079,1,3519
e02a2f96-be73-443d-a96b-9bc053c3ed6a,0,22938
c803f210-4cf1-4914-8399-5950ee8b95d2,0,20210
526667e8-2694-473c-a5bf-2f1ccd56e637,0,6734
9747a71c-4946-4df5-814c-4129b0fafe80,0,14620
d8adf370-83b9-4852-bedd-6e180fb95d9b,0,22087
9fc06af9-a9d4-454d-bc5e-22eb2d2d975e,0,15606
6452c673-1a45-429a-a2ca-df17ca4ec27e,0,8778
c475fdfe-d6b3-44e2-930a-fce8f353299f,0,19771
727363de-e983-48c7-b73b-7eb58f68ccc0,0,10517
669f22f9-a27a-4aef-ba95-492fbe0dcb8f,0,9076
d6391e47-57ef-4f91-9404-2c11b7707f1f,0,21810
0faf6966-6439-4811-9f89-326f70c214a8,0,1219
49ee0424-95fb-45a6-bc76-f24d06db7ac5,0,5761
7ddb37d9-786c-44df-8591-d53ee3e0426e,0,11801
5208153a-cce9-424f-8a02-1b2ffccc6b41,0,6694
a87fca97-b625-46c0-a9af-9456c03aaaaf,1,16638
ad89c9de-3e31-4bc8-b8d3-757a76d64af3,0,17228
ab46a2e2-5229-43d6-a473-462948d545d5,0,16959
f1fb971a-5f8a-471d-b4b2-d69108ae6e5b,0,25058
654ee294-ce1d-46e6-886a-6e59dd966da5,0,8914
ab6db814-4920-4095-8d8b-3d5f2450c156,0,16975
56a7f91d-3ccd-4be6-88a7-659ebb9f3829,0,7225
e3c7de22-c9e1-4cb6-9278-67a7b7d9b86a,0,23359
8760bcf7-6545-4d43-8996-39d5abe8653e,0,12833
610bb23b-30af-4868-8d53-f90cda513fc6,0,8405
b07a3786-2c97-4204-8fa3-4b303d4d655f,1,17564
a30808af-7822-4f47-beaf-0c1a840cd980,1,15984
9373e0be-021b-4ef4-b7d8-973ea23caee3,0,14196
8cf8f8ba-1d91-4e30-bed7-ce1ec412d7da,0,13479
93b54ae1-c434-4543-bf7a-9e37e4790b7e,0,14234
3036ca10-8d42-4749-81e2-8ed235a6a567,1,2839
988c7eb0-540c-4839-b68d-df1d584153c0,0,14767
5e61818e-7ea7-4580-85e4-b1d0e3b88ed3,1,8090
6585a8f4-0489-4818-8188-f11256ff98aa,0,8940
85c3ed41-f0d8-40e1-b439-0607ff697619,1,12665
4eabc5b6-eb31-495c-ae71-baff48d68912,0,6302
8097e7c0-5bf4-4884-b4f0-0c82d2244ec0,0,12134
7704504e-99a8-4213-b54c-9fb0879a339a,0,11025
5cdfd11b-4f57-41c4-8c82-4490eb2fd2f9,0,7913
07705011-0d7a-46b9-ab51-b4d5f2bd495f,0,487
690bbb39-1b67-4af0-94eb-7d1209e1ecef,1,9350
07ec1c73-c77a-4b43-bcc6-96f94cbd32ac,0,536
62419684-59fa-41c2-a663-73ac0b9b0b5f,0,8533
a8c785a7-c983-452c-ab25-f595bb5678f0,0,16670
b6426ddc-ac86-47f6-a0e8-080561b3b919,0,18227
a332b7c6-2db8-4158-a01b-ab2baff58cdc,1,16000
3cb38303-bff2-4378-ba4c-35aea41ec0a8,0,4251
b22a1ca8-6580-4618-99ae-fb2ecca1df83,1,17758
18b5d52d-78e4-490a-a766-af881acda223,1,1852
f5ccd1b4-4b99-4c19-933f-5408ed0bebac,0,25496
8c7ad8e7-43c7-476c-992e-26312e5b3362,0,13413
f05f4e3f-443a-4f89-8334-31735a43d84e,0,24863
590def43-a762-460d-a25c-24f1d49859e7,0,7500
f52d8346-4c50-4788-9302-29b043356ee1,0,25406
965d78b9-7dc1-4e94-85de-b750c9e0213c,0,14524
6ab9618a-7d03-432f-8874-8596de1bfe26,0,9582
c4ac5bf6-b3be-4acb-b8c8-a3d9d2a99647,1,19801
292aa643-7569-4ef7-8a51-12b62440a2b0,0,2548
7802c9a7-66c9-45a2-9005-ba61a5ea588a,1,11131
79dedd38-4d3e-4787-9afa-708797b1592d,0,11353
1d80b0ab-2dfe-4d28-bb01-e0b60a3ce972,0,2106
6b61fa3c-cfd5-4692-a1d8-3ade60a5762c,0,9666
49290f12-f460-4672-b38e-f059d2ebab14,0,5673
cc6f87b6-4eed-4ace-a7c8-0717a4c08293,0,20720
5d87eb2a-86c7-4dd8-9145-96c7536713fd,0,7996
3c4ab309-7722-4a52-a340-868b0417a0cc,1,4203
90849bf6-c078-47c5-a407-1e3fe1d006e5,0,13883
494b5858-a56a-4016-a4ab-be74c50128f5,0,5687
4ae5c39d-a13d-44f0-b274-185dc31036c1,0,5869
42542788-db65-48ef-b370-2a46e754b30d,0,4901
74f69a44-9224-4c14-a6a4-cffef6d1a757,0,10797
eb2b4101-f03d-424e-a141-565262d0e84f,0,24246
1a32542e-bc47-4703-82a7-d88bedc8c07d,1,1966
cf398c87-70a2-40f9-aad1-12e30736b888,0,21045
0b034d2e-2e49-444a-a7af-cac91c2c01d8,0,861
ca4c5a67-2f27-45f9-ae0a-72ebf4982c40,0,20472
ae76e24d-14d2-4937-aaae-3a2b0aa0e2c6,1,17319
980bedbf-2f34-4596-a7cb-ec66fd1ec4de,1,14712
58d71b03-41d0-4009-aa4f-e192589dd41e,0,7477
6a564802-a75c-4a40-957b-110303263bf7,0,9516
0b1ee3f4-f6e7-4c92-850a-73724e5b7bfc,0,870
fd7fbc4b-6bdd-47ca-90cc-48be40f1c089,0,26386
df039a9e-c7ac-4409-aeac-7a0697c05ffc,0,22804
18eb8255-4e16-4f71-8ea2-1a8749cbb488,0,1871
2435fdf0-87b7-4ac9-b84c-e50f368ee32e,0,2343
4c20ecd6-cc1e-4b30-a276-8c57624d76ea,0,6012
a16853df-bb03-4737-83af-02e8fc3f2147,0,15801
a8a49a6e-55df-42dd-8962-c239609f5f57,1,16660
0582f503-a451-448f-87a5-a67589c5f7c5,0,276
d3838990-7dff-4f11-b1c9-861e9cec98c3,0,21512
e9b7e142-24ba-4d46-83f6-1093b4bef4ea,0,24068
81283f1c-2496-4a0e-8889-3a0245de88a5,0,12188
dff7255f-885f-49d0-a6c0-96ff8404e04d,0,22905
e14d98d0-6805-45cb-b4c2-2edeba5965b8,0,23072
915023f7-c83f-4819-9982-7d5fd43296e0,0,13962
97051761-057a-4deb-994c-a2a9b2695d45,0,14592
90c11eb9-d657-4d9c-8fa0-5e092059a62a,0,13908
03a3a168-1758-4a21-8766-fd73d9c15358,0,173
71f400da-5f22-4731-be8a-e86919df1a2c,0,10455
d7071fbe-b223-4a08-bab2-f378ed039c3e,0,21911
c4bc45e4-b893-464b-b0a5-df5ef62dfa06,0,19811
7be07806-aee9-43a1-9240-62dbcdc9d79a,0,11580
9e7bd306-471d-4c5c-aa53-a9d24e0779bc,1,15441
698aa83a-eef7-433f-a4bd-16b359967d93,0,9422
0f526bd8-4383-4b59-8db0-7ed03e41c142,0,1195
d8e85dea-a9a1-4c16-94db-abe323de34ce,0,22111
5f120f4d-841e-4716-b622-633ff6c16672,0,8168
7cba3619-3544-4149-aab4-a2bc27f0ff0f,0,11685
c7869ddf-64cb-4640-9b39-8b7ff5668f8e,0,20139
484eb1ad-b27e-4ff7-84e4-402753501616,0,5585
9ed27b99-3235-476c-a752-abdc005fb46b,1,15485
f8024b23-e4e2-4723-b372-0ebcd2a205b2,0,25732
f65e81f1-e1b5-43d0-8815-f9004343ac56,1,25552
2017d9e5-6f8b-42f0-97e1-ac5d29f9de60,1,2199
5cd0fa74-fe44-40a8-9cb6-8da3f767d8c9,0,7905
922883eb-afd7-4314-91f4-95e8e3567f4d,0,14055
9dd4b75a-b61f-478e-ac67-3cfa6a4edbad,0,15361
547986f6-74a2-4de1-97df-440d1985f5c5,0,6975
de5997cc-422a-4fc2-9a85-cc2b38b260fc,0,22724
6c3fd3b4-399f-4c21-ae3f-aeadf589962a,0,9776
3482d22d-9a14-4b38-b28b-6f7b93a78e43,1,3264
976c9dc0-dc5e-40ba-b9e3-a638bdb2db21,0,14636
7c3b333b-e807-42ff-9cde-46b763ff1e7f,0,11623
8ca3384a-3b54-4b22-8c97-628d45a715ab,0,13437
2f6debad-7dac-4feb-beaf-61f75ec38eae,0,2800
83ad6202-77bb-40bc-b01d-6921d731f210,0,12464
240623d8-8d6b-4bd1-a4ad-6b34fba65f07,0,2336
b75b2b8b-971d-4eb6-8b4e-f87a659024d3,0,18344
27c98d87-8bda-4d17-847a-2732aa50e55c,0,2483
cbefe06a-100f-4e77-8fc2-d8af7d0e4cfe,1,20664
54173812-e677-48a6-a916-b290b061ea31,0,6934
53da51f9-d894-4a24-9d1c-513b6c1433f8,1,6903
5b5af702-dd0a-4b1f-9c97-1963d498c42e,0,7747
66e03e66-45d2-4f1a-ad3a-b36afc954bff,0,9117
63a31649-0f02-4f02-b071-4214b942f195,0,8708
f145236e-77ef-4cc3-8289-85a020b56c5e,1,24966
f2a43464-f2a3-4cb5-a4c8-b8fbe8553813,0,25136
4b59a919-a8db-432f-a60e-ce67bf52c6b1,0,5929
14d6efa1-b137-40c0-bc77-d512b2ed0695,0,1424
4cdad8a3-fe24-4a6f-8c64-bcdff3dcc453,0,6097
42ce26f3-8606-4143-9fbc-70d461ce377b,0,4954
09f3a088-a8cc-4fb5-9f43-c0b150828cc2,0,762
2f873371-c1a7-4c07-9470-3bbcc201832d,1,2804
aeee2758-efd1-4e6d-b0df-b1916d1c1085,0,17382
7b3a085b-9c19-450b-8223-f6667774817d,0,11496
05eebe4c-bca2-40d4-bb20-54fc60e2bcea,1,308
74321b39-3aab-444a-893e-fa743ddc9224,1,10710
ab02d89d-7ec9-4254-8fc9-5be1f532c743,0,16928
f59d592e-2807-4dd0-8e56-810be8c02fac,1,25469
79b34f64-0c0b-458b-82c3-95f938d3ab08,0,11336
4cf82164-6678-4864-bbc4-5a93419424f7,0,6106
fb38c12c-50d6-4d3d-b6b4-84e2ee60f9f7,0,26106
df1c0a76-2153-4a33-a4b4-dbdbdea43634,0,22818
c3412cc6-a0e9-4278-a8e4-b587d106988f,1,19617
54099dc6-3e4c-46ca-b675-cce4b65aa0d3,0,6925
b1d5d7d3-774a-4894-9575-73a4c7163494,0,17728
7d93788d-2fb5-41f1-ba86-477681241879,1,11772
9177fb1f-daa1-4ca3-8dd0-fa2dc7194bd8,0,13983
f47ff61f-e517-455a-9e14-2e8daf40ddc6,0,25346
f03b0ac8-3465-447d-8788-3da6f30e7994,0,24846
18230da7-8929-47fa-97bd-0c4f570867ca,1,1782
c4c780ea-c3f3-488b-94d3-82301a1160c4,0,19818
059f1e59-573c-49d1-ac78-3323a2ff047f,1,281
78c9057c-9d17-4124-9e6a-a634ab85275e,0,11227
4769fa12-e694-48ce-ad4e-0628e5dd75f0,0,5482
bbc1e8bf-b669-4629-9344-cf21dc40c972,0,18860
eec1f97e-431a-4e44-a063-6116afc25838,0,24674
f6676d12-7621-47c8-82d0-2bf385f89e38,0,25557
55bf665e-e53b-4320-baa7-4fdaa54447db,1,7126
883dd87d-faa1-4500-a413-15e534941d99,0,12935
e51070d4-b3e5-41b5-984c-e535cb629e21,0,23517
62bedf60-be08-4777-a0e8-eb0a98bbc317,0,8596
4a14b91b-eb5f-437a-9364-639af4ce3753,0,5781
78ec6068-25e2-4965-a016-19efab9e9280,0,11250
0989935f-d8e5-4b59-a72e-077da14ba7f6,0,717
7f57a568-9ec8-40eb-9762-ce5831ba29c9,0,11979
52c13b33-0eb6-4d1e-932a-0b0fb56e391a,0,6775
273d9710-bda7-42f1-9068-ebe364b44128,0,2460
9b836925-b316-444f-a645-e467ff20e089,0,15132
a98c1f37-66a6-4670-add8-44dfcac0fc77,0,16775
961e98e3-f5d5-450d-9e98-04f83fcf47ea,0,14498
f64ad96d-2e62-4d8c-96d0-bc2e99b4a1a7,0,25543
595dc1f9-88f2-44e3-840b-cd26b166337b,0,7543
78834a4d-5eae-48bb-a7c2-77c17d3f2ab5,1,11186
fe0e168c-b5cf-476b-b8f8-4de4c8707db5,0,26437
69affe5b-c780-4488-8e0b-4de2e1c014d5,0,9442
1ff1ebfc-d6d4-45bb-9d67-198e7ed13c40,0,2193
5ca656f2-49b6-43d5-ade6-5be4d795b06d,0,7894
a8860ea6-3b22-46d8-a2b5-c9a627fdf408,0,16642
ccd2d3ca-cd9e-4ed1-a4ea-e3989c590e4d,0,20767
e1345033-5d1f-479c-a87e-bd0e20d47272,0,23061
e57e3de3-4a47-4185-9ba2-cc4b3b998bc8,0,23581
52f85606-4bd6-4947-bb43-fd2d4d1147c2,0,6801
7ec37029-81cf-4980-89ab-a05a692178e8,0,11912
a7170988-66ea-4448-bfd7-d64b06d33753,1,16476
e7ce4bbd-353b-4386-889f-5510189cb492,0,23860
9f579871-0644-4b33-8547-240b76dbccdd,1,15549
7148495a-62af-4fd3-9624-87732a50d59a,0,10365
ba8bb1f1-d1a7-4315-b27e-795db9feae0d,0,18715
ec8593ff-4f35-41d6-9d66-d7b7e06ce3ac,0,24412
354c3756-43ed-4921-adf8-60be49a8b7e8,0,3362
b90528c4-72d0-4e42-9873-6a3bae2edd51,0,18529
c510db11-bc09-47e0-b144-a70a96b8d7bc,1,19855
5feccc14-e51d-4c12-bc60-4cdf83014ee2,1,8279
f95dd310-be6f-40b1-a6c5-b293aef2357f,0,25877
c7fac87b-f1b1-4945-ba43-305a70c033a5,0,20202
e92275f0-6120-43c3-9b7c-2ef1d0104358,0,24002
b73be0ac-9f24-4635-9935-f64c89a07c57,0,18324
fda9946c-adac-4be9-a57d-c1ee75887c3c,0,26395
830029b1-3429-48f3-b13d-c7c611865d6e,1,12380
6f4378d6-f017-45ed-91cd-b28f579506ba,0,10143
a974ced3-da4c-48fc-8279-8f37e703a409,0,16763
73cf4830-0084-4a68-b115-22f713d1387d,0,10664
75dd76df-41a8-4b61-b42c-1f0df570be3f,0,10901
cf972338-3717-40a6-8222-b65cbd8e2ef9,0,21082
a3215a02-302a-40c7-ab0e-e1159cce77f6,1,15996
9f10dd1b-c139-44cf-bce0-c6199f4c6e13,0,15520
f8f07e3d-87d4-4c60-a905-a9f7372f79cf,0,25827
f363306d-1c02-4182-9118-17e28d66d265,0,25217
835ee399-c15a-4256-bfd4-2c3e596cd2a7,0,12430
ae625e8a-042f-451c-914a-1184aebaa97e,0,17309
ce1bca7d-6c35-4778-b310-c3d916111534,0,20922
c591fcdf-b868-480d-bf34-13ae48de1d64,0,19915
9922146d-a19f-4889-80ca-d6f802118fdb,1,14848
91df7392-2f3b-4390-bc58-c7e8b36d0c73,0,14024
f6e624f8-75fd-4f03-9119-24a617008e2b,0,25611
f9c431ac-ade5-4b0f-bf0d-14fbdd702175,0,25946
8c43bd14-43c0-4a37-a6f3-6db6fce90725,0,13389
793a56ab-71fd-4bce-b9fe-d25c63d93459,1,11282
d8e9ec9c-eac0-49b6-a983-af4970fd01c5,0,22115
5e49c8fe-ec55-4fdd-a136-78538f480898,0,8076
39cac594-7f2b-4505-b43c-eb3e76c1aedb,0,3900
aadba986-0054-4cc9-abf2-48e2c5399b46,0,16914
13aa11f7-b15f-47d4-94c1-4ded9bc8ab16,1,1374
01fe92f7-ff87-4f9e-9077-e00e670d1b47,0,105
6cdcd463-82a4-45b7-b780-ef366f9ecc62,0,9852
b2dca982-bfb0-4201-9a43-255cb277682d,1,17834
e03b8d46-b642-4135-b0a5-23194bdb25ee,0,22951
965e93d0-93f6-4a71-9abf-847027df3196,1,14525
0f4c38f3-854f-4f74-9051-59c801a6c859,0,1193
f9788fca-99e4-4e5d-9c27-d75e4ddf7745,0,25894
42e17478-6066-40e5-9855-6bfd45bff1bd,0,4962
08f095ca-158b-4c84-81c1-8f2cd7e20184,0,640
8ecf57a1-3117-4baf-851b-9919d9873860,0,13688
9ad086d9-c2c9-48c8-9c03-b7f44decd8d0,0,15056
a04011ee-5f09-4a3f-a916-e3bbf269122f,0,15661
b11a86fc-8db1-4a1e-90f5-8c07ab29cd99,1,17633
647b7bbc-5cfb-4776-b157-838a4264d318,1,8810
9f32b6af-9111-4682-81c1-ac02893d70cc,0,15535
aead3682-bdf4-4f43-8468-8e6ac3cd41fa,1,17345
8eb51db4-ac8d-4a83-b071-53fce028dd27,1,13675
6f648895-e84d-40a7-a8cd-b3c0d9677a91,1,10158
dbea4851-d8c8-435f-834d-b0895ab0475b,1,22457
f76b1745-cadc-4b8b-af5d-12ad18cb6166,0,25660
321b9103-0c96-4719-912d-b9b94e222077,1,2989
83a84764-2cba-41dd-8f86-a19892b7b4a1,0,12459
dc512fc3-2c66-4e46-83f6-9d77721a1b15,0,22506
79fa156c-c4f5-478d-a14d-80cc4db5cb8d,0,11368
b9a77d83-e154-47a8-8191-bb6ae5842eae,0,18599
39d614d3-7077-4a48-813e-60e8b36734fd,0,3907
3afea858-8721-468b-9e94-b795d195ef62,1,4046
eb961991-d205-4a3b-9a8b-93707f4298c6,0,24294
f5e587fa-9b99-4e6f-a0f6-b510bdad6183,0,25507
2e137828-88e6-4a95-98b2-20471c749937,0,2737
670080d5-d370-4c5a-b617-f5409d52a88d,0,9136
69399256-522e-4404-a4ff-67f49c711f8e,0,9375
85cb9bb2-db1d-4bc4-97e3-9ee103e6a512,0,12667
03df15ef-8653-44c6-8088-4242a5073318,0,192
a936ffb3-f98a-474b-b319-a87b0baa63f1,0,16726
55ee9345-8d62-4380-87e6-a6df8adaa8a9,0,7146
b684712e-93c0-4515-bd86-4c07825d8c89,0,18252
37cee605-4445-412a-95b3-009af9f59edb,0,3653
dc2671fc-28ba-4f61-9a9a-b5c183b50934,0,22483
8ed37733-e182-4508-9785-5a546fd41557,1,13690
8a6e9b61-2387-4512-88b4-4ca8938511da,0,13176
ea083eb6-6908-4457-8155-8b3fd4b56f67,0,24100
b12e250e-9e7d-474f-8afd-9546a6ef0afd,0,17642
4e90a086-288b-4926-a33d-5c3c876c3e06,0,6291
7aeb3671-e373-4144-9393-6d8381113eb6,0,11468
9c3589b4-be26-4ea2-b47e-fa71b2ba0eb1,0,15204
345e6018-89b7-41d0-bd33-2350c1c60311,1,3247
9a1aa170-3343-44e0-aa4c-06b44bdd91f5,0,14977
5ca5e850-dfb4-42fb-b5ec-e78d78a55579,0,7893
7f1e4c1a-9565-4cab-815c-48851a322595,0,11955
f4b0d823-4c8d-42ce-8e1f-9695227bae83,0,25358
612c89df-cde3-4bea-9263-8b8b69e98866,0,8423
b5b8917f-2522-4f01-9c21-8e05e206e445,0,18168
852a3e14-dd80-4965-847c-913e49c53239,1,12596
d783664a-fef1-4959-8d09-79c25870dfe7,1,21972
83b638c0-32ea-45ac-86b2-a120c34d1b40,0,12468
a8521ca7-b65f-42e9-83e2-f3dddf811eb3,1,16614
9ef8d80d-51c6-4bbe-865c-825d84311b65,0,15504
5e0f0b51-0494-4328-91f5-74903b246b9e,0,8052
07cb515b-230e-4447-9f1b-d172e7840dd6,0,523
6cc52f7b-b56a-461d-8b3b-721ff750df6e,0,9844
e54f1e19-3d46-4d53-8575-2a7863fe0240,0,23550
eaef5d96-b6a0-4bd5-a392-dc88db28db74,0,24216
e56685ab-7fc2-40b7-ab70-c69da0e93449,0,23561
47eb3487-24d7-42de-a896-367cfe7bc894,0,5536
b358a4f5-330d-43fa-a26d-4a80e7d5b410,1,17885
3857408a-0d0c-4389-bf01-6284b714193b,0,3717
d6ec5711-f4f6-4548-8ea5-b002ecc19423,1,21890
5c9436c8-eda2-4db2-bed6-a36c24efac94,0,7889
39bbac64-a9dc-4fc9-ab4f-1c61e4627ac0,0,3895
82e7e1d7-862f-43c7-b8d4-b2281def64fc,0,12368
44c61fc8-0540-4180-8914-2961879067ea,0,5161
67128833-fc5c-441a-8467-875a513e0bcf,0,9141
68fdc6d0-bec2-4ef5-be57-21a825e1d873,0,9342
4349c153-cfe0-45b4-84a4-3f3c88c11288,0,4997
77d8f15c-4686-4898-93eb-ad80ea92a803,0,11118
47ce4b34-bd60-4b9d-a1a2-ee71f6305bc8,0,5528
34efc01d-84b5-45f3-8437-c7b78cd8e5fd,0,3319
9984ccca-7c14-4931-8d35-733001ee0a20,0,14901
3a23c1d9-6a57-4760-bfc4-ab335af23a91,0,3945
9d5031cd-338b-45b9-8bf0-2cf09f3b8e52,1,15317
0d4192cd-b111-45df-86f6-712b04dad4a9,0,1096
fefb28ce-8006-4fca-af2b-5dc1a4290772,0,26546
a83ae3a3-a527-4074-be25-534ed223654e,0,16605
d1087f80-e2af-434c-a294-21f6c93f0fc4,0,21245
8b182c85-6bcf-4e38-9c6a-839d5d4dd9a9,0,13257
f9e219c6-6963-4c2b-b628-2db1ab7d8d78,0,25955
cbaf7d25-1da0-44bb-9607-20de66074c9b,0,20635
8be5d4c2-445d-4a79-954a-7ff38eee5f9c,0,13351
a8726a80-9831-47a5-8625-7c3121564b31,0,16632
692e6a56-4cd6-4500-8712-2e647c43bb1d,0,9368
c9081733-79a7-4a7a-8e44-2b5891f9ed51,0,20327
1b26e086-834d-49ec-b0fc-d2fafccb4aa6,1,2002
b7ff0de1-7dee-4c1d-be5f-868a24999982,0,18422
7df521b7-d682-43a5-a49f-080d1d87070e,0,11814
677ffeed-5208-44d2-a43f-cbe64b7a5cc7,0,9187
41465bf6-3a00-4ba3-bdf9-f6066857831d,0,4774
9f64470d-14bd-4cf3-a27f-f7fe60ef9df5,0,15554
a4ecd6e9-2d49-40ef-9d1b-3e9a0c20a14b,0,16214
aa8346c3-64b3-43b6-b923-dce2422422e5,0,16870
a551cd16-3064-4204-8410-86831370ad61,0,16266
4d4f2027-a6cf-4718-b180-7045c478908d,0,6140
8d5a8a50-a29f-4226-958d-f9e5bc27ff40,0,13518
44b60029-338a-487f-b4a3-7afcaa4f1e41,1,5150
c6eddcf0-6d58-46ba-a794-874b03b93e28,0,20074
20fa542a-4930-46eb-8e1b-3e938980e6ea,1,2227
f3d18e27-278c-439c-bab4-3073cae12b95,0,25263
b8a18a7b-502a-487a-98aa-0edd1c1126cb,1,18489
6516ac3b-60e4-499d-b8b1-83c131fa45fe,0,8880
45058a01-5993-477d-abeb-6d12587d1360,0,5196
4fdaf559-ea65-41e6-b80f-191cd8310928,0,6451
4ea20c39-523c-47df-a386-e32ca90ebdb0,0,6296
a696320a-43e2-4f36-bb75-3b435ddceccd,1,16409
4ec56f3a-f4b0-4a4d-a3b9-fa78827b269e,0,6315
e02e0031-7d4a-4f89-baf9-db0f07952ca8,0,22941
ae7d847c-67fa-427c-ab28-58ccac0b46ef,0,17327
adde381e-2a52-410c-9e75-3481e0fc8f18,1,17254
4b92f925-74f7-4941-94d7-0883aebab46a,0,5954
80b493e1-a3a6-47a2-ae68-6a502c081507,1,12147
7f05b70f-2ad0-4db6-9e05-6c2baec8cd52,0,11942
5e05900b-7a1d-4cd4-b43a-189fccc7642d,0,8049
6735932c-c8ca-45d5-be56-1ff682a3182e,1,9155
425f3402-d4c7-451e-a68d-db11e70e2183,0,4906
bd6d6284-0c13-454a-a41f-c84ee6c1dde4,1,19065
274bfd01-cec9-450c-b231-1d17165cab93,0,2462
df8c34fe-4d9f-41e5-9390-2319b289eb45,0,22862
46c93b1a-d220-4d35-a546-13151f5c2326,0,5405
0a29f841-b738-499a-bc8e-0589de77ef82,0,776
c9965593-c591-4c07-946d-32682f8e3296,0,20385
ffe9ab5c-9d39-4235-9ade-d725dcad6b76,0,26672
e6237a2c-514c-477b-8e79-727ebb9436a3,1,23660
1f0c275d-3f1a-43ea-b24f-8834447f3bc6,0,2152
5c0149ad-fbb6-49a3-bd2d-de30ee0db938,1,7819
a1eb8477-6320-4944-a0b1-eeaf21f2738f,0,15851
77252ca8-2220-41ad-bb30-f4be1fbc7b5a,0,11042
9a8d7f49-ec4d-40db-998a-a1b81ad9ac52,1,15030
7acd0af3-76d5-4cc3-8fd6-102b8ea4ce04,0,11451
f635fe0d-8ab0-403c-9bb6-06224fe5e5ad,0,25538
e9e098f1-df3f-40cd-8361-49681c566b28,0,24086
4aba293d-7a65-41a8-b6c9-d63ffc8a1a14,0,5850
4bc1e1af-0526-4e07-8418-d7072880e19b,0,5981
cb207079-81e0-4025-9219-e7331cbb19cf,0,20568
6f1c4ee6-9820-40f8-8fe4-c5795f6e241b,0,10119
d18f4964-da90-4c37-bb7b-4ce1b2bbb6af,1,21306
63d3424b-86ad-4379-a67f-c5e0dbb72410,0,8722
3cf312c7-2d29-463b-bcc2-2a7e074d1d06,0,4282
d055f31c-04a0-49ea-b091-56e88b837f97,1,21164
2081a158-b795-4a7b-bd76-be3e89a8c164,0,2212
1e83e240-c08d-4f0a-8236-d11a3f8d95ac,0,2133
c53cb164-0613-4825-8dd1-3317b5e957c9,0,19873
9f9c3d24-3a94-46ad-b83b-1e2a247ea866,0,15585
60f096a6-8c30-4796-9592-1ac0d82e9bad,0,8394
15508c0e-a6bd-4d3a-9be2-76466b9f7eb1,1,1444
d0bf4efc-423c-436a-87b9-1fd968e99f51,0,21209
5ba0c7dc-14c1-4afc-8902-7f6ae0189496,0,7773
38fe4a2d-b910-4eb6-9465-64a353d66c02,0,3808
f04fe181-ce05-4610-a226-dd6a44107f43,0,24854
eaa15476-0623-4fc0-b8ba-e24a7aa42ef7,0,24177
336c9afc-e140-4d5e-ab50-7b11809dbc1f,1,3142
c93a4ab9-f06d-4851-a596-7778ea749c70,0,20344
c4ea653c-ffa5-46f4-80ef-7b83b1abc16b,0,19836
729c9ee1-d716-4b76-b5e7-690d6e914ea8,1,10539
4212e538-53db-4327-8028-b429230b5030,0,4878
be1a004a-5911-4b0f-a431-bf909eed1e60,1,19144
dac04498-4cb5-4bf2-8ee3-0564b3e85387,0,22328
0bbb1ff7-dba6-4d5b-affe-b3ca0050d965,1,947
f3d27f70-4d3e-4785-be48-3ec3b385aba1,0,25264
b960ada0-7202-4e29-b413-879218512d54,0,18571
755c7169-e84a-4327-a4d6-b0ff906a88f8,1,10844
eb5303e6-4591-4a5e-bdc0-409988dc34a5,0,24263
40cf1491-12c9-4779-a091-6cc20f823930,0,4725
63ef9b68-0489-48bf-8a97-77d2c92a9c5f,0,8734
401a7008-815e-4778-92b0-923f8aee904d,0,4631
b3dd5571-cf7a-4538-bb22-12ab1d62cc90,1,17940
b49817f1-54d7-4748-a228-a9cc7834168a,1,18044
9836d1d6-e2e9-4070-8f44-cd1a2f6a8607,0,14733
994dd47d-e68e-4dd0-ba14-e7681023d9e0,0,14872
f1870dea-e477-4579-9e7a-6f20d871de4d,0,24995
dcadb2f5-7f98-43ae-83d6-e9e554b170c0,1,22535
b82b06e3-bebf-4d9e-a0d9-8f11856049cc,0,18442
572904bd-04f5-4378-aba3-994135ad7c61,0,7286
c31be560-cec0-4ada-b2e1-be51c2e8bb22,1,19603
8d0c5b73-145f-47f1-8e50-563b44e4cf7b,0,13491
594ae57b-2553-4a94-ae3d-197219726f2b,0,7532
ce5d54df-c485-4d0e-a377-3aa4a6075c97,0,20945
4978d51b-8093-40ac-b4e4-11aeab1afe09,0,5707
7413e93f-a32c-4d1a-82bf-363b67f4a642,0,10694
fd301529-5fda-4251-b01d-b879cdc0bbe5,1,26339
eb2225b3-b09e-408c-8c48-27b1bad103a9,1,24240
c8a6b62b-8f1e-4b58-9df1-0892a4910bcd,0,20281
4bb37834-4160-4364-9d9f-89bb87728917,0,5974
50d3ac2c-2a61-4f81-a4b2-80049dce0770,0,6569
a2d7192f-22d8-495c-b22c-c1e56b59d3be,0,15951
424a64aa-28bb-4f8d-b6f3-f600603300b7,0,4894
eb10b7c7-fc94-488a-a5a9-704876d78ebb,1,24230
36042724-581b-4459-a45a-603beec0bdf2,1,3450
fd78ad6a-c1ea-4ebf-826b-55bf09cfceff,0,26381
85b0dcc8-0454-4778-a426-82c3589b5751,0,12656
eb832732-4c11-4126-bb10-f95eb61608bc,0,24285
316fab3c-9214-470b-9fac-594f87ab92bf,0,2909
5fb80d4d-2b6d-4f26-a75f-5df4895f5779,0,8254
ed91ac89-5d37-428f-8caf-22abb970defd,0,24549
b8c16a00-9fe8-412a-8a3b-972fc615eeda,1,18500
9c91adc4-bb69-4e9d-a1d7-951c6fcd5f9b,0,15244
d0d3ea6f-cfde-47a5-b01d-2526e84b7f3d,0,21217
5a5ca5cf-9497-4112-a8e6-6090bf7f5dcb,0,7642
d5e9f517-48f2-4eb4-9ef8-1fc91ec9490e,0,21778
c9c40af5-bf20-4889-9eb1-9ad3e9ec3413,0,20411
496d881e-186d-4035-9754-fc458d63e97c,0,5703
86d0a055-0052-4439-b40c-a0ed926c3140,0,12764
4c9eec3f-a90b-49b0-91cd-81629ff80875,0,6075
22f2d3ec-f7ea-4778-850d-bb111590202f,1,2284
0e240e03-8d4e-4415-a2e1-03ec36b15bfc,0,1135
2e1dc497-36cf-4881-8166-5552783eb2ef,0,2742
86746808-b97b-4a47-b073-973fa4babd3f,0,12730
fcc073e9-7cb2-44ac-81f2-1ebb32c88dc1,0,26297
4eac9494-9c62-4a2c-97fe-ecc62d8d4fa0,0,6303
99a6d1fd-514d-49f8-bf3e-ab948bf1c119,0,14919
f8e5348b-2284-4be6-ad2a-5a5973463365,0,25824
c874cfd5-20ba-40d5-ab4e-5137fee6ff80,0,20254
7422013e-dd88-4a98-bbe4-b1ab9202eeca,0,10699
6225426d-4e60-40f0-ab5a-7337c1ba5023,0,8519
5e1e25cf-f14a-407d-af53-486d088d7e9f,0,8053
ec781497-38d2-4892-aaa1-55c58eba3276,0,24406
9b94efa1-e2bb-424f-ad09-d4080bcbf66c,0,15139
e3ea360e-39fa-4dda-991b-bda35daca6c7,0,23378
238fdbc6-8081-4e89-a541-6c5a4f5aa232,0,2306
e32f53fe-c4bc-4a48-b47f-a9de7a7cfde5,0,23297
7123c0f8-b37f-4172-ae51-a32486ee3fae,0,10352
bfe7e758-97b3-4763-a91b-8bf559c143a4,1,19367
bbe15fbc-e79c-4206-a901-5b23888f8a8b,1,18872
45300d8a-45dc-4afc-8fcf-8421d239355c,0,5219
c990ae93-4c73-4451-8c16-1b5f293ab8c6,0,20381
ddec92e1-ea04-431c-ad44-20f1328d30db,0,22673
c56b1137-e4d4-4139-94ba-b287ca43e318,0,19892
9115e87c-7fc1-4d6b-9cdf-436ea13c8c33,1,13939
e356eae4-de6e-45e6-a1df-ec51c8ccc1cd,0,23315
f52d03b4-5110-4ae3-aff6-b3993581512b,0,25405
f05d72e2-dfe0-4a1a-8c04-b34874b218d7,0,24861
cccbc576-3fe5-4642-91f7-262df5b32a76,0,20758
417947e1-87b7-439b-ab21-57a54ce3e0de,1,4805
14c9d780-c5d1-4a21-a847-9fee0ec3bd43,0,1421
5c12d325-ff79-4773-b583-747d3e6f5cdb,0,7826
59611489-9b61-4b78-a423-4d0ad4acf0db,0,7545
fa6f2444-e397-47d7-aa38-60302c4b454b,0,26018
01f11e57-5c11-4ab0-9312-d88c3826721c,0,99
f62228fa-f536-4720-952c-99cdd76d3c52,0,25526
14a17c79-36ac-4794-8f6b-797df627ea4d,0,1413
cfca5fb2-0851-49fd-9dfb-f7b063992b0c,1,21104
b76dd4b8-7b51-4cb6-8fd7-0b7365ef3e1e,0,18356
ab335009-3c56-4dc0-8280-77dee7889d5d,1,16951
56544b77-a82f-41d0-b645-019834478c9e,0,7193
72de59ee-6a34-42d7-8379-66af5f507bbc,1,10558
d2657758-2a6c-44db-8271-16018d87ec00,0,21402
17e5fca2-a7f4-44eb-9ecf-2fbfd4debf73,0,1755
35e2f247-6930-4b7d-bc43-baaa622cce2c,1,3436
f55de1b9-73f2-487c-b717-c09b047a388b,0,25432
1cf02f00-7c14-467a-9283-1f6bacf783a3,1,2081
7efb172c-23b7-4d57-bd57-bd461b9e7ca7,0,11936
ef56756e-aaa2-4fcd-a153-dcecd1444a64,0,24743
c5d0608a-f8b0-4ac6-8dd7-56763aefd75e,1,19950
ea16d87a-1406-46fe-af11-31c97cccc698,0,24105
e20489cb-8481-4722-8066-5a7506a7e7b1,0,23157
48201471-d1b2-4ddd-86eb-0cd6a898c850,0,5564
9213dc17-1267-42a4-a71d-546a4d994a4a,0,14051
dae4e147-89d1-4110-bbeb-90ac76ede50a,1,22343
99432aa3-8d61-4ff2-a79a-f0a0218d6fa2,0,14866
46fa57be-eafb-4431-841c-3a9258139fe9,1,5431
d7bc873d-d3c8-4ec0-88c2-61a508ad552c,0,21997
31bb6549-ca98-4586-b5d6-b0e9142e6ae2,1,2949
79e1733a-4ee9-493b-ab73-142e47f1e9ff,0,11355
fa1294ec-d2af-4945-b9cb-62cc2d6ee6de,0,25971
f45cbe6f-332d-4304-9124-58724cff74c6,0,25323
dfba3d65-2270-485f-bdc8-cc859e3156e4,0,22879
41e093be-6fc8-4087-9370-9d110bbb4565,0,4858
c573452d-d73c-4fed-9330-771a70194acb,0,19899
63e7e31e-5872-4215-a384-d25fff4c1b81,0,8730
cd458b1a-2ed9-43a0-a122-78e163e53d3f,0,20828
a29d2f91-e135-4810-b896-ee443666df54,1,15927
327b0e67-ffdb-4980-a5a5-da0eb0d8e13c,0,3037
73de3138-0f2e-44d0-b8f5-c38236f5546d,0,10670
78a76d69-dd21-4743-948f-75ecc275642f,0,11209
17bbf318-ef96-4dac-99e0-59fae5c60b56,0,1730
69500ba5-3cd3-4895-96f1-754605e70224,0,9382
c85077db-4498-4620-892c-06f13da71d16,0,20235
ec137583-2aa9-4afc-84ec-a1c8bc5f76a1,0,24360
7e53eeaf-4aa1-4e00-bf67-99261c5e7244,0,11857
22956af6-6152-4458-a39d-a45706b8a96c,0,2269
a70615e6-1c2f-465a-b507-5faec41c5b3a,0,16468
6a64c194-635e-4ab0-aefa-aeb2be0aac53,0,9526
3747cf8d-0059-4600-8015-e55b2313cefb,0,3591
acb0704d-dddd-4cf8-b678-ebe820443832,0,17121
bf4649af-b05d-4b63-8b6c-dfac44e5750b,1,19281
efbaaa0c-da33-4200-a62e-d7d9d48c58ac,1,24788
7a0105da-41e6-4500-8626-fb6e8f0dac5a,1,11371
69e20212-750e-482f-9ad0-1aed2911fa50,0,9462
43970f8c-5b6a-4225-963b-ed5dbeb38d19,0,5028
8ea7ae03-e510-4a0e-9831-1cec2fc9933f,0,13667
b50597a9-8541-40f4-9cf9-9bd2b165d0ad,0,18085
029a7647-5a1b-45fd-bae0-35e4fa49f785,0,136
fff50447-821b-4b72-ae91-22b0679d6d3e,0,26677
ff1c8291-32bd-4d9a-8c4e-570dca044bcc,0,26568
e32a1a4c-1b84-49d7-b32a-6f3f632e1937,0,23292
15dc3b2e-b1c7-4251-b5f9-4b24e4e20294,0,1522
95ac6614-fbe5-4fd3-b4db-972c24a8706c,0,14437
fcad22d2-efe3-4fdc-87a6-7710d37e9111,0,26286
1bf6fe95-9953-4e27-a71e-4dfbfa81e63b,1,2042
5c18e5ea-2649-46f8-aecf-e1264f0a1a2a,0,7829
f852e922-6bcc-4ef2-851e-7fcc81296ddf,0,25756
75ab9068-b557-498d-bdad-6927ffeeae29,0,10879
ddb0dc48-542b-4b55-92d8-89bb2a779ba3,1,22647
8962b22b-f986-4c3d-ae3b-8664f8e0a51d,0,13055
9aed29ce-85b0-4cc5-9dad-7a1aac9c28b5,1,15068
6a2e71ca-55a4-4b9e-ae97-a47a070fc89d,0,9496
582036c6-73da-4ea8-975d-e5a7bf295187,0,7396
9b995df9-5372-45f8-8ce8-4465158e86ca,0,15141
7e333f67-a836-46b9-be9f-3f4fce1b4c4c,0,11843
f40ca2b6-61d7-4400-8768-ffe697b9b48f,0,25293
efdc0dad-9627-40a8-8610-9c50f963c1c9,0,24804
742640b8-5c3a-4c8c-8296-18f5613758ff,0,10701
a36e7035-fe1e-4145-85cc-e893094beb3a,1,16025
c64d5667-a776-4f95-9e21-bfabafb07740,0,20012
591cd5df-fd61-4c5d-9406-a9620f19a202,0,7513
a4e1dd2e-791e-4ca5-a8d2-69a72c959d2e,0,16206
ba8516cc-aa1b-4f6c-ac7a-e34c5b2cda39,0,18711
0efbd9ef-d4c3-4420-924d-db1ff63200f9,0,1177
cea7e591-d6fc-4326-9555-432b9e1055f1,0,20979
f3769c94-c61a-4177-a75b-d10a652d7d54,0,25228
e3801bbd-947e-43cc-b069-a94c29673a20,0,23328
b36f8f62-bfab-4716-8228-8924c4ce666d,0,17900
4ea6ac6b-f0bd-4f26-9251-13aedb44db40,0,6298
839cb8dc-9716-428d-818a-6d466c71a5f3,0,12451
7281385b-4397-44f1-9176-6e7d72773eb3,0,10523
585d94ef-0f96-4c7d-89b0-535468af7469,0,7427
8adfe40a-6de1-4677-8dbf-e92f8281c432,0,13225
c21d6e3f-a2c5-409b-88f0-8b4c82398d3a,1,19484
5d39b823-e2df-46d0-8d84-c729c4852508,0,7963
7fc478ab-7eca-454d-885c-6aec22dc6903,1,12042
f2188da3-8dde-46e6-b94b-23ffd90126ce,0,25065
7d70f820-bae4-4369-88d6-26ae77141de5,0,11759
4bc8ce99-2420-48c2-a768-d067da67ced2,1,5986
ded29328-578c-4a2d-b656-b60340244e26,0,22774
83027ad0-2098-4d3c-a8c3-8f89a8addc39,0,12381
27775937-404e-4e1a-bef0-af5d63fc0b3b,1,2472
3247efbe-0804-4aa6-865b-155e6b9bbb86,1,3009
9f6aeb08-e848-49c4-9d98-a1464479598b,0,15558
b828a2bd-f615-42d8-a756-ec02ec7b6b6d,0,18439
3ee3e595-5673-4718-b2ce-b14c043ce08b,0,4500
e43e6efe-9caa-4885-9030-cd0b917e448b,0,23412
079269e0-96f3-4964-8def-b13bd0aa837a,0,499
666d06c9-eff3-4936-8673-f058961d392f,0,9046
902f777f-49d7-4e43-975a-ababb7a8c872,0,13849
b641f188-760c-4086-8e46-2a02e9815a2a,0,18226
8f02a470-8b8a-4cbe-93da-06b39a41db32,0,13715
71700acb-e58e-4f94-a8f8-a78d72c5fde9,1,10390
3843220d-8525-4fc7-b39f-2a8b0fb77987,0,3708
6b4bdb62-26f2-49c3-8177-7b9081b007df,0,9650
5d7886d1-6fdd-4bc7-9efe-613ac3dc034a,0,7986
11083a27-8a7f-42ee-bb01-cb4a9c95440b,0,1279
bdfea255-f9dc-4694-b0fe-d699aec5b10e,1,19132
ac49a32a-bc8a-4bdf-bb05-6c4a97f18d04,0,17078
006cec2e-6ce2-4549-bffa-eadfcd1e9970,0,22
e3b95b4b-b2e4-47ff-9e2a-3af2e6fea49c,0,23353
39ec1c22-b082-4d01-852d-4af1686cdc5a,0,3920
98e951a8-2b9b-439a-a4c4-f662a040635a,0,14817
c76bb471-3efe-49d4-bba3-afc8aceeee3e,0,20130
e67f0e84-51f7-47aa-a88d-12016bb864fe,0,23706
66e1239c-bcdc-4787-98e5-73ee2421add5,0,9118
b67ee2f3-c674-48b3-b5e9-bdefe3dc0176,0,18248
60bac9ed-c1cb-42ea-bc92-1ff6349928c2,0,8369
f008d8ba-adfc-4f35-aef6-fa0a94697ca1,0,24821
fbe7bc54-f73c-498c-b63e-c04a9008bec3,0,26196
f6514d42-39c3-4816-8c6f-214ca72b4f87,0,25546
7468319a-de5b-4b80-87f4-5cb21ab84429,0,10735
9aa4dae2-8ea0-4be7-84a8-3c710288a19e,0,15041
727dc837-fd38-427b-bf25-9c24b0476bcb,0,10521
07464097-0781-4632-90ee-39b0e53cd72c,1,464
b9a014f0-6ab0-449a-be4d-1911473dde10,1,18594
45931a5b-5631-4b6c-87b7-c2e75872f5a5,0,5259
c458811a-0a07-4e09-ad2d-4fa714ae6d7d,0,19764
fc79f981-816b-420f-8a74-10ef866c3198,0,26263
bcca16d2-1b10-4644-9724-701bb38c4790,0,19002
11a2e0cb-ee1f-4d53-a211-b8faff6bf888,1,1302
5dc2ed86-dfaf-4f99-9082-c2ba436df200,0,8026
68220b8f-0162-4441-b52a-c99c86264d87,0,9257
eb9725a7-dce6-4144-bb0a-09a825e2d8fe,0,24296
70a2c018-870c-4a1a-b3d3-d2647df5d30e,1,10284
7be8a9d5-5881-48b3-a50b-d28d03ef563e,0,11584
dd99f6f2-35bb-4b59-9625-4d0e75de2a54,0,22637
38ca6aad-7cff-4616-8d1a-0ef485eb0eb0,1,3785
ee4bf94c-e2eb-4ebf-9246-f5f611cd77d8,0,24621
c5315efe-b147-427e-b81b-d1cb0bba68ce,0,19866
51da5ec9-42d2-4d2e-aeb2-be7104a367ba,0,6667
6adeb121-a57b-4e5a-8732-8695eca3b7b4,0,9603
e063b161-8c89-4324-92df-d99acbe65aa2,1,22968
575c9f22-01b6-4a3b-bce0-f5cb8d3a391b,0,7303
34e19eb5-78d1-42b9-bc47-b043d97feefb,1,3315
056d6cc6-fb4a-48a5-808b-b775d29a438a,0,271
9adee280-aa0c-44c9-b4b3-feae1d1bb2a5,0,15061
219334b4-6696-4b41-90bd-0c56878ccbe6,1,2241
111c91e5-d8e8-4766-ac1c-04256d494b73,0,1281
fc79b29b-3030-4c00-aa30-5924f3c1026f,0,26262
e0c2789a-7073-46c3-858a-05753b99d31b,0,23009
d01c47aa-347c-4919-a82e-b90b7d3b164f,0,21140
65dc4d7e-6ac1-4e6b-8604-287aaf7cb1e5,0,8974
8249731d-189a-4352-b8a9-80b68bd84254,1,12313
754bdb4f-f279-418b-9b15-24edc96f7e05,0,10839
45800b16-7351-4fbb-a957-ab8d48a157ad,0,5252
42bb3786-228b-42c0-bad2-a081993ec38f,0,4943
88bd1d7d-c59f-44f4-b168-7351774d05c9,0,12987
ab173751-9a1a-491c-9cb0-404922df4a1d,1,16940
7b8414de-c38b-4537-ae2e-267692e313bd,0,11530
9ab07674-10bd-458c-86b1-541c3b69b944,0,15048
aec75bea-7a4a-4ca6-8e82-bf3f05963c9d,1,17359
345d4363-a4e6-47f4-97c8-9bbd22061ae9,1,3246
a50eef2f-3839-43d3-998b-b6e3bc0bc914,0,16229
d4911016-ade1-4a4c-86b2-7fc3dffb326a,0,21616
8f615e7a-eedb-4f8b-b6da-4b36dab3ed46,0,13759
f2f285d8-db26-4907-a795-c43ffbf0cad1,0,25169
11fcbe52-87f7-4074-85ac-153d5f255e35,1,1316
cd7fbcf4-ab90-4e19-967f-4ac8cbfdcad1,0,20854
49c04987-96af-4edb-b560-53c56a357cac,1,5740
f184f903-7ec4-4b69-8ac1-1f2d171065ef,1,24993
f693f17f-613f-4eec-8076-32b3d957557f,0,25573
6682410e-8b7b-45a4-b36a-bb3e5bc6939a,0,9059
c89eeefc-0fe3-43c9-a6d8-0d34c33c376a,0,20278
a10bf127-bf41-4e8d-969c-63963bd98935,1,15751
81b3ca12-841a-4c71-8fde-7fbcb835b6c9,1,12246
6135977c-f19e-4a7f-9e11-6fe03805e750,1,8427
962f381a-e4b0-4677-8957-187104bbe77f,0,14506
c42bd380-b98e-45be-8140-a337d0cb9143,0,19739
cbc1bba2-a09e-49eb-a8e5-169ebfca2317,0,20644
31d76acb-c15d-4968-beba-92d071417d06,0,2962
38236bf5-3764-46cc-955b-a55238db74a6,0,3691
cdb887ea-56a4-43a2-a3bb-d9f8a1541df4,0,20881
d0a2ca41-1f5b-475b-9cc0-b7efc4f19624,1,21194
e6a0201b-085d-48dc-abf4-ee031d23bf30,0,23722
5395762e-6e18-4040-ac79-3ecba8e5ba67,0,6868
ccd1784d-6a47-44a7-b51e-35c21f643415,0,20763
ad88578b-0a42-4628-aa46-ef6b0756c335,0,17225
e8b77cef-4d4e-409c-9674-6c6c3dae8729,0,23957
344486d7-255d-433e-8289-b522ed00f838,0,3236
91d34c8b-aebd-4b47-a774-c883f56c7d8f,0,14019
ba40ac09-3350-40f4-86d7-d0116a5ce26d,0,18682
c637b862-111e-4cef-a58c-59b40f97c2bd,0,20001
36bd8ee6-cfb2-48ae-a57d-dcea7ba8deec,1,3523
07120dca-52d2-4c79-84fd-a11f995df2fd,0,436
392fb6b2-c4d3-40aa-8041-9991f0e9998d,0,3835
36c3ea72-267d-4eb7-a0b2-a3e34acd2d07,1,3525
f1d14160-e8fe-4dff-af48-acf2c2c70eae,0,25036
527aa2cc-56cc-4e92-bb1f-34dba1fd8a5c,0,6741
4aabc45b-9505-48a6-8a29-23a09b13ec02,0,5844
8e6c607c-ee26-4c7e-a2ad-d721806044f7,0,13644
ef29a425-14da-4fcb-9a82-e89e5f9f94df,0,24719
335d1349-f547-4c69-a2fe-ab0da3230f44,0,3133
bc43c9bb-f3dd-4312-b55e-eb84882b7155,0,18917
c77043e1-0926-49b9-a059-8cd12bee451c,0,20134
a7b7222f-91db-467e-afb7-68f44f06c6a2,1,16558
9f978e30-810a-4ec0-8edf-f917216b0543,0,15582
a3389e03-cbd1-40b4-9145-eb431b6cc35f,0,16004
cff67d4e-656a-4c96-b1e3-412125e83a61,0,21124
b020667e-66c9-42f9-af4e-83fa346b60a2,0,17519
dec60960-5eca-4b1d-ac2d-b7ce2c54f535,0,22765
75549b2e-abb7-4a62-9af2-76ae403818b2,0,10843
dd28e18a-42fb-4bfd-a6c3-d1b146817ecf,1,22583
64febd26-2c07-4e4b-a71d-e55d856ed00e,0,8868
af16c699-3d7e-4733-b041-1e8dbc95f3de,0,17404
70d7f4df-5497-4205-a36b-e47b58145fa2,1,10307
244ce2a0-21d8-4f75-a118-dd5a51658bc7,1,2348
da523b62-a061-41cf-89b3-d4e2efce0dee,0,22287
88527165-a8f1-4859-9b94-a1300aa65659,0,12944
a2f902b1-e52d-4d17-bc4f-a407138f7313,0,15973
708849e5-564d-4e3a-855d-e1107874f513,1,10273
6067a125-b3e5-4723-bc09-0d502ade3894,0,8334
dc244dca-9414-4555-a2b0-935933366861,1,22480
32176b3f-d931-4219-a5f8-e2af7eff02b3,1,2984
6ae4184c-07b8-456d-8a73-e204b7a3cf6f,1,9605
a2f72e43-6b8f-4e70-a54b-00e5e855e38d,0,15971
08bc9387-94f1-4ce8-8958-15864bca9052,0,622
7b729a2d-0f33-469e-a9d6-7fa8861fbc56,0,11520
473f3632-c6d0-4a5b-9cab-f1c6d24a7424,1,5466
a4bf3c1a-f657-409a-8c1e-58b45070913b,0,16188
7ab9c4d4-6582-42bf-ba0c-6f84b60b0c47,1,11443
b73e2b95-d0a5-4cd8-a175-aadf06617334,0,18326
451f7a13-2d1e-41c1-9e27-367c4300a513,0,5207
23ec5265-20bb-4f80-9315-66ef0d7adef9,1,2331
8ccfe877-bac4-41f7-b7d2-391852bd3c76,0,13459
446ed45f-a926-45ab-a93e-3e047c2c7440,1,5114
1d1968e2-88a5-4d72-9237-caf4cbad9423,0,2087
b35a3c89-f199-4924-98f0-8d5beea4b41d,1,17889
842bcf94-610a-4fdc-bffb-80b7d60842f3,0,12514
31ab18de-1518-4300-b2f1-4d6278f05ef6,0,2942
fa110348-7f47-4528-8339-a8df940b6ae6,0,25970
bce0b118-a130-47a3-bfa6-d5b68ac6b8e2,1,19013
89a40d1f-3e1f-4295-9a4c-4d5a13c5af70,0,13082
a391b63d-c95d-41c3-9047-4f337e09add1,0,16042
3650da72-90f2-44d9-aca0-4670fe5884fc,0,3478
dedc62fb-20d8-4609-a5da-96bb6e27d5c0,0,22784
b96b2c1a-37e2-4999-ab30-2f7240c115f5,0,18578
a1212760-935e-4100-86f5-452ebc459de9,0,15761
1622a51d-3ae2-466c-a5c8-304862f69eff,0,1563
ae716bca-9b2f-4cca-8ee1-3cf6063593ef,1,17318
0793267b-ba31-4f77-bee8-acde7a571231,0,500
892c7112-9d18-48b9-952c-d6d29c08d8d0,0,13029
85802458-501c-4c9e-a8a9-ca558f0928ea,0,12630
4066e3a3-a87e-4132-b575-c77a96169d55,0,4675
9fd3c2a2-47c8-437d-a05d-e893fee688c9,0,15613
9746c15f-94d1-4528-aff0-8ef02ccccef0,0,14619
5b0b1342-d3fe-443d-8d18-9768811c5d7d,0,7713
a8f16478-b36a-4bc9-ac8a-75477d8ea168,0,16698
3b2d5952-ecd3-4e79-9ecc-908adde0ab99,1,4070
63307d68-2218-49fd-aeb4-7c44225f2c13,0,8653
da9f82aa-2477-4868-a41d-cc65ddbe2257,0,22312
32fbc636-5413-419b-8539-6e6a7cca9f4b,1,3098
3218b157-1f46-4da3-863f-9b97ae22308f,1,2986
275dacaa-e743-4fac-bc5b-99032af05c0d,0,2466
5d809cf5-357d-42d9-bd48-b93fd5bece05,0,7991
84b6f24a-c2a8-4c3f-bc5c-68ab2e5872d2,0,12561
c1592aae-c80d-4794-ab28-463905558534,0,19437
378ef52a-cbc7-4e92-bd6b-ecb4045508f3,1,3617
97cc29c9-1dc1-47da-8bcd-43d543cee43a,0,14685
a970d4fd-8a5e-4c93-9c2e-676b9287a81e,0,16761
d6cbbf34-2e37-441e-8d38-fc136ca0b614,0,21875
ced1dbee-e163-472a-bc1d-96f9716d81bf,0,20997
7c3bcfcb-7761-401d-b707-3dc3fe61ea31,0,11624
788d8f3f-9060-49a3-8f25-24c08447c3c3,0,11192
737c7eab-7194-4130-a010-954ea6e321e3,0,10628
ac29e848-bceb-4233-8a07-14778f17d575,1,17059
3811df6f-1111-4ee5-9565-f0fc197981f8,0,3681
bf5e225f-e3f1-470e-bc34-a325f17a4736,0,19293
bc9dd747-9d7b-429a-9b7c-3c73e246b728,0,18972
7ed87a3f-31d6-4a1e-82d9-01bdb6de0c49,1,11923
808919e6-e6ea-424a-8c30-ee840630f6dc,0,12128
b6158255-d002-48a7-a283-af4ad2d8874a,1,18205
cc6c1c5d-cdc3-4bd4-a10d-c8c0859e2908,0,20718
6efce5c3-d57f-481e-a23c-9f1e27d31a3b,0,10099
70a383e1-216e-4119-9fab-dce4aea7c598,0,10285
e542d5db-28c5-4e73-aa47-a441143887cc,1,23544
cf20ff0f-d183-4768-a899-c995889ccf99,0,21031
f87332a3-9e9b-4405-bcb2-d52652adbaba,1,25777
881a416d-a997-40db-b41c-51979462bad1,0,12913
e6fc8c7e-ccf8-4cf4-90e0-3ef3500d66cd,0,23764
705540af-bc50-4164-bb2b-02e0317955f5,0,10251
cc263fe7-332f-41f6-b9c4-0383b4feb289,0,20688
89168da5-8bd2-4c94-8011-5c9305bb85f0,0,13021
a3d2d6c4-0ae9-4bd6-b8d5-04ffaa1ee870,0,16071
e5043877-4132-4c74-bd8a-32cdb73a005d,0,23507
b850bba0-879d-44bd-a8b0-79b88ac790df,0,18460
b89bd111-9093-46cd-a75c-c58c58b80824,0,18487
a353f72a-4fed-4813-bd87-e4f53f1b922d,0,16012
440d3b62-7638-48ab-ab66-381833acb954,0,5073
739597a4-836a-4591-8ef2-f912a5822a44,0,10636
5d2690ea-6ad7-405c-b320-27be55889413,0,7948
42bfb1f3-9f7e-4e47-8983-49b16d73697f,0,4945
acd43666-c66e-48f6-ac31-c7789f9acc62,1,17140
d9607a47-597c-4a40-924d-cd44d106be83,0,22165
486c3a4e-e899-44ef-b89e-f5f808177b91,1,5600
056c11ef-e99e-444b-824f-734a32ea40d2,0,270
8b2bfb73-f775-4aea-99f4-ba8e930ab325,0,13272
42da1a6f-7984-4d82-b10a-603b8e3724c5,1,4960
9c33ba2b-5dc6-4133-b52a-d7858d9ef164,0,15202
ba10a732-1bd2-4336-b85c-37da347a70ad,0,18651
8f3fd3ca-0c18-473d-8cb0-0ddcab8e5deb,0,13746
c5819ad1-5784-4db3-83d7-3d3a2d348287,0,19910
6fab82be-8038-450f-88f8-c34dbfc0ba07,0,10187
ff61c3e8-c3a2-4b06-9974-9adf7953088a,0,26605
42cc5dbb-b8c3-4eca-bb37-d74d56aace00,0,4953
b61d9cc8-6726-44a7-8897-c6c5c7c3ad5e,1,18208
a5a4cfb3-8dfc-48e6-9cca-b279b8885e89,0,16300
e9d328dd-f59c-42e9-86ee-178350564776,0,24081
5f1fbd07-b129-44a8-829b-32fcd98fab1a,0,8175
c7cd0f34-324a-4baa-922f-b45a6544c874,0,20175
1f393b78-0251-4f0c-8ca7-39fc54f8ddc2,1,2160
3e120bed-fc23-42ac-85e6-59a28a1d215a,1,4406
0c009764-6986-449d-8bd6-63d2631918a6,0,980
dbeb306d-3fb6-49ea-9560-b5fcf04b0040,0,22459
31ec89aa-09c7-4342-8bb5-ba7b585e875e,1,2972
380c4bec-022e-4b0e-b96b-40be0dddfd52,1,3677
fa35c48a-e3b1-40ad-9c2d-7a9cb9f40eeb,0,25996
07d8975a-76e3-4160-8784-c97e35166271,0,529
f213131c-a08a-4610-ba51-8564404c8829,0,25064
3a2ffaba-3b8e-41fa-b991-28af2acef25f,0,3949
37f17069-62ce-42ff-9fa4-d6a1056bd075,1,3665
a449d778-47a8-4edf-a90e-11edbb62ab16,0,16129
d116680f-3c52-4012-aadb-ac37bb984e7b,0,21251
fea6e37a-41c3-45ce-9b27-6f1bed1bc7f4,1,26512
b1d07564-9432-4844-b8f7-0b968e3b9683,1,17724
2bcd9659-31d3-4e71-aca6-6b7defbb5b3d,0,2644
ac7a86f8-447e-4062-9ed3-2361a6ea7fdc,1,17103
82cd9979-23bc-422a-86a4-3987ffccf77b,0,12363
e5ce42a2-3108-4b0d-beb9-1bd51b7ef757,0,23615
62c63b51-ab42-4904-8667-a0e3cb939ebf,0,8600
a519b208-807c-469e-a13b-d2eecf56007f,0,16237
7b2a94d3-a4fa-4dae-849b-bf744489d889,0,11491
edeb2201-6de9-4604-90ac-d028bf151084,0,24583
c63e2132-aaa3-4d1b-aba9-ce7ea8d1c7f3,1,20003
357e0be1-1698-4b87-aa27-db197bc709ce,1,3390
e5344229-9a8e-4734-b5d2-1c2dcec9d047,0,23535
a684b3b1-3d9f-4288-9095-cb5b28aa2eda,1,16399
a4e39113-dcce-495e-acb1-beb26abe1e6d,0,16208
ce823599-6f37-4944-8598-4612d72398dc,0,20963
7e44b537-f505-4092-a35e-87de71fbc84e,0,11849
b22ef5d7-f64f-4ee8-9935-01af80a2a339,0,17762
5ea5e4ae-148b-442b-b97a-4f174753a492,0,8119
ec20b7f5-e9dd-439d-b62d-0ed476c6b79f,0,24364
84b3869e-5f82-423f-9553-b1006a00a04c,0,12558
2967d60f-917c-4642-a257-fc9f9134ace7,0,2555
349905eb-e0f8-4898-a029-75da0197394d,0,3279
7012bc84-d176-4982-99f7-865c67343e21,0,10223
91c00a0a-b2fc-446c-930a-0567100f54e7,1,14008
b429319e-701b-4347-b4c2-55a6878d5a60,0,17983
d4b94aea-e78b-4176-a1f8-e830470d7d64,0,21643
9cc54cd5-c46f-47a1-aeb5-2e24f1575255,0,15263
01f4cd36-caa1-480f-9d8c-92e80cf7b197,0,101
ea6d5c6c-a87d-4e2a-8c94-94da06190c45,0,24159
f2d58e86-1fcb-48c5-9a6d-a23966e7720b,1,25157
35071f53-b924-440e-bdfe-7e6f3c74989d,1,3332
e90bd0e9-1859-4012-bafd-697715ec4169,0,23992
c9d6266b-9f27-4471-aa76-c648645b0654,0,20420
64a40621-079a-44ec-a015-62ab39588a5b,0,8826
3df07ee3-c7ae-4bcb-8ee5-5d71c5c5cd6b,1,4390
b00f4013-c09b-4067-b9ad-f9a5a5bb99e2,1,17508
a204aec1-7fee-4c5c-9dc1-fdcbfbebcd7b,0,15861
5d91c7e7-e7e1-4ce0-a9c5-e8cf231950f8,0,8002
cb8eb60c-ebe6-4d95-b740-61a7b2606af0,1,20614
8cc61d23-cb29-4868-bc1b-be3807dac7da,0,13452
f4d8860f-fe7a-46fe-b3a6-e553fe67b3cf,0,25380
46ce3e45-c61e-44f2-a5d9-a737f7be357f,0,5408
3d341003-fe1c-4709-a20a-0a543a3e3743,1,4313
04dd9347-6215-4b34-a98f-a73e577aff9d,1,239
c9ed4dca-ec40-4bb2-a037-d5ba585e613a,0,20431
6d06b742-3186-4152-b194-76b70def540d,0,9874
0b025ff6-4fa0-4302-b02c-fe2069dfa7ce,0,860
36a469a1-0d5c-446f-bf20-2eab563490eb,0,3514
99a9fdbd-58ac-430f-a05e-0f89486bb865,0,14920
a3407a92-03ba-4ec2-9373-845bda60ea7b,0,16007
f1c1c792-af12-4b8a-bc67-317347a7e8d8,1,25030
d1badf7f-525c-4a83-a968-7537080f0d8c,0,21321
aeda43f7-33f3-4535-800b-fc7d6d1f053e,0,17372
0022995a-45eb-4cfa-9a59-cd15f5196c64,0,8
af0ca59f-4c7a-44cf-96a5-c781a89c9456,0,17398
eb211810-c51d-42c7-913b-d327c8ca4dd7,1,24239
32e6fd38-0e31-450c-93ec-f29ea5a6ad2c,1,3088
793903d1-6562-49e8-8db5-db0a53b0ebd0,0,11279
af126ce1-a5d6-43bb-b5d1-5fef9bcbeda2,1,17401
c64a4aca-f57d-42ad-9a52-280ca9cdc2d9,0,20010
ec3f8f76-e644-4905-a379-8c8b33cc0dc6,1,24382
ee3cfbb1-1dd2-463a-886f-3033dccbc645,1,24615
ff8a0582-abc9-4753-bb71-a9746d466743,0,26628
09c869c1-27a6-48cc-bb9c-3eeed5863564,0,739
7892e538-8c5e-4521-a550-4a88f399bf63,1,11196
ebbdc691-41d6-4ee5-ad33-c57394a6727f,0,24311
d72350f5-c320-43d4-b3cf-d90d5dc6b243,0,21928
ec7214c2-8e82-4557-8fae-9c6ccb6ba133,0,24404
09653ae4-ae24-4839-a56e-7270d6e51eb7,0,694
e64e45d5-a659-432f-93e5-a9b18659bdd4,0,23683
b1831e52-f668-47a9-a900-f42924698045,1,17693
ff82e39d-608f-4f9d-b4db-f8598544e754,0,26624
8b521f75-17c4-4a96-a8b5-929c87e10561,0,13288
d05b6b06-c177-4411-9cbb-5d5b91e2ae40,0,21167
f572b812-8956-414f-8c2d-ba18603f59de,0,25441
37cbb26b-f579-442d-a880-4b5f3d2215f9,0,3652
748c1ee3-c648-440e-b1b6-be1f5440a093,0,10752
eb17c134-0bf7-472a-96df-9253e86ceaa2,1,24234
bb3dca8d-1c6d-4304-b876-b86adc7cea03,0,18806
c25003cb-9080-4d70-a1da-c8bab208340f,0,19510
8a7d2eff-9c77-461e-b50b-b6dac8e54ba7,1,13182
b7d328ef-e05b-41c5-8fce-76098c49d0ff,0,18394
9b5acefa-d82b-43f8-acaf-306693b18db8,0,15114
57bf80ea-1cad-47fa-b5df-bb66623bcf95,0,7355
a0508878-0960-41fa-85ec-001af6b58947,0,15667
0ea1d0f4-e828-487f-9f29-06e094018054,0,1160
580d5f70-666b-4f49-90db-da49cccd6519,0,7388
7a58ecf6-9b13-4a3b-b27a-53365378156f,0,11403
8b74a230-3f35-4d9b-a21a-cf2b6ae97ffc,0,13303
b1578454-f2c3-46f7-b78d-04d7ffd29adb,0,17660
c3803501-05e4-4141-a61b-7af3187ade89,1,19650
580c9692-7fe6-40c2-9f1c-2ac31c65f76e,0,7387
03e5bc75-633b-40d1-88a7-0b5fad2eba85,0,194
934522d3-fec3-4ba9-ae82-10b7d9462a25,0,14171
d095587b-5d20-421f-9acb-318d6abae1b0,0,21190
f07923e9-dfd0-47d4-b304-5b3341b1a0f2,0,24878
8c7a4b51-4de0-4053-97eb-53d8ab09781d,0,13412
aa2c871f-ec99-4a1c-9a1c-e7be5e908000,0,16834
e22ba2b8-f82f-4dcc-9992-0996e834ba25,0,23174
8ee69af3-04f7-4fb3-96a9-775c37234c4f,1,13700
feb18c4a-f0b6-4987-8564-22ca37b19f6b,0,26516
1944c064-d08d-4173-9c7a-a777dcf5262c,1,1908
487176d7-917f-434e-a81e-a91e1ef83e92,0,5601
74ccc60d-b6d1-43fa-b64b-a60402e8ed2b,0,10776
3a37447e-4d0a-4165-a5a2-74a015de8098,1,3955
4c718128-9926-4a00-8eb7-8811abebf4e4,0,6055
55e388bc-efbc-4116-bbda-3207e82e4c45,0,7138
de912601-ffb3-4d15-bfdd-7c079480d289,0,22740
5d35467d-fb74-4f97-a959-0609c7cbb41a,0,7958
f87cf3dd-a96e-46fd-b777-f5bc480a2de1,0,25780
f7fcc3d4-4926-4a44-b588-2dcf16aeba63,0,25727
ebde7b85-e1cd-4428-b6d2-c9e5088b00a0,0,24335
445492cc-077f-4d79-9804-60d8e990f28d,0,5101
21dc80a4-e6b7-4cfc-9463-3fc2f660833f,1,2251
7c075c02-2012-4826-b011-75142229fff1,0,11599
02002619-3dea-4038-8d4d-458db30ed8de,1,106
8d5bdaad-c168-4269-a45d-e35d00bb6922,0,13519
b466fae0-b994-4129-94f7-3140daa527f4,0,18015
bf0d5b47-c5e0-41ad-8c1a-e9ac6dab9ff9,0,19256
fadb6964-390b-4f84-bfd4-de4720334337,0,26070
0a7b13a9-bcfe-4a99-b699-4c8cf6882f04,0,807
9e434fbe-4d65-41cf-9424-94d43eb8860b,0,15414
d5d801c0-e0fe-4ac6-8224-234f79183dac,0,21768
e544e61f-adb2-4590-b2f9-c7e02ce93b15,0,23545
b6d4ee3b-c6db-4640-9b41-12f171b0c940,0,18282
e6baaa51-d681-442c-9dea-59cded0b4cd0,0,23735
d40d151f-e33e-403d-adb6-edb7f053698e,0,21563
d3a0da1a-8289-4fca-ae3c-6894d4f3c108,1,21525
e6d2c2e7-7b43-4c72-8e3c-601d071630c0,0,23743
44beb97d-0bc7-46a7-a137-856210b82344,0,5154
91ce2ffb-5eb8-4f4d-afc8-af618e865f02,0,14016
398cd60c-17b9-44bc-8547-5cb6b6dad714,1,3873
eed03dcf-b398-47cc-a4e0-4344fd848ed0,0,24683
57ef0039-5403-4062-a7ea-57a37d073829,0,7374
a9a0308c-67af-4872-89f6-e9ecb5390ada,1,16782
8cff6974-c206-4db4-849c-f6a20dd09383,0,13483
f3d92793-8431-4766-aa3a-2f5d688be9d9,0,25268
44a70c12-415c-425b-b215-9ae31db80b12,0,5141
e3e179bf-d986-407b-8230-ed324a1fd15c,0,23372
6a0e64a6-ae10-4136-ad87-9015589e79b7,0,9485
60d3e1bc-5e25-40b6-bd12-ddbd2a3df8f4,0,8380
85ceb327-03c5-4055-b8c5-7545bd0708d7,0,12668
8992fd71-2070-4b0d-8098-07940eddfbb5,1,13073
47c914b1-9de1-4348-afed-22702d224f0e,0,5524
8e468cd4-7dbb-4d38-a73c-4005d771df8d,0,13630
dab16c54-cd37-44a9-a3fd-55ed7fa8f30c,0,22319
e65b7ab3-34a5-4193-a583-db676b1a1b96,0,23686
3ff0bd8f-7257-4ba9-a4ae-ae0c9f9138d7,1,4610
75613ab8-ec5e-43d2-bee5-8f944d08d793,0,10846
f0da2ef6-5d46-4fae-a924-a1cde8a871a7,0,24905
d2e6461c-fac8-4a66-9819-5a21f4dcbbe3,0,21462
d9b0e251-54f4-4fb5-a999-4e0f3de29be4,0,22214
659d9a24-907f-4e4f-b9bb-138cd3004dae,0,8954
3eccadbe-e821-4487-afe7-2bc5f2ee5774,1,4491
84c1722d-960c-4191-aee0-54909e2a9814,0,12564
3a6a506f-fe68-41e0-a769-36167b84f8d8,0,3987
74ed4f73-33e6-4607-8842-57aec6c318c6,1,10790
088b89f6-6847-4a20-b1ad-5887b56bbae7,1,601
0c2e9b99-9a8f-4b44-854e-acd181a0208c,0,1010
96d2413d-d424-43ea-8d6b-f2e861c2773e,1,14572
55ddd20e-3bb3-41e7-a931-973c40e3117b,0,7136
8b087f56-e2b9-418e-a4d1-c9594871a1cb,0,13246
9733dbf6-7c97-426e-8a69-91fcaa1c66bd,0,14614
43b42736-57c4-447d-9c50-19b92dcde9e3,0,5036
9382db19-6af7-4ebc-8172-443db0f18f34,0,14205
408c1583-d078-45f4-9369-2fbaf03be8a8,1,4697
7f745324-a44d-440c-b964-d50208fb1e18,0,11998
6b82bee3-afeb-47da-8db2-7a0195438d3b,0,9684
ece78603-3d21-4940-b651-88130093645b,1,24465
690e6496-5455-4bfa-aae5-a7a48607d8cd,0,9352
4a2fc972-fdde-4f8f-b3d2-2895bdc75432,0,5794
b950ffe8-3423-46ea-b4dc-14064fa60587,1,18557
8c936ac2-e6a0-4649-bb46-9bf2d966d6c2,0,13424
a653c489-c9e9-41ef-80ce-6a38f443ef01,1,16370
482892b3-63bf-44f3-bd81-8079889f7b4f,0,5571
2984b5f3-1b35-4a32-9acd-88f8d7452818,0,2561
357640b9-dc43-4011-b620-4d490c596777,1,3388
7da8d535-3d6b-43d6-9ea1-06e19b6bef73,0,11778
f9c25a59-d1dd-431e-ae40-85295a25e647,0,25944
a6d24424-6541-416c-a4cd-d9f73fcfb6f5,0,16446
9992709c-d506-4847-806d-0cb3964676ae,0,14906
88c25715-03f5-474e-9cee-5ad1f7beb4ce,1,12989
fbfada67-91d7-43b8-863e-5bf1699da4be,0,26207
619d0a04-2c4a-4cbf-b8bf-76bc5c685835,0,8468
818d8d1c-1f0b-4760-8d6b-9c4add3f8ef2,0,12227
98bd1aa1-4e34-4457-9592-2a005175e55c,0,14793
323b7670-7fe4-4427-9383-0fbcc7e7ae1f,0,3004
1b167f33-a18a-4aab-8a29-2a9d1d41c054,1,1999
07bc3b67-cc81-47c8-b384-7bc81a3a9fc0,0,515
4a720db3-d3d3-4814-9029-5271b4b3cf45,0,5825
6e0a4d03-07dd-4e0e-b8d4-9b4998500a70,0,9992
08226aab-e8d2-401f-8b8d-1a2a51234c42,0,559
4b004c64-d809-4309-9840-bdf38aaed74a,0,5879
b2d5a048-01c8-4140-9f32-822db6e813c5,1,17831
8d0ab9e0-e16d-4394-8b14-5cb4992282be,0,13489
1635232a-0e9b-4f49-a83b-e35ad819ef56,0,1572
2626a2bb-234f-4309-aff4-317f6fac9b06,0,2414
46bb54fa-d083-44c4-b7af-a6015b7d90b2,0,5393
5b1a5e12-79d4-466e-bf9b-d3b01e483853,0,7721
ccd1a921-601b-4f4e-bc75-c722bdef69bb,0,20764
97fa22b6-04d2-47f3-ac3e-5354c81151c9,0,14707
37af3cbd-73c4-473d-bda7-5445d4cc6da9,0,3637
d22b51a8-da87-48b7-98b4-f00314ab8d99,0,21373
659bf031-6a2e-44f3-b3f3-3f0a7ca168f7,0,8951
60bb6140-adcd-44b2-a8c9-35efc8b701bb,0,8370
18456077-bc39-4a63-8120-e750857d9263,0,1800
99411044-20f4-43a7-a9db-699ddbf7049b,0,14865
3a2438c7-e9a2-4c7e-8292-3c7bb99d3569,0,3947
bed0dd75-f279-4fb1-b2be-97222380231c,1,19229
635aec0b-d365-4aee-8deb-4b63df83215d,0,8673
24e11e90-9a36-4ee9-8e27-6b58ba9ecab1,0,2368
9e245d54-396c-4479-9c88-85962bf5e108,0,15405
ac81e9b6-5789-4797-ad85-510186cdd4a9,1,17105
afc7efe2-5df9-4274-8df4-31eefde7b574,1,17470
1015e103-bda6-4664-978d-f761cd2982cb,1,1240
9d1ceb1a-66ef-4135-a905-3d7b51b0fb4d,1,15293
316a6692-4321-44a2-b27f-ad96b2758088,0,2906
586841d0-2dd5-4e3f-b5de-62da10a5b9b7,0,7432
685e12c9-ef16-4040-90f8-92649a23f8e5,0,9281
6ebeb433-b572-403a-ad99-678ba586c8ca,0,10071
fcf9aa51-4ba1-438b-bfb5-f226d8ff00f9,0,26321
5ec1df7d-cbff-4d09-9ec0-45fb513e8015,0,8135
a730861f-2197-4786-bd80-aec8aae3b2d3,0,16484
963b86e6-bf19-4777-868e-526610df25b0,0,14508
928d2c31-8d48-4c5f-b7ee-d485b5f5596c,0,14090
7ccacf95-ccc2-446b-8f5c-08b32411bed6,0,11691
c5fcfb08-e3b2-428d-a32e-bc4a72cfb763,0,19972
35b74418-4c61-42dd-932d-94021f9a75f9,0,3415
bb6c43a0-1e61-4930-a569-576d9ce782ff,0,18829
e04df2ec-5a18-439d-ba91-e68969617372,0,22958
646f59a0-eaf9-4c33-aebc-811da54a29b8,0,8795
7225472a-ab4b-46b1-9fd1-f88e5fa9fd45,0,10478
3d507d80-6139-42cf-b8eb-7db10633fdaa,0,4327
9edd183b-ecc3-433a-9669-f891d34f8490,1,15490
5f023b2a-6375-4193-96d3-c8b69e19689f,0,8160
aa51d582-6cf7-4d59-896e-751bfd683a2d,0,16846
6b9f7b91-8530-45e3-be03-e2f2c0b0a708,0,9695
6af3135b-3425-4781-bc7c-4afb28495d69,0,9610
54a73e25-c2ce-4109-87c1-2eac19cdc2fd,0,7007
ce400bab-2f5f-4ae6-9a1d-8fbc6db63395,0,20937
96156752-6bc8-48cb-8553-34cabcc5becc,0,14494
aa19ebb0-f1d0-4c42-ad53-1c837c7388a5,0,16825
d2946b79-13c9-4aac-845a-f1ce27cc38be,0,21429
14cc02cb-fc0b-4fbf-bde1-76eab9a48493,0,1422
4ae0b788-62b6-486c-a95c-76764250c086,1,5866
3a5f682b-e24a-4756-97a9-0a8758d4a88d,0,3981
4f781277-d540-4cd6-b405-4f215281d78e,1,6396
8ccd3bde-4f32-4339-a35f-74918a8ff1b4,1,13457
c7f58f54-85e8-4961-ade8-1ef89c780fd9,0,20199
dd50a2c2-471a-4faf-8f78-99eaedd5147b,1,22601
7bb2b123-4ef5-48a5-8eeb-41ba2bcc79e2,0,11550
09f4c4be-0320-4e2c-8e3a-f5fd0a193085,0,763
f0fb164f-f564-434b-a3df-f74e37394ef7,0,24920
b524542b-1779-4871-9574-7ff72b296503,1,18097
8a035cce-8090-4ded-a2d2-a2bbacd88cae,1,13126
ca1470f8-20fe-4e11-ad99-9c83248e7b11,1,20446
d3b10215-abc6-4dc5-9c27-32343426e8a8,0,21535
861a323c-3d49-4358-86bc-e5240f9e4246,0,12702
6035822d-4d60-4031-be82-d27aeea9877f,0,8307
71bc1722-acfb-4c2d-a774-eded24a34f9b,0,10429
0952761e-07c2-441a-bb1b-11bf1b5375c5,0,683
99772300-b5be-44cf-b8a9-682247e5e8c7,1,14895
8375abca-b2a0-4d2f-8672-002f89276a4e,0,12442
bf3d9218-58b3-4a3b-b68f-54b16f3570d7,1,19279
e800189f-204a-42c6-9511-dd22db81665b,0,23881
1d30b6dc-acca-4a35-a278-ca4b84629a7e,0,2093
a507cb8e-4b89-4f90-9cc7-c91e9a32ba5f,0,16227
48e264dc-d8d4-4e82-aa62-ed0174d321ea,1,5638
083e7d20-cee0-482e-acb5-029868b78fb8,0,571
3c6afc4b-f292-4064-ae8b-06d3439d1d27,0,4214
c4567429-7189-4603-ae34-7cbf3a8b6c07,0,19763
aad4d661-7bc6-4dba-8c36-0c0c4f77a3b3,0,16910
4f80b758-d33c-4e13-be26-55273d12c398,0,6401
b42927f4-2933-4f56-a93a-7a35ed076acc,0,17982
34820ad5-f8ca-497e-8ed9-79c10bf864fc,1,3263
634b0a73-98a6-488d-b2b9-1bef05248fc1,0,8663
e46fbb7e-3213-4f76-b5b8-90eaa7dfc947,0,23434
a5b8ae16-8370-42a3-bef6-ba33af00b877,0,16307
63396b9b-b228-4fe6-8aeb-5cd4862c15f5,0,8655
553e5581-e9ac-44da-9a81-a95ed7320afd,1,7061
fe23b27d-db99-40f5-b2ab-d9a91cc361cc,0,26444
4358e6e5-77bd-43a4-b75a-d8e3c2fb949d,0,5002
2f42fe81-bd2a-4b14-966b-589873d13663,1,2791
c43ee219-3610-4de4-9b4c-782d90e969fb,0,19753
0b1d5b23-c3ab-41b5-b82d-a16a3d6b5674,1,869
669a8626-fdb4-4778-b51a-e58817d77545,0,9072
63a3624b-b2be-4681-87fb-e545315a4a0f,0,8709
7f3f36ca-e8f7-4de2-beb7-7548da919a62,0,11969
68af451d-8222-43c4-8753-2b70cbbfb194,0,9313
81a62ac0-0757-4338-82ad-ee4ec30e1bb7,0,12241
f171645d-065f-433a-ba6c-3afcbe007517,0,24985
4f5bd645-8b4a-4377-9e31-1ee3b5ef0286,1,6382
075686e1-bfe5-4901-b326-1a082ed6b937,0,474
ff939423-ded7-4887-907b-af5e68aa9aef,0,26634
26950e98-3b48-4d7c-b2d0-daa4249be551,1,2429
29f2adf8-dbe1-4b33-b01f-91b34f875420,0,2576
1800cf3a-5e9c-41b8-9a2f-d5b84259b6d8,0,1769
ae094b72-b7e5-4dff-a775-8bab37b0082e,1,17273
c996a703-cbc1-4847-b204-4f5506a2ef16,1,20386
ac05a354-1449-4cf4-9045-962ee84a847b,0,17041
63c05c61-011b-4d7d-b192-c1a322d753d9,0,8717
d080e8cd-17fa-44d5-8401-736bf2e7f213,1,21180
63bf1710-792f-46ca-b50b-932e501b0402,0,8715
584dfe20-9b9c-476f-80a5-90204394360e,1,7414
72c7e133-2cc9-497d-a68e-326c71484fb1,0,10549
d38f5238-1f5b-42ca-8e3f-4027fdd105c2,0,21517
d8143fd8-c994-404c-b81d-b1c38fa4c780,0,22026
8626d87e-9618-4c5b-99c6-dade3e55960f,0,12705
a2b64497-d2c0-4de4-ac19-75bb9506f96b,0,15938
783b962a-bda1-4354-87f1-778d60eada16,0,11151
626adddd-9800-4304-b1f6-1444971946af,0,8556
1a388cdd-671b-48a9-9a4c-ca64cc60ef81,0,1967
f5b63011-870c-40cb-8bad-c15a5270500e,0,25481
53d8199a-0698-4d0d-98a4-c65b22c86c17,0,6901
7d166cdc-61e2-4741-93da-52e954f4d2ae,0,11717
8397d321-479f-40df-b946-ac08f7c2546a,0,12448
d1d94c7c-aa35-44f0-b561-8c31676f0c99,0,21335
ef7cd600-75c9-4b07-bb0e-f66e857fdafa,1,24764
5c4dd6b0-4f8c-4599-8e4a-10ecacfa3494,0,7860
b134ec86-1a70-49fa-89cc-b43686c73d0f,1,17646
01b56434-4dd9-4994-bcc5-0b70a36e415a,0,76
39e24ec0-26d0-4eb3-9dfe-59356ed30dfc,1,3916
66412414-434a-4a66-97e3-68bf804d8a4a,1,9026
44b6b737-f7a1-4fbb-a0c2-bd18ff82639c,0,5152
67f04d37-ce6b-4900-95c3-dc622772365c,0,9238
9c2875c7-fa39-4af6-a82d-b545dc59874d,0,15196
0bb2c62d-1704-449f-8f78-f56e975f5240,0,943
4f3330ad-9377-47bb-9eb2-05c8bf0fa5ac,0,6361
aa7156de-e3f4-4b62-9e5f-ecc8a5484bf6,0,16862
a158b527-6c8f-491c-aab0-5898067a0203,0,15792
843d5143-a86e-4527-8560-8b1d91a96208,0,12521
7f69dad4-92ff-47eb-ab3d-b2f41a0b7199,0,11989
b9114176-0ece-4eb7-9972-dfdd6b867196,0,18534
9ff60fbd-3d5f-4533-8662-fc799d0f7df0,0,15627
63777dfc-f664-437c-ac16-eae613db1593,0,8686
7d425279-64b5-441c-a26c-e1d6486d27c8,0,11740
99a66d6d-412a-4303-b438-e065cc76ce5f,0,14918
6ddb7028-0aef-4a7a-b869-cbdc0c54005c,0,9969
a4f21b57-ade8-4336-9b5d-15e5223c59bc,0,16219
c6809e13-a0f0-47ac-8efe-9b16975e3df1,0,20032
5bb67504-f09e-49f7-9c4c-03b43f034fa1,1,7781
64f3e365-cff6-4257-85b8-3305653023f7,0,8866
f9d7c652-d12b-4351-b3f6-da8e2473f5e3,0,25954
8f0500c9-dcdd-4c0f-8ba5-452c0af5fc02,1,13717
077ff78d-27ef-49d4-9e8e-00e458844a3e,1,495
ea4b1c59-7c69-4c9f-b696-1082bd3cef94,0,24136
40fe04af-77d2-4c36-80eb-043568abdbf3,1,4745
e2dc2c28-3187-4f34-8bbc-abd9c7a08e0a,0,23247
23ca6e02-56e8-4872-b323-ded9792a7fa9,0,2326
ec31cf94-fcab-430b-af91-c7dc400f2a5a,0,24371
57bd0264-c56d-4266-b74a-b731212b6037,0,7354
e6490122-5409-47f4-a4f6-efa7fb74ca19,0,23681
c9c114a1-5ddf-4460-855c-25dac3ae7289,0,20408
31df0417-e221-44e1-8629-34a3f0b01d35,0,2965
0dfd73a2-2cd1-43c9-a75c-b09f2381436a,0,1126
67c1c533-d61b-4670-a297-513f03efcb21,0,9214
57c7a66f-46aa-40cc-a1fd-67511f5d67f7,1,7360
7d4b74a5-53e7-4b66-812c-ead6671c672e,0,11744
d686ad4d-c832-49fe-85ab-b4d8c0542cec,0,21849
9cd9df10-9991-4eb7-b512-33767409afc5,0,15267
e0af96b5-9e91-4cc7-84c7-a3d04d4c9405,1,23005
47239dcf-cc37-4b8f-afcc-e5ebea55a23a,0,5451
ad445bea-e0e4-429f-97ab-11271727984e,1,17185
76545b14-5b1c-42dd-9727-4baeb5212d94,0,10956
acf2dc69-0b5e-4600-a2c4-887c5d37438b,0,17156
946a69e9-324b-45c6-bd2a-0c5d28a9c69b,0,14305
e0fa42ad-0d4a-4827-bc8a-812825aab227,0,23033
400f9de2-ee62-4c18-8d8b-7c122b688ecf,1,4626
c52d38e9-b26f-4422-8880-6a4db0ba5bb9,0,19864
4805971e-afc2-42a1-b187-5dadecc21d63,0,5550
be309060-220f-445f-9aa5-4a8825783fb2,1,19153
640ff776-1bdf-4049-a0db-c1cbf480fa1b,0,8755
4720bf42-9a75-4325-a841-e2710a9c60f4,0,5446
fecef59f-44e4-4fdc-b008-a650845defb9,0,26525
6dc8b0d2-34f9-4570-a0c3-bb9b4715498a,1,9959
04f9bcc7-8886-4e1a-a938-122d3a065e12,1,243
b4eba4ea-6143-4988-a05a-b0f25d6c0b1a,0,18073
50001541-4671-4da4-b538-e7d5ae5b5336,0,6471
ed5a9042-12d7-475f-98ef-be378446e3e7,0,24523
26f86e0f-62b6-44c4-8463-4d0bd24df95b,0,2450
7c9ad404-6d3b-419c-83f5-e4c6abdfb8cf,0,11673
aa4f6820-e76d-48f6-828d-483e34a4145e,0,16845
e2e1cdbe-842c-4344-96be-4aa946b1cc93,0,23250
8d09cad6-5aec-48fc-8c66-1b5e7c144ac8,1,13487
b97e1021-d9fc-41f6-86e4-4a673babf442,0,18582
cd494b8e-2275-48ea-bcde-19c3bd8b92d8,0,20831
a4446942-ca25-4f9e-8ae9-4f373c3bcb4d,1,16125
127a6d90-0b91-4927-8810-2788d3e8a1a0,0,1334
4b6f8c4f-f093-4b85-a22f-4e5da0be7eeb,1,5938
a009cf1c-3d74-4209-a911-0c318847a610,0,15637
6bdc0fcc-b678-4342-83a1-55c808765eb0,0,9727
6b070b27-6f76-4432-96fd-0ff8b32f89d9,0,9619
5f0afe6f-1a23-48b6-9c7a-aeeba030e41a,0,8164
4bfc4e8c-ee7b-4997-bcdd-e0734cba30b9,1,6002
efd57230-4266-464e-bc6a-7df5f1e83be3,1,24802
f54cc1dd-2929-4b50-a0ed-6778734cd9a7,0,25422
45a1e0ab-3eb3-4587-b679-2b2310635804,1,5262
327783c9-4a11-44c0-98de-3a7f2101f2bf,0,3033
6e65ae6d-b2a2-4a2a-9890-2c7b2edd2eb2,0,10034
a613b9d5-b499-48e2-b23f-f78b657019ef,0,16351
c2a5babf-0f62-4d68-9d96-7e10842a524d,0,19545
821e80c7-466b-43fe-b6d6-2e7caeaa27af,0,12301
c6b27b67-04e6-409a-a46f-ab0f2678357a,0,20053
ebce65d3-3bec-4188-b1bf-a4f5a9bcf61c,0,24321
f3e5615b-dd2c-49da-9155-55498576b801,0,25274
dd9c3d02-f22b-4055-bd57-cb1dde55a615,0,22638
521c3423-5ab5-4f57-b84b-f0f709fdae3d,0,6702
b053417c-836f-4f6f-9224-f9dc286ee6d0,1,17541
c7c62636-1ee0-4bc3-80a1-99aaf640b59a,0,20168
9d03edb2-8061-4520-b1b3-14f6930c9341,0,15285
6f7a739a-c48b-4236-a349-22d18192f905,0,10165
2847bf15-c5f4-47fc-ab15-0fec98933128,0,2510
9576b42f-84a6-41b2-8b0f-75f867fcbc38,0,14418
0a628951-4482-4d01-a09a-9e590b886cf2,0,796
56b278f2-ab29-48b5-9602-b7ec496885df,0,7232
281a132a-55d5-49de-89a2-34fdfbecddeb,0,2502
bdc3d286-3a04-4d97-a0d9-7face37db822,0,19113
6f9f42cc-9f66-407f-ad89-69ee94a47558,0,10182
5d509f49-de98-4cb3-a6a2-956772b89473,0,7969
f84739d6-6fa1-4025-9dde-a1bd80b56eef,0,25750
d5d8b914-f94c-4156-a403-9ce6b51da7db,0,21769
89e479da-7f61-4535-a24e-396bcff92c32,0,13115
8f460d7d-164d-4f3e-b3eb-1c9f0c43b49e,1,13749
02de2d68-b7f9-428b-ac12-0cb8f56a0145,0,145
d18074c3-5ac2-46d4-91e4-f13f9284115f,1,21299
4dd73b83-0d4a-4755-934a-25c4fb06dc01,0,6203
a24b4ad9-13df-42a1-9e3e-f92c9682b64f,1,15892
09137a8c-017a-4bc3-8195-1d152b992cd0,1,655
5406b425-c531-4952-bf90-8b3ecc99903a,0,6924
2d2679da-35e6-49fb-a703-52aadee243ea,0,2706
87e4af8b-1110-481d-86de-f315ca03936d,1,12892
b8a8a107-1797-4437-b71a-ed1f980fa4a6,1,18493
f7ffee08-c47b-4c2c-8748-93d6ba148652,0,25731
eb3d5fed-558d-4aba-b13e-f7917c49c79b,1,24255
5fabbfac-9c58-4fb1-bfee-979526adcc14,0,8247
9f3eb249-c086-4cb1-a771-c226e93db399,0,15541
2bc72e37-294d-4d3a-b018-298c35c11f29,0,2643
ab1131b2-d179-4087-b32b-463a3e615ba6,1,16933
ec1aa818-a519-40ef-9a54-0b4fdda542ec,0,24362
fdc8b07c-8c97-4022-ac84-347f8072f07a,1,26407
0c46d62b-fd38-4445-9776-3963704c838b,0,1019
7252d75d-6ac8-4220-a108-5406de4a6b22,0,10496
539fa11b-89a6-4708-b44a-7ef333e0d27e,0,6872
75c93710-cba7-4f8f-a1ae-270ff8c81c80,0,10893
6fbbaea2-3c59-4086-b190-36810cf098b1,0,10190
36ca4185-52e1-4cf3-b007-5c7680d2ae74,1,3531
ce34ec24-0161-4d2c-a531-79b684622392,0,20932
fa231b7a-839b-43b2-8e52-19ddef1327da,0,25982
e45d1c6d-704f-4114-9145-9eb5a41c9bf1,0,23428
e9879f2c-d754-4778-917e-a33dc5df0f0e,0,24044
23b10103-d1f2-4180-896a-efde9c4ad10a,1,2320
4b465daf-f77c-4daf-b70f-2e312a1e6951,0,5916
74b9d421-6209-4bed-a64e-eefe618d136b,0,10767
de2479ba-0b61-400f-978b-86a2d1b7a480,0,22698
564eac4e-bec9-4cd6-94cb-cc6ba78983b9,1,7190
81a0965f-f643-45d0-a239-a62c81df0a6c,0,12236
6dc8af39-9d3e-4f4d-8614-2eb672b6e554,0,9958
c9e0b808-0af9-43b7-8c6b-6529d23ddb2b,0,20422
4e4c8f09-6600-4198-bb73-cbb46a32f771,0,6262
d033b43a-a7c4-4ded-b2c1-000d41c6f2cc,0,21149
ed6d4b42-0789-4c10-9f79-606233052103,0,24531
b4d29203-1e8a-46a9-9671-0aaf8e72143b,1,18063
7ff87976-1b0d-4f61-b83d-b7cefa83f9e6,0,12064
e572f346-564c-418d-91e1-8c8819f5f794,0,23572
3a0a3a09-a971-4df8-a4dc-ea6424101888,0,3930
6520e11d-e078-498a-9aa2-599eaab152ba,0,8887
4998874e-9898-420c-9bd2-ca1a2d79b49c,0,5716
113daddf-b629-48e4-9d29-385ea77320ba,0,1287
8791e28b-a247-4cd6-b257-32228d252a58,0,12856
72dbeeca-38a3-4375-942a-9c3b098da64a,1,10554
20a80eb6-1110-4833-8efc-e2cc08adfe9a,0,2219
9c472be2-35ca-4ff5-9c2b-2f2743aa1d0b,0,15215
617bd87c-99b7-4b65-bd73-2b598715ac46,0,8456
bc83e722-804e-498f-9efb-7bc329a1327f,0,18955
d4b686f6-f302-48d4-a803-15099a785ae2,0,21639
9b215f1b-5061-457f-acad-471ca01f774c,1,15088
6b34ebbb-9d4b-4227-9bfe-86fd9735f786,0,9643
6f6cda1b-3cc0-4fc4-bf39-20ca11b11778,0,10161
8900dd48-98e7-4105-a272-909dcb6521c2,0,13013
e221481e-ae08-4364-8377-ca457c4b5e2c,0,23172
a128f7fb-7ee8-495a-925c-e33bcd56d181,0,15765
40e1b2dd-8b79-4a32-adf9-23be78205cf2,0,4732
e107c973-27c9-43a7-9527-2af8b89267ca,0,23039
9772bad8-931c-476b-a6d7-bb5f91efd62e,0,14639
ea1cf22d-0ec1-4820-86ed-a2bce81fa924,1,24107
3e02b7d7-22a3-4aa7-87da-5947c45f83fa,1,4399
bc91bcb0-a7b6-4dd0-8098-ffd354264ea0,0,18965
f957afbf-fa78-47a0-942c-17b2f5262fc9,1,25874
6a0627c7-189e-4cab-b116-eded7bcf1ad3,0,9478
3bd52634-e81d-4365-910c-a7fb046b219d,0,4146
17d7a61b-6c18-493c-8794-a5de0bb8e4fb,0,1746
80e0e01a-b0cd-46f1-99dc-d3e966e542c6,0,12160
3d48f4d3-7a90-4ead-8634-b2d394575284,1,4322
dd1d6a22-aca5-4465-88e3-110449571781,0,22579
a8031125-1a13-40fd-9aeb-164e1a421f22,1,16587
2474f5d3-45d0-44d2-a859-90a39f7dd9f6,0,2357
9d5a35ff-4644-4f75-91cf-4ed3142af182,1,15320
d72b59f3-cac1-48b4-b0a7-63e439e5ace6,0,21934
6e028cf7-8ea4-4e7d-a2b5-0d5bd2eca495,1,9989
dc24cf44-9b3a-43b2-a02c-915f79657714,0,22481
994a6742-5b49-4207-b73b-eccec8f6601d,0,14869
fee5a348-ef53-4b41-b88f-a0563edaaafa,0,26537
bd2f14f1-1aac-428a-a08b-23257a5a361c,0,19038
4fdb5a1b-7bb8-4133-aa82-2c051b94bc2e,1,6452
55aecc46-edd1-4b5d-a6f4-53673ac67072,0,7115
8c966759-02e2-4606-bc03-a6c8078767c4,0,13426
a2f636be-0ab8-4e84-80f4-7e6b009b319b,0,15970
78b4b710-15b7-4ea3-b761-c2371594cbf1,1,11215
05fb0374-ab2d-4cf4-bb36-ce56fb2c28a5,1,314
dbc1e726-39b3-4df1-988e-ed7119a4eaa0,1,22440
3f4a11b7-9369-461c-a1a0-4db15c957da5,0,4545
c2802780-8f5c-4240-8d71-0be1664a8b6f,1,19531
113850e1-6d28-4d63-bc5e-807ab3213995,0,1286
2809dd67-ff4a-4508-9e50-54c6f060535f,0,2498
3b84f97b-fa88-424a-891c-e57c3b92c062,1,4114
fe711cf1-202a-4e22-a43f-049af714855a,0,26478
d47c42e8-7806-4fe3-b422-457773e352f1,0,21608
93351a14-30a7-494c-a02b-7f2d72c724c8,1,14163
c82c0550-03af-44e6-991f-f0be05bd7cfe,0,20228
1f0a35e1-1cd4-4d07-bacc-f22368f3cd08,1,2151
f25d23de-7a45-4e74-bdcb-3f689b99ef6b,0,25097
cd579d2f-d3b5-46ea-a91c-ec5ddd59665f,0,20835
b0afb895-6fa2-4966-994f-689c676ae667,0,17583
461315f1-e601-45cd-8350-7952ff4833ef,0,5319
be9d0ed7-00ce-44b5-a83c-8a9796be8ea6,1,19205
8b216d4c-23b0-427e-aa94-d516d4ae9698,1,13263
17c8f17a-b1df-4211-9713-7aff0013f4c1,0,1742
4fc58f6c-98c6-40f3-816b-d2746376134e,0,6435
f560fc1c-ec3a-409c-a035-344bff1bbc06,1,25435
4f1112bd-389c-4689-988f-14f6ff4687ce,1,6350
677104bc-647f-4bad-9a5e-2aafe5ccd847,0,9181
cc7ab8d7-56f9-45e8-b585-c3dc132de8cf,1,20728
aa83f3e7-4711-40ec-934a-6ea66add2196,0,16872
d4d21c2c-ee3d-443a-91cd-7e6e3ebd59c6,1,21657
7028dab1-89a3-4a9d-b29c-927a42b45296,0,10231
3e28ee16-bbba-446c-a7fd-ea744954a21a,0,4415
402c68a6-62b1-4a22-8c40-631c32ac86fd,0,4641
85dad6b6-8a4f-4189-b1c0-006a66f5b0bd,0,12677
e2ccf977-8d04-4ae4-b2e3-d40302cc39b5,0,23244
cb05cd95-3e60-47e7-a68c-afaa343d05e3,0,20554
3ea07f33-3cd8-4a27-b680-8e1bc57aa1b8,1,4466
8b905c1d-6d77-4502-8ccd-e3b23c313610,1,13318
ae47e8ca-08cf-432e-8f3f-bbfc8413570d,1,17294
e65529f2-45df-4020-adcc-7de1996c38e8,1,23684
7242e926-d7f8-4b5f-96ec-306a5b393d08,1,10492
6821b958-8b00-40f0-8ec2-8912d21acfaa,1,9256
88042e91-0b4a-48d9-958e-0d32af897545,1,12902
e666d579-2ff0-4ce0-a5a2-903919fa5668,1,23693
745c9dea-9742-4ee1-8090-14cb75a2dfee,0,10728
7510b2b2-4981-48bf-86e5-680414fa17b9,0,10815
0cb47fe7-14e3-4c3f-9430-71d97ac0a3e5,0,1064
08789eee-3b6c-4f3b-b98c-fa8cd25a3ae5,0,592
b45c3ec2-342d-4ad4-af7b-181c126df0c8,1,18010
c35f0f16-afd8-4d40-8f39-9b10a1d3ca72,0,19632
8313b9e5-4589-4db7-bce2-8f4a3bd06224,0,12388
f2fe90de-1a09-42a9-9cba-2b8a5b69bd85,0,25177
bc95cf8e-8f29-42bf-9980-6bf30fc5f9b8,0,18967
41247a32-c745-4341-bcb3-d55393403451,0,4759
24714d07-9d17-43e9-ac49-89965306fcc5,0,2356
5213dd3b-e73e-4987-a005-c771501a2733,0,6700
a8876ffb-480e-4b3d-93a4-bc6bb50bed1a,0,16647
08d0531a-b5c3-4677-94f1-a48101ed3e06,0,627
99a1a344-cb16-44ea-9d2a-a9daddbddd26,1,14914
a4c3baae-0f3e-45a0-9a78-51bae5f7bd85,0,16191
debf63af-2cfb-418b-8bfc-3f48f1c7f5d5,0,22757
fee0c2fd-5a4d-4636-9d31-39a58ae0c8b8,0,26533
b6e8c692-7a99-4f33-aa2d-3310ad3ad37c,0,18292
d54150ef-1739-4002-aaef-e4e8441038b1,0,21700
8f9ebb37-d71e-4875-ae88-56166f422663,0,13789
e2cb1c89-244e-407f-9798-9a9670616850,1,23242
afc077be-f1dd-4a46-aa37-b1a478687264,1,17468
06cc9b59-b8ff-4a6b-9e5b-f127c7c1208d,1,402
43ffcb41-05ab-4a34-b358-aaaf428eb7d8,0,5068
0755dd30-bcc6-4f75-9cf9-914962477fca,0,473
5f557e98-3d6d-46e0-9a0a-40c6da8a3266,0,8202
cb9a5420-bbb7-4d79-bf70-d81119f96790,0,20626
dc825e82-69cb-49a7-b399-62f79385bb90,0,22519
fe894020-017c-41f7-9f64-99467937263a,0,26496
07350f14-199b-4aa1-93ee-062fc3433702,0,453
c5b7c9ef-0732-4ca3-b064-d4eebf6df9dc,0,19935
8db6a182-ed54-415a-affc-eb6ab372d54d,0,13560
c7cdca82-ac79-4bc6-b8db-119ccf05c479,0,20176
c7e7ac26-07bd-4fad-854d-a99270add377,0,20191
add1b780-70b0-41d0-8e98-a02347f4de97,0,17249
d0911794-caa7-4307-9ec7-ce2d1b619056,0,21186
4420f319-187a-4f84-ae5a-595ab6805fc0,0,5079
ef2f4955-9209-4d8f-8a36-f668b85df90a,0,24720
aebb5625-cbea-4e11-9a9a-19708903ed1b,0,17354
66ea4259-45e5-4a2e-bb9c-5b649d96feb5,0,9121
1b569787-f2f1-44eb-b5dd-04f9cc28cd83,0,2014
4ac5b825-8789-4fbc-8426-07865828bdb4,0,5855
ccfbaff8-5325-4381-b020-7093accfaa9c,0,20788
baa5cbde-acb9-4160-a8e9-d19ab0cf8063,1,18729
dde73260-0a60-49b8-9f69-fda6d4c5f8f0,0,22671
51053e12-3072-4f91-865b-922824a3f91b,0,6595
1f70d7ed-d3aa-47d7-acc6-3bc978011e42,0,2173
94cdebe9-2e48-4d61-9ac9-000500da285f,0,14353
3c183f4c-967f-41e5-a87a-d8dd5aac0fde,1,4177
142123c9-a348-48c0-9650-e53eb09be171,0,1392
588cad7d-1f13-48f1-8606-39a61bb41a76,0,7446
4da3373a-7cac-4c8f-8b34-f480331426fe,0,6174
ff47d677-c81f-4847-900b-a2cb12e06c3b,0,26595
bcaf0768-3841-4280-8de4-57e822f38c7a,1,18988
7034257a-0feb-4ec7-9401-931910086d03,0,10238
c8c5799a-9a86-4c70-9263-15c588d01449,0,20294
0b7cfdd2-3fcb-43bc-86bd-5a880c7874bb,0,916
a3085448-8cb6-42b1-ae24-13362196482c,0,15986
e9ae2d74-c795-4903-b423-ee28fd42598f,0,24060
e163b894-4cde-4368-bccd-107164c4820b,0,23085
7bb62dfa-58ca-4389-8ef7-8c3790e4fb0f,0,11553
24ed1939-bec5-43dd-9206-0a8091f2602f,0,2369
fd676e0b-14e6-40d4-8c4a-85d028559ad1,1,26367
f120fafb-66c6-497c-a6d8-02a650a7b7ab,0,24940
60a7d705-e930-433b-b08e-3a41809af118,0,8360
cbbd6761-0ba7-4d3d-81f7-f335cea85dd2,0,20642
9f4c377e-8f59-408f-a5a4-d6e4ce2a54ca,0,15544
c80c8b8f-e4af-48a1-a7a4-42ac433d315e,0,20212
baac301e-08a6-4267-a17a-78e3fcb23f21,1,18733
2abbf0a2-dab3-4c1a-a93e-764b15cc04dc,0,2606
316744f7-4752-4705-8ceb-6093316d8225,0,2902
21aea18e-5904-4663-9d36-54a43b90e4d8,0,2244
29000617-ac33-40a4-ac5c-19fb586edb69,1,2540
6ff5278b-71a0-4856-9f84-33f33bb8c471,0,10214
5b6f828f-98b3-4a29-b93c-763594d135fd,1,7755
52b704f8-55a9-46aa-a5ae-f1136cd3bf6d,0,6769
da1a9549-d500-42d3-ab25-81de9d2c9af8,0,22262
c9aafb1b-ee49-4eb1-817b-675100ca2c4d,0,20395
dde097c7-02c2-47e0-b154-6d300adc1f7b,0,22667
0c03597a-dc89-4480-9412-dd2121411278,0,982
f49dcbd1-e15c-40dc-bf62-44d8c593931d,0,25352
7286efff-9cbf-49fa-8d22-12608fca60ee,0,10528
c4e7b3e8-9657-4931-9acd-1489b0f4025c,0,19834
dd820c11-8c9f-443d-a6b2-543c924a389d,0,22628
c0018701-b726-4c75-b5fb-686be2d8b00d,1,19376
0f712b0f-1966-40e9-a66a-1025198a6966,0,1204
48578223-0a8d-4974-8f3d-aea6b709ccc9,0,5589
10aa6a8e-4ece-4bde-b3d1-4406ee847cc2,0,1265
7ce2d1bc-7861-402d-a82e-dd6cea547dee,0,11699
1b8888ce-5f68-4e0a-b05f-fabe9b4da1e4,0,2023
7bab06ba-97af-4635-b729-f3be8dbce660,0,11546
01ee3bcb-d6a8-4586-b0a5-9647969da07d,0,94
bdd8ef21-50b0-4243-b67f-95f3e197ae70,1,19119
9e37fa75-a5c0-47e3-b069-f4b255e77c62,0,15411
ec69eb2a-8d24-406c-8b20-6b2528af149d,0,24402
9cb05dbd-0a9b-410e-aa72-9a93594c86d0,0,15254
74e774b3-ca7c-47c7-b580-393f6a432206,1,10786
5db171ec-95a7-42b5-80ac-103bbfdc1f73,0,8013
3f382606-c1bd-4742-82f8-36feafa7e643,1,4542
5b0c3016-c88d-4b19-82f8-bee204b8e12c,1,7714
de7f40b2-741b-4345-881c-856526ec76dc,0,22735
c1ffc793-0e31-4396-a0fc-6f7f6cccb28b,1,19468
351fb5a8-d0ba-4467-b081-2cb45a3f88c1,0,3347
ea55a4ab-2ad9-4106-86af-eb646a95cd35,0,24138
4ff93b63-f90a-4b02-9075-d8b0b5ce6e4b,0,6466
933d6c77-4ac2-436a-ae58-6ae0f49fd8c3,0,14168
de2a97a6-b1f4-4f92-8bf4-3ebe503bf238,0,22700
d8de4b4a-2c63-4959-8781-307de9233934,0,22107
56cf72bd-877d-4efc-9464-c2991b225820,0,7251
a02a2b40-a352-4e80-8390-d44e1264bcb7,1,15650
628eea1d-9db2-4a99-acb3-0d846c3ac48f,1,8573
7a69c9e5-51ed-4b44-a143-7ba22fb87bcf,0,11412
dfa3de59-92f9-4180-9409-ed79ec06c159,0,22871
dc3d94d8-733d-4bf2-8767-adfb43da2fe6,0,22496
59a1ac85-63e2-427b-9f15-9321caf1c4b4,0,7573
72163e9a-c43f-456e-98a0-ba822f729a7f,0,10470
67723646-17d0-4316-a1d5-3008df3d2918,0,9182
0a5b4860-e6ab-4737-a389-9d0cf7300770,0,794
48ae9130-760b-4de8-9407-75eaa69987ca,0,5619
5bbf70ac-8665-4b3a-b07c-554e618883b7,0,7785
d0f3dd8b-a619-407e-95ff-b6bb1a0581bf,0,21239
7d5ef53d-94ea-4d7a-8914-0f36c2d1a2c5,0,11752
e43aae06-f1d4-4d81-94e0-a41518a24f3f,0,23407
06adea47-95e2-4423-bd9e-27daf8ed7de0,0,385
078aecd3-abe5-4a09-9c2c-4b13f852bd41,0,497
678ba86f-2613-4fec-9655-4678be4847c0,0,9191
90e7387a-be9f-4560-8155-e8f17d7c96f3,1,13923
5735ead4-b24d-411d-8151-e3bf27f8f0a5,1,7288
6f1d3c0f-0119-4a49-8bc2-343b95b110e7,0,10120
9adc6cd8-de4a-4d18-946e-b01811c95372,0,15058
5d1d1eb6-1c43-416e-b280-7aa689c4589a,1,7942
b5ea0a2e-1122-4183-931c-8027caf1eb8d,1,18187
06bc1cfe-23a0-43a4-a01b-dfa10314bbb0,0,393
a1a9bf98-fc6f-4678-a621-12abfb777542,0,15832
987237ff-671d-4142-93de-64036ccc6d8d,0,14754
80003925-909e-4ac0-b662-5768b58bf788,0,12067
9a730486-b77c-4f9e-b9a3-22109659d7b2,0,15015
ba4caa58-8efa-4835-b9b2-15887cf94461,0,18686
a5104034-072a-4425-822b-872dfc117f2f,0,16230
98a9129c-b79e-40a0-9145-7ea04332006a,0,14777
27d43d8a-ffe0-41b6-a96a-3182901c1fe7,0,2485
40e09e66-bed3-4fd7-9c73-683784dcf71c,1,4731
aaf36d79-6a96-4c5d-98e9-a38aeff084e9,0,16923
c2e6f280-192a-4dfa-9091-6e2b0dece633,0,19586
50292299-72e4-4729-bf27-e480aa6fa2e2,0,6492
06e40d99-227c-4fa5-a51a-8691b155b837,0,413
a18de084-0d38-4136-8eed-7829b88f6759,0,15820
aa09ebe6-e321-4e01-8658-2c668c1a1654,0,16822
7fa32698-17e4-4041-9f38-38fcf83c8eea,0,12028
71019686-932a-4b7f-b567-54d6020affc6,0,10325
aa97a07c-d3ba-4ad4-90ff-b49facc60664,0,16879
703a0f54-e627-4297-a5a0-ea29955bbfe2,0,10241
7dae5837-707b-47c8-9b91-823f68680867,0,11782
bc651497-8014-4429-a93b-5860fe9a205a,1,18937
ebe0f895-376d-4693-a385-bb1a742c5892,0,24338
88b61e45-e6e8-4a1d-bb26-475537397a62,0,12986
8b6be652-97a4-4149-bd5a-92464ba031ef,1,13296
38929efc-a8ad-42b5-9fff-8ba881a7873e,1,3744
e58809d8-f9ca-4dd1-ae64-c175c4c468a1,0,23587
cbe3bbb2-54ca-435d-ad34-17c41f9a05c7,0,20659
ff0090ff-4acb-4dc6-a937-86fa8f5e74da,0,26551
a3a3ff82-f299-42de-9807-c5272ba6ef9f,0,16055
d0d001be-d40b-4bb4-837a-7904f7c5aea9,0,21215
2cb272c0-90db-4e36-8a78-ed072efcdaa2,0,2683
85ea73b8-aef6-43a1-819d-0ceb0af633f5,1,12679
4b318dd6-201d-4cd0-8061-9481c18d7b6c,0,5903
f022b372-eb94-49d5-a92e-a1c0190602dd,0,24834
49f448e5-c3eb-49cf-9e76-dc8920369e1b,0,5764
0b6a3a33-e09f-4edd-baba-5bb9b34fe71d,0,906
aa4a3a96-38d8-4b4a-82ba-670d17a6bb4c,0,16844
47feb96d-3122-4c3f-afdc-ae81770803ac,0,5546
3bf6bb05-9ec6-4c32-a8c4-fdd7704c188c,1,4163
b35d57ee-f22b-4c8c-b959-3ee8eecef555,1,17893
4c2a3eec-38e9-459a-980c-545d0c50f7bf,1,6017
71f68919-662a-4163-8b50-caa5fa6ad96f,0,10456
71e3ebac-7d73-4728-b23d-a7c0742ecdec,0,10449
008b69b2-446a-43dd-9ba2-9ccff8f3da41,0,27
9492cf1b-646b-4bba-9b66-a5c643fa372b,0,14322
87069fbf-4fd6-4c66-8072-80d4b10a4f92,0,12790
5fe5ff08-5be1-4676-9bc7-4395b67514aa,1,8276
9791218b-e932-4580-a8eb-a835a596a338,0,14656
4a8d9d7e-0723-4267-af11-5efdc877aead,0,5836
64153094-959b-4442-9e99-e00ad85a65b8,0,8757
e81e881b-0e80-4ed3-bf64-2d8299f1b802,0,23893
806621d8-b401-4730-971a-974ffb0a66af,0,12116
477bf2ae-880d-411e-bd24-7c69fe0808ac,0,5494
7d1bf5ec-5d65-4c58-9214-4c9ad5db82a5,0,11720
43e19bb7-aa6f-4cf4-a7d1-6188e5bbadea,0,5056
0cd86974-65ae-4967-9fab-30c0b2db5fb8,0,1085
c3406b9b-8a4a-4a03-984f-1ec090f457b3,0,19616
fbedf818-1c7b-4348-b46d-7ecf27cb086f,0,26201
fbc0ed64-7998-4e75-b5ed-ba4c51e8d5b8,0,26174
9d9a0334-a683-455c-8351-1c5cef88c6b0,0,15344
6db5a292-f0b6-4e23-baff-001031e582c5,0,9943
f245e457-d791-4435-adf9-05a6c103cee2,0,25088
8a598b45-731f-4005-b5ba-3f09f2701dff,1,13167
35c45480-3cfc-4988-8bd7-4c1ee56ed88b,1,3423
21cca2a5-6cb9-4667-bde6-5fe4ac8d2a29,0,2249
c56cc0dc-78a2-4f91-8f86-7214ae601d5e,0,19896
66f41434-28aa-48e7-aa51-261822590986,0,9125
605e9bcd-d180-4b9d-aea5-03e6b9ab07d8,0,8329
a8545597-2873-4afc-a0a9-77bb14feb458,0,16616
d6f224ef-4143-4af7-a164-f7b1ad68e8d9,0,21895
f01f78a7-9c6c-4c55-83f9-e30aa84d3bd5,0,24832
3479a9b0-f4e7-4408-a261-979e0fe974c7,1,3260
70b0ae1e-ee05-4bdf-a35f-0d7eac98e3cb,1,10291
44532bc2-3b6b-4d5a-98a5-b250f5c98268,0,5099
affee2d6-21bf-4924-b47b-0a9c2ab8adb7,0,17498
c9464c74-1f7f-41a2-a6ac-c72e8afcbb00,0,20351
9028eb5b-b7e7-441f-990b-f698cc405c05,0,13846
d183d75c-a407-487e-b7a9-9daff7a48a20,0,21301
c2cb2fa5-31ea-4ff3-8cc7-a3ddf83bfb94,0,19573
9f29c2b5-9c22-445f-83f7-d0015376df00,0,15531
303390de-3812-4aae-893f-3f18897a6c21,1,2837
e5ffd138-39af-4e75-a79f-3531f2ff1b9e,0,23639
c5e75f6e-7e9f-4407-b73b-b6f0b566fbf6,0,19963
df59115f-e736-462f-89f6-1f0fbc0f59a0,0,22842
84e8714a-0b93-47c6-977d-0424c6412af2,0,12573
dd7cf95b-f215-4880-9f3a-b7eb7b27fb79,1,22625
0d1b742e-71fb-4eaa-88eb-b70e403ee565,1,1091
31eb47ce-891a-44f3-9031-96d8952b487c,0,2971
324ab8a0-8292-48ca-a1c1-c64c76a13673,0,3010
e432a26b-f360-4b51-bc5f-d7907eef6658,0,23403
6050ffd1-80ee-420b-a779-948eb09f9b52,0,8322
5acc56a4-1b6e-4394-9364-9772047d583f,1,7691
a185034d-2ce1-4d23-b1db-5ad910c03f10,0,15815
e55993b4-873f-461b-ae1f-6d6c682a3328,0,23554
89499aad-3923-44ef-a18c-4cb282de85e2,0,13041
3c902f5f-245c-4505-a825-0adf720fc74c,0,4239
e63c36fd-cbdd-4eab-8e6f-e38b89a0d474,0,23669
80bbe5b6-e9f6-4c67-bfe2-a644b6c9c3d0,0,12149
e9281998-60d8-4581-b1e8-58ae9d5a2bb8,0,24006
b8fa31a7-52ba-4bd1-8b63-0568b6935306,1,18523
9f63f132-7293-46cd-ab0b-ef1ed9754806,0,15553
94e1be17-a002-4fd4-8585-0ecd07d2069b,0,14361
662853e8-158b-450b-bb27-b02b3f9c7a29,0,9017
1ee4530d-88fc-4509-8470-42514c98b620,0,2146
4455076a-577d-4531-afed-17f91bca0ffc,1,5102
07a750fe-01d7-4d49-96c6-06fc1cba8504,0,507
fbdd7e42-8db2-4228-a4e1-b671e5414942,0,26186
165e4595-deeb-4910-b06b-89e2fba035f6,1,1587
e688c2ea-a039-4935-a072-f34e72d1a565,0,23710
70fa8756-5de7-4c3e-86ff-3664c9016364,0,10323
e7fbf482-7849-4311-8fe7-60652f38d387,0,23878
9dc79bb6-f234-4a79-97a8-c7356511781a,0,15353
4bc778c9-74e7-406f-93fb-d27b4c2c802b,0,5985
89152997-b72a-476e-9b9e-c1af6ef91505,0,13017
28b800b9-9a1f-452a-a13f-381369f4d8f7,0,2525
adea503e-89ce-4e46-97f2-e692bf9729ca,0,17259
ab71b558-cd1c-4ca8-b06e-05b4f3f48525,1,16979
b1e41792-6891-46f6-916f-526d9942fcf1,0,17733
a4a90296-f230-475f-b396-a828e3a53baf,0,16171
308e8db6-f833-45b2-adb7-0f019ff96135,1,2856
680fac3f-966d-4c7d-a188-a0cc14f735b9,0,9250
51daa411-4fb0-42f0-aa15-46c332656c04,0,6668
6922deb4-3824-43cb-b636-7ca579e4d64f,0,9364
75f0f18a-0756-4f7c-8e37-e91f9e5a24be,0,10911
45757e7f-5f42-482a-b5a1-8ec3d95e0939,0,5249
cbfe524a-a267-4255-aa19-97b27e0f1b85,0,20672
596b0199-8a29-47ea-b6ed-4752c60da141,0,7551
8a0de770-1fdb-449d-9899-75e36febff27,0,13133
576aef9b-1e70-4b06-b84d-a3e17a077167,0,7308
4ea1f70b-a38e-4b7c-871c-876eee03c1c6,0,6295
ed77d2f0-be6a-443b-aa7b-df5941cb8026,0,24536
71a17ca6-5e02-41af-9768-6b70349ddd1b,0,10420
ee1fedb0-5c95-4e4e-b278-d8c1e2938a6c,0,24605
75c03c29-49bb-4512-9ab7-bb3ed6ebd54d,0,10888
cafd1195-d39c-404b-9b62-9ccf3693627e,0,20550
6f7ad9a6-aeb8-49ec-ac6c-0bdbcf28fbd6,0,10166
53fbe60e-22bc-4400-9640-60c48846abf5,0,6920
179dbb8e-d6b0-4afa-bb53-f6590e3892c2,1,1711
eba26223-cd3f-4b8b-a4b8-3ebc3922da4f,1,24302
a205b165-66a9-4bb4-9cdc-f2e1c5845664,1,15863
d04cbe24-c089-4ef8-b0f0-f6eb21f61c4c,0,21161
4cb68d48-e377-4079-a094-2b863723204f,1,6084
c6a94bcf-ad99-4234-97e0-00f5f3db6b26,0,20048
ab6e779b-d387-46fe-be63-74bb6c2a1d08,1,16976
2abca87e-e85f-4415-9016-c11c824220a6,0,2607
90d8a795-072b-4a0d-a163-f489cf35ab27,0,13915
4c3a5b59-d0f5-465f-9e8e-431c43134202,0,6024
7e68dd71-1e3e-4fa6-80ea-fa2a226aa06e,1,11868
d1f5333d-31c1-4cbb-95ef-7ca66e5e6a28,0,21347
e8b7b7fb-8b11-469f-afab-a3fe722859a3,0,23958
8861a5a5-071b-413a-9000-1d217a75df71,0,12951
e7400b0d-94ee-48e5-bb7b-e05d7aa865a5,0,23795
d4eb4cc5-20be-4a1b-a2f9-5e3eeb05c38d,0,21669
822723b2-1db3-4f0d-a869-004a14a7bcdb,1,12304
ea2f0e9e-8cca-4037-a456-9fb1f07af5d2,1,24117
fdd20e4d-879e-4ff9-bc4e-8ec4184cfff9,1,26411
b35f52b3-12fc-4d72-a2e8-883d27d1303a,1,17895
9402fbff-b5cd-4372-a203-074a2f7d8bd1,1,14266
cb9ecaba-3042-4160-92f9-8ec0c451371c,0,20630
79aac290-1f8d-4348-a12c-401911a72ac2,0,11332
c99e0aac-6a3f-4773-9f16-a8a664cc3b58,0,20388
8fa2efa3-f8c8-4b89-9c22-e6468ec696d8,1,13791
7c64d86f-bfa6-44e0-80f2-9ba545ab7235,0,11643
ba395818-6a27-4185-98ca-a51c4c70b2d5,1,18680
bc0ec7cf-644a-4760-8b51-3defef773c82,0,18888
8cd0ae94-29a7-4c44-a95d-ac1415018644,1,13460
d111370c-c618-4b8f-a825-aa45f8f88cab,0,21247
42d528c3-7c42-4d3d-a477-0af31cca9aaf,0,4957
b75aac14-6da7-4b40-9e68-674f50c98a3a,1,18343
8da6abd4-8940-4696-bc43-6f0891cb7493,1,13552
6f7b0bc7-c23d-44fe-a0c5-bffd10ddf11f,0,10167
910ea9c6-196b-47fb-97b1-763ab080fc3b,1,13936
e9e680fb-256d-4453-bde6-a8a788ae2756,0,24090
6fa74ec7-50a1-4d00-a4fd-992155b7861d,0,10185
a6611942-c69e-4752-afa3-9b3411c1fbdb,0,16380
38c62eb3-02a3-40c8-a0b0-50539ef22661,1,3782
401b69a0-3d07-47f8-bfea-4bc30aa51403,1,4634
d427feae-7715-4867-b3a4-b63dd972dd4d,0,21573
2faeab4f-17bf-410e-99b9-77bf4ae75963,0,2813
56e7c708-fe02-4da2-a0d1-63c2d422836f,0,7264
575c312c-82f3-406b-8945-2b37da0364ae,0,7302
dcd51e40-60d2-4cc5-915c-e7f01a4dc07d,0,22551
d2e58976-fb07-41f3-b7c5-bd9418c6e15a,0,21461
4720c2ba-e4cf-40ab-b147-f8e713db9bad,0,5447
159745fa-e4f0-4e8d-8d1d-b64aee7cbb3e,1,1483
4b948dc1-39e8-4753-9ff8-11880f868b86,0,5956
162b39c5-d524-4661-b29b-8db9336dff13,0,1568
fe8aa582-6794-4665-bb34-9c9d6ccb5a56,0,26497
746f5331-7bb5-4e38-8970-f796f9c4b428,0,10739
caf811b1-2370-4361-9870-47ea76ca2ef2,0,20545
f1f50a9e-0873-4d8a-9478-541cbf07bf31,0,25056
6963c8f0-9871-49fe-b0a8-8afc8be5a035,0,9397
561d7e11-d3ac-4503-97fc-45b48e99afee,0,7162
ef3804ed-e5e2-46db-96d5-4748ac36a15b,0,24725
da85f149-657f-4fa9-b109-4b5aafe8be53,0,22299
ea478c7a-1203-46b9-875c-ec1058db2abe,0,24135
9960a81a-0977-47c0-be21-b00a40b89884,0,14884
9ca1a6ca-efb6-4d59-b829-76350431b766,0,15248
54bab00a-069f-4957-8c79-4177c98202d0,0,7015
675d018d-5f5d-47ab-add6-b83c25e8745c,0,9169
c38ac8c2-2de1-4e9c-8c38-1b09d89dec5e,1,19657
f5dc76a7-237a-419c-a28a-c3fc7ff43b65,1,25503
4ce52e89-424e-4263-ac53-c419f7219749,0,6100
89692e2b-c54d-4104-acba-8ff010111524,1,13061
9e1d2d4a-60f9-43cf-b598-08509e1df9a8,0,15400
5bff3562-a39a-4ce0-b375-e093ce02fd5f,0,7818
199d2377-7244-40ca-af47-f24ae603192a,0,1942
f6cbfc94-c9d9-458e-8ee0-4a80a3a9e49c,0,25599
376a6f4e-a470-48e7-9092-b6179f296e46,1,3602
b94eba02-b414-4186-8740-13e2696fb7a4,0,18555
00aecb01-a116-45a2-956c-08d2fa55433f,1,34
0d2b7272-c9e2-4ab9-a8a6-5806a6572348,0,1092
cb7d021b-b273-436a-bd7a-e68c11ed3f6b,0,20607
c601b6c1-5fee-4980-8dd9-69c4fa054aeb,0,19975
7cc9aeb7-259a-4eec-876a-71b8f92e7474,0,11690
2910d4e1-6826-4b3a-b24b-be04b8cb899c,0,2544
824d9f73-9c41-47be-984b-29b40f5a8b86,1,12316
9c15f135-c48f-4436-a60b-a9d24415bbb1,0,15188
ce8f443e-2b9c-48a8-9d76-503b94b7e93a,0,20969
5c5deec5-d9da-4b29-99c4-a97559736e24,0,7866
2673d0ba-ab94-4aac-8a9f-1599818c2c12,1,2426
751d2afb-02f0-4519-8e94-319a2c8ffc0b,0,10821
3ccd18df-0b1a-4a0b-ad46-00b602382ba6,1,4263
59a7bb86-70cd-4b0f-9f17-330e2a76f4aa,1,7576
4d8dd9fb-db10-4e3f-80ed-ff69ed8d799f,1,6170
5b80895c-63a9-4cdc-a869-5ca00043e862,0,7764
ebb499bb-0329-46f3-b862-3901b992d144,0,24309
31ea34d0-7ac3-4069-85ce-641bb524ec63,1,2970
fa91ac15-83b7-4d20-8413-39a68ca65eef,0,26031
425d97a7-c5ce-4380-ba60-5a01a6618e08,0,4905
87e37378-94a8-4af9-b645-e27140093718,0,12890
36664b0f-d7cb-438b-9318-0f890fb8129c,0,3484
c7d61820-601f-493f-a8cb-d88c9cae2618,0,20181
bf02491f-2614-420e-b8c1-8779dbf5624f,0,19250
4306c11d-d8b8-4494-a9a9-663d5dbaef8e,0,4973
b36c4e27-b189-4ece-a632-4d077154b611,0,17898
5ffb86a4-6c72-4720-b048-0fec124f4c5a,0,8287
417b1362-323a-4bc3-8900-e00849e4ff9a,0,4806
972fd317-0c35-4a56-aca3-4dcf1ec1fb95,0,14613
a4e3061f-0cd5-4f8e-b742-0ec0e433b923,0,16207
316314c3-dd21-4f89-8482-126db431406a,0,2899
cffb76c1-3879-4219-b54a-291be75b69fd,0,21126
d20eab1c-69ed-486e-826c-7c0b15dd61b3,1,21358
ca0d0a03-eed6-4081-bc60-4c8a17d518f7,0,20442
320fb85d-09c5-4c0b-be25-91c0086c2c51,1,2982
91963583-3849-49db-a281-6ced1cabf744,0,13992
64261ed9-63ec-457f-a7ae-a7ce346ed938,0,8762
73f63d2d-c2ae-41e9-bf79-b35228d829e5,0,10679
6eb8ad82-c8a2-42dd-9d02-f11c8544d7a7,0,10068
ed98d9bf-2d30-49c3-a6b7-8ac9e893557a,0,24550
cd42d4a8-38fc-4507-a4cc-d09c5213c4c7,0,20827
9681620c-bb96-4a93-b0c8-2e10912e88ee,0,14537
b56cf994-fd52-4c8f-8304-b820f397b954,1,18138
42e70b52-5f58-4106-be26-f49b4bcbc4d0,0,4963
97512141-59e4-4479-a651-22cf1a293327,0,14625
35c9b827-764f-4911-9630-7fd4a9de1ada,0,3426
21cbfa1b-6faa-4356-b1eb-a180d7d9b4ac,0,2248
c81d0b83-25ac-418d-8280-b0d0f827622c,0,20220
a5907503-fe71-4157-a34d-2e72fa02d7d4,0,16288
556566b6-d912-47b6-86fe-316d199dfa2d,0,7083
94d022ae-b64e-4a83-a896-60749294d3d3,1,14356
8b2d8d39-aae2-4a8e-96a7-e49b7bb9b553,0,13274
e605f5f5-ac7b-4aab-981e-ebee0af815cc,0,23642
c6164767-8a37-4663-a9a7-456e50ab6de9,0,19988
c0a4c55a-bd1b-4459-ba2a-8a687c2732e9,0,19403
7e681e62-cfee-462a-b7ec-78a1c1848738,0,11867
cdcc882c-4f61-4fcf-ba27-74fc68e60347,0,20885
609d1807-e265-4ef8-baa2-79f5f15bdf55,0,8355
70c2e653-8a6a-47af-b66a-4d8a9aed53d1,0,10296
7582dc32-5ab8-4060-9c58-2896bdd126dd,0,10864
6db32359-5e81-4f10-b509-5c55e1f27654,1,9940
7d11c6df-ddcc-4a87-b534-e627c5670702,0,11715
27fa7496-e222-4016-8d1a-5a8dd4db52ed,1,2494
15df7a1f-a2a4-4d5e-8771-3280fa1184c3,1,1524
a42c58eb-dbae-4427-aa42-d71de45db236,0,16116
f8529eb0-34f1-4ea5-8c72-30fcb80eb33e,0,25755
d0ab662d-827a-456d-ae90-f1aa5f7e3650,0,21200
325a8d1d-8b31-497d-863d-1c6d29b63835,0,3018
8e87d067-7d6a-43d4-85bf-e10743338aa3,0,13656
cfe6b27d-3e1a-4498-b087-1c7726ed436f,0,21116
5aeb9a45-0897-43db-bceb-fa36b87c4a3a,0,7700
c573cb3e-54e6-4ff0-bda4-1fd7621ee0cf,1,19900
31bef3ba-3580-40ab-a7af-567a5c95e4da,1,2950
d894ff12-6d1c-4e18-a576-dd118a52f739,0,22079
cc269df0-a264-4980-8d99-97a50322cc9c,0,20689
916c0fd1-2ec0-42cb-a0f0-378dc882aae2,0,13973
806a128d-7a2d-48f3-9889-575911eaa129,0,12117
17faf806-5b26-418b-8d5d-a1ff45539ea7,1,1764
27511036-dc83-4708-a928-d0e9f2923299,0,2464
0da8c767-77b7-4c69-98d4-2c5c91b9affc,1,1116
cf8aa442-74cf-4610-8b1d-980d662bdcc4,1,21079
4ffdbf29-facf-4a4d-8d88-af05e04dc613,0,6470
9b1481f4-69c0-4c6d-84ef-b495a0d7bd66,0,15078
e9af92f0-49af-41d8-84ff-35f89293484f,0,24061
85301ae7-1db0-4667-b75b-231b74c70c28,0,12599
80b32290-e877-4945-8b0f-848d3f3dd36a,0,12146
9cb5bc5f-4ac5-4da9-9d67-7d52fd67bc10,0,15256
ce0f8abe-6b5e-4fb8-b606-f8656f720896,0,20913
f43643f1-6b66-47ab-9c8b-042a0ddfb048,0,25307
533dd19d-7bd4-4178-9c3c-b10f0e44fd33,0,6826
ec8ab6f6-b08d-4768-86a1-07367371a0f4,1,24415
7110c59f-8053-40a6-81cc-e0d43919258c,0,10337
8f267e84-5b3b-4bdb-856e-731bac42409c,0,13732
f974e98d-2659-463a-9c69-6c596b1f249d,0,25890
c7cce8b2-c0f2-4234-ab75-203f214f8ffb,0,20173
9ee69a0c-e362-40ae-affe-2552e145721d,0,15499
0790ee1e-70c5-4f8f-9b80-cd10ecfd90f2,0,498
fbbd0b3f-2305-450b-950f-0f88754ebd94,1,26167
89ec20d9-899f-4788-90c8-2f4c936b26b6,0,13118
c1051685-99dc-41aa-be48-a3d120194035,0,19415
38763425-7310-4bae-92d1-579bc5024a86,0,3732
8192a218-3ed8-450a-bb3e-052e36567763,1,12228
b35d3c12-7c68-4747-b4a1-49c291b6ff94,1,17892
3c2ffd0c-b04c-4a9c-84df-09ec201f55ff,0,4190
8a233483-8ab2-4cc5-b32b-20fe40cc5d77,1,13143
ef2fe10c-f65b-47de-9320-7e074a8df297,0,24722
6ad0b1b1-255b-4c39-8950-f3ce7f9440d5,0,9592
2ebf23e9-cac7-4b6b-b77b-7ff6c3903634,0,2767
eef63f9b-654e-400e-9a5c-48454f122008,0,24697
bf2703e3-8466-431a-85ea-15a1f6976d0f,1,19272
e6214801-41ee-45d3-852e-18541823c2ee,0,23656
cf325673-d513-41e7-99de-2d3573e782b4,0,21043
12e124f0-b4dc-4097-96b5-b430c38c14e4,0,1345
55754887-a552-47dd-a5c6-2d069da40136,1,7089
ce507fe9-0d28-4367-bf6b-bbfde15845eb,0,20941
03a9498c-549d-4e7d-800b-e74797f7f625,1,175
59031951-8039-4470-880d-6299c575e97f,0,7494
5ec7b3fe-55ad-4a72-980e-7e031943a68a,0,8138
bd42c8a5-759f-4633-9559-41bd46e6ccc7,1,19049
a228d0c7-b6aa-409d-98df-569809daa353,1,15878
95843297-b9d3-43c4-95a5-c993f97f1b0f,0,14424
bc9683bf-595d-497e-8c99-ac9baed1a2eb,1,18968
67d59647-4c81-4830-a22b-6e9f3ac4aff7,0,9227
1f929e8d-0289-4712-806b-8894c2ba2f93,0,2179
a57aae30-eb23-4e9d-b11a-4c304c823364,1,16280
8137bcc2-320e-4610-abb3-b390465db343,0,12197
b24bde0d-d372-4522-b8bb-0fbc770b80ac,1,17773
bbafb79d-3419-47a4-97f0-1cb8c64feb24,1,18852
fe3458ed-9080-4881-a945-e13e9ff0d14c,0,26454
60e68239-72bb-4b02-9672-93db246ce10d,0,8388
a191ab08-762a-4a18-8c47-0ca62a76406f,0,15822
64236164-d6c9-415a-9e4e-05bbe20591e6,0,8761
fbb54a48-095e-4c87-b29d-e4eb2cf1adc1,0,26162
bb2eced7-c45e-4b7f-a25a-7eb36ad54874,1,18800
f8e0ed85-399a-4c57-afc5-a111923d2662,0,25822
a771930c-cb2d-4fcd-8ee4-8ce2acdd1115,1,16524
ae156b12-60cc-4140-a4f1-679cc0050ee6,0,17277
880f0e16-a8d8-4ff9-ba21-5cde5c2860f8,0,12910
ffc9e552-ca53-43a8-a156-b0f97f0d40f3,0,26656
cced60c2-0cdd-4730-8b6a-34386fc4dcfa,0,20778
66fa9eb2-1d44-4c85-acbb-f0952bbc929a,0,9130
518c6313-7d9c-4b30-8100-38813a8095c0,0,6635
d08736aa-d78a-4c3b-975a-ef5cf7f2163c,0,21184
a4ee1eee-ad84-485a-9e57-2d3bc006d406,0,16216
aa60627b-bdea-45a4-ace5-67c64c813020,0,16854
46863727-a70d-48a9-8497-fffabd1193fe,0,5366
9996b38c-4301-4251-bb3b-4d92e0d19742,0,14907
9bfc09c7-b267-4ffa-8670-969c86e6d84f,0,15176
a95db573-b59a-4a7d-803e-6bad441499f3,0,16746
d0ca74f7-0792-4399-839c-63ea481412e0,0,21213
479740fb-dbcb-4cfd-9923-d913607dbbdf,0,5506
d578cc91-9c7e-4f5e-b18a-f855a7d6b4b2,0,21727
277b4a9d-7987-4da4-b421-1d1450fc1266,0,2473
842eb0e1-5f81-4167-8e37-66d8dd5355bf,1,12515
4e31aec9-ea07-47c2-8712-678976de22af,1,6253
b51868c2-4a70-4886-bf3a-8d352c3c4249,0,18090
6083bbb8-b360-424d-af0b-c1fa67057968,0,8344
f700d213-ca55-4297-9e4f-4b0cad996a7c,0,25620
89b98f9a-d4e7-4234-a047-2e3874155181,1,13094
67604c51-1e73-41b3-b268-d136308d7f60,0,9171
67bc7433-4582-493a-af6b-82d0383d9c32,1,9209
cdde21cb-a57b-42c8-bf9b-e4964d0e0fad,0,20894
e57fc5a2-e119-4f17-b4cb-5bd50312bfdc,0,23583
e25d1f2f-99e6-4713-bf6d-59862f906444,0,23194
fa8ea2ce-097a-4e42-8f9b-c3d0603484f1,1,26027
58e38024-ca19-4410-b4b2-0230b1cf7320,0,7482
b0052168-b95f-477b-9220-e26a6d33f1d0,1,17503
0c4ed1ea-1d52-4895-b7dc-9e6bc16aaabe,0,1024
3d2acab8-4160-4aa6-8071-4ab0fa1313ef,1,4307
702a40d1-bd1d-4eb2-b3b4-89f8a34b3ca6,0,10232
fca8b18a-9851-4115-af53-6d7540820888,0,26280
9e7ff0f7-87b2-48eb-b450-5aed0c3c685d,0,15444
dbb5ca00-50af-49ee-be4d-c08f3046d4f6,0,22436
d1df51ed-53b9-4ec6-b798-6c4e1a31bc6d,0,21337
80a57687-c167-429b-84b5-3ed038c18e38,1,12141
45dbab59-4056-4f20-91f6-cff7c36bce3c,0,5287
302b8a1f-67db-40c6-94ad-d35ffcdc1200,0,2836
eb8ef9d5-adbc-40b9-b1a7-4d652eb95e27,0,24288
3748c51e-06c7-488e-97be-dac0614f5c17,1,3592
173da42f-917c-4e33-9c95-71132361599c,0,1673
37280a31-74fe-474a-879e-d349dd211e18,1,3571
e4a25524-a786-4297-9bf5-40a13a357e4a,0,23457
dff4a1e0-849a-4bf0-9895-a8bacaf9f44d,0,22901
da433d3b-2ada-4a20-8d8c-37c8be4f53fe,0,22282
78bf9fb4-4314-4197-b5bf-ad5a531c6a73,0,11221
a9e29985-9248-4862-ac52-bf81eb514e45,0,16808
e706c18e-3b33-43e3-8d4d-240e63789238,0,23771
543f6ac2-317b-4cba-8828-fd73fafaecea,0,6951
655d7db2-1a98-4c36-a64e-a56318454863,0,8923
dd8af8a1-6533-4c69-9005-971629aac506,0,22633
7478b0de-d067-48b2-b3e2-fd34319e0690,0,10743
46dcbdc2-0644-4697-853b-b9da4b15e3bc,0,5416
229e6aef-1467-49a2-9158-49fd8acea0cf,0,2272
e66c1d35-110b-499c-b030-66e223aaa282,0,23696
eb8665d9-57d7-409a-a20d-51d0a7767adf,0,24286
4dff7a1d-b75f-4740-9f95-461bccfc0d24,0,6224
87c025b9-0f2d-45cc-8d7a-bf6a7f817d15,0,12872
9484ddd1-8b0f-4c34-bbde-0f38a0ee0a1b,0,14314
263abde3-1556-40de-bf7d-7e523c37c010,0,2417
a5fc5c4e-57b6-49d9-86ee-7ebdf0710562,0,16342
7ad52aa1-d4da-4d9d-b259-47cd23dea84d,0,11454
2ae3e7ba-a0fe-4f0a-96db-d337714aa657,1,2612
4ffba6a9-623e-464b-802f-0b88b45d6847,0,6468
ae61cc11-2e4c-4715-8048-408677485e60,0,17308
c79c91fa-f96d-45c8-bc10-44770c7b8371,0,20152
42881084-b009-4862-8647-85deadf9ad70,0,4925
458d66fd-5dab-435d-b937-3e19e5302145,0,5257
c3e47812-378d-45cd-8e12-ddb59271dd81,0,19708
a7c3b865-bffc-4fbe-bcff-46d9cf0de9b3,0,16565
4ee4ca69-2b37-415f-930b-dc400b7bbb72,0,6326
6d323ed6-62f7-4033-bad8-18c3091fc616,0,9892
a4f59dc8-23f9-4738-9a5b-e72a28938115,0,16221
e626d891-0a76-4cad-9671-1d1f2993ecef,0,23661
508151f7-ef0b-460d-bc96-b71308c2159e,0,6535
6c507676-d297-45bf-ba79-17ae719bddf1,0,9784
ac720376-3ba0-4d34-9743-cd152ddcee2c,0,17098
a94b358c-1e82-484b-a36b-462bd297f9d6,1,16736
7f13b986-d939-4988-b2b9-30d34d88d3ac,0,11949
cf63d55f-512b-43c8-8c84-0aedfc89f3a0,1,21061
6bf26f0a-245a-43f3-b9df-c6cb07c4dce8,0,9738
c574ab19-0055-420c-b96d-5f562f4a019c,0,19902
bf70fe89-62f9-4df6-9372-71e16debdb5b,1,19306
859829af-a9a6-461c-8a6e-01b92f9b8cb6,0,12643
0d2bc8b2-2340-4deb-b29c-ae4da8fa5764,1,1093
fd69f599-13ac-47fb-bd61-7cc8514792b9,0,26372
3db17fd0-1423-41a0-9ae6-41f8c864caca,0,4365
d1bd7838-a821-41d6-8cc1-55edc432ac45,0,21323
9de217b4-1ccd-4e84-b0a7-3e4398687212,0,15372
82edc80d-0b41-45e4-8460-e46f64c67dbf,1,12373
d3420a18-3da4-4bcf-b602-81f08e1a11dc,0,21489
cf2d9b73-aaec-4630-ab0e-4e09ad68ee3d,0,21039
57fb3cf8-3d72-49bf-b7ff-057aff88fe05,0,7378
5469398f-af00-4412-a887-2e3a598e0c23,0,6970
ff21f6b8-5ebc-4097-a402-54d203884923,0,26569
e191c1c9-94e8-48fe-8ad3-bda04a74a905,1,23108
ea3f3fb8-d6dc-41c8-9bdf-a67b43570477,1,24132
f6d18c0f-9c71-4693-a8e2-56edd30008b8,0,25603
576a7e67-815c-47fd-a603-fcdab510ac78,1,7307
5d000d56-edc8-4f5c-a719-2233b722e005,0,7927
30f237ad-d9af-4f59-921c-5a6b579dd6ed,0,2874
22da0004-e69d-49c5-bde5-252ab5895da0,0,2282
fc81660d-7d13-43ab-9f1c-0608f5f21d45,0,26265
a88bd5c7-6252-4925-9237-33a450fa045c,0,16650
14b2868e-e0fc-40f2-a54e-609bf24da493,1,1418
9076de25-6b98-422f-9d11-cca443db24b9,0,13875
575014d8-3cea-4d15-9c5b-5b7323131fca,1,7295
8d50a2bd-0e09-4675-9c89-198b6e8756f7,0,13511
1a7606e0-4d81-4bbe-ae22-93ca30540cb9,1,1977
4cec7c74-e39a-48d0-8ec5-2b04ad0bfa3e,1,6103
5699df0c-aa5a-4109-8f23-1bed85d1470e,0,7219
8bcd3888-211a-405d-8381-fa46bb068826,0,13342
f7a1de8c-7802-4af3-98c4-4dfb088b986d,0,25689
6994ebc6-50b9-4026-9759-9a93414e2cf1,0,9428
142c4c2d-ef83-468d-869e-fc0d72768cfb,0,1393
49bd59e3-1535-4995-9965-1cf3a8e8ec5b,0,5736
7f6e7399-b358-4e34-9734-5d47d5287c51,0,11991
0b3e4d34-b9d2-42b2-8d4a-08e67098486f,0,879
b75e2a08-5609-474c-8ccd-7935e365f2f6,0,18348
100ffc09-4644-4936-95eb-54c41bdeb816,0,1237
187d657f-6de2-41de-bc6e-0bed9757aade,0,1827
07d1a89d-351c-4a75-993a-ba315142b419,1,526
749e4563-3d60-4e27-b050-931be5a86ee6,0,10758
8873a039-5a87-45b0-9078-087cae4ca4a9,0,12955
94c5c772-94d2-45e1-ba8b-ea88b5fcd325,0,14347
a2d2585f-bc83-47c1-91b9-610bbf191868,0,15948
4f2fc5ae-4c6c-4022-b012-6c809e78759e,1,6360
43d6213c-6a48-40f1-8021-dfbc48cdda7c,0,5049
cce2089b-ee5f-46fc-bcf2-b077fa4b8411,0,20774
4d5bf1c7-fd16-4791-a5a2-cc2175030d94,0,6146
f5bb54ee-a4a0-49d6-be55-5687176002f4,1,25488
85d10117-811c-4b75-8fa0-342d18eccbd1,0,12670
318fa96e-6db2-417c-a058-55e033e957b8,0,2927
3d6654d3-b967-4de5-8e27-7a1c18588dee,0,4338
9fd4b2e7-d443-417a-8436-b5921152ddd7,1,15614
ae2732a0-84b0-415e-93e2-bc78da6db59e,0,17282
82fe1495-d984-4693-9220-1a3eb1a03ccb,0,12379
c76aa53f-ef52-41b4-827c-4fa7ccbd26e1,0,20128
0c119e49-629b-4507-9df6-4dd03327b89e,0,990
7c142fbc-8cd2-4b09-a687-c0253a2a3b06,1,11608
3f243895-e345-42b7-998c-2f62a77836fd,0,4524
7bd663e2-0ced-434c-9db9-d333071ef06c,0,11576
479dd9fe-0360-4aa7-9a2c-bb51bb621459,0,5509
7f86ef64-225c-44ba-a1ab-e4ec82945ff0,0,12011
690f5a12-56f5-4fd5-8155-eedf06f18fc7,0,9353
d0084f80-ab8a-4c87-b6f0-ead404d29f28,0,21132
ee1d9d71-ab00-46b2-bcc2-6c42ce100cfd,0,24603
53b9792e-80ec-44b9-b9c3-a61b3a8fc865,0,6885
75fffdf2-1f64-4417-a9e6-171adba28177,0,10919
d563628b-cbde-4367-b71d-275634867e64,0,21718
bd110c92-47f7-418b-9cfb-10f645290ca4,0,19029
67c8fe1f-1823-4ccb-adae-f87ea3193425,0,9218
c9ed35c2-1563-47e5-9411-b34f2e9f36ca,1,20430
741500a4-d128-4b85-852b-428779f5c5ec,1,10695
8005e8b9-ab58-45e2-b902-8057864630af,1,12069
ff350a75-ff2e-44d8-a054-13fc5b6ac284,0,26583
4ab7037d-0c66-41ac-a1fc-964b638f6054,0,5848
327684d0-5fb9-405d-826f-5c8954cea401,1,3032
9b838133-a269-416a-a0b5-9dc3ea7d585e,1,15133
6a81e6c6-08e0-450c-8d22-687821b2a8ac,0,9547
9af51a7d-3828-4b7b-9656-484b25140e61,0,15072
f3142a9f-b625-41d9-a7b7-9a4aba0c2abb,1,25182
d9510352-d8d8-4d00-814d-6498ced6f8d8,0,22160
a4a95682-8ee5-42a1-a957-a4e8a924da2f,1,16172
999b36d9-7786-4b19-8b76-c92d9ccd8b6e,0,14910
f894a3fd-deab-4aff-b04e-8ff78aeae482,0,25793
bfd6493b-7b0d-4bb6-a7ed-bd69007dc433,1,19354
fa2e48d0-4326-48e9-bb10-9ee2d6600f9e,1,25991
8392d300-4e00-47f1-8bf0-aac94885090d,0,12447
ff863e04-0cd1-4cc4-b68d-f403d05193c4,0,26626
4facc369-ba39-4631-9e63-61ebb0d6ab3d,0,6425
d639b44e-32ea-4719-a519-daca89e77596,0,21811
23b6ebc0-f7eb-4df2-b401-678a810fcdda,0,2321
8acf34e1-266d-41cd-b900-5ffa4104299a,0,13219
c9af00ff-cb8e-4a84-8746-2dcc83835075,0,20397
1d1d8348-c6cf-4dc4-a577-a75fa779f8f7,0,2091
d8795f44-d739-42a7-8f94-5dd3cce71869,0,22071
f41e4af2-787c-4e1f-9d63-573c4665b90f,0,25300
06e09ebb-cb5b-4c30-8d3a-67a6ec34692b,1,410
628b5d45-db3b-4d2c-9deb-f10795950543,0,8569
d351291d-f276-4368-baf9-1c8258b0a632,0,21497
f3b39f98-862a-4323-91be-088327ab6da8,0,25253
e678a93a-0519-420a-9b4b-4f9ae4e0a006,1,23703
e13edb94-f843-452e-a6bc-c19322d9c360,0,23066
eec8811b-80d2-481e-82e6-9c931f73ab6a,0,24680
8bb961eb-7baa-4bcc-b92b-bce2538f7cf6,1,13330
f284005b-1ff5-4eec-b56e-87e0acfc247b,0,25121
8fee70d3-6e44-4851-b697-2935cff16177,0,13819
fab24daa-03a0-48da-a402-c3363abcb880,0,26052
ce8e0d85-44a8-4b05-b421-cc5c510aa7a5,1,20968
5f238ec9-6f2e-417e-9a86-bf91b19d2e2e,0,8179
883ba5e3-307a-46ee-9bb4-674c33c0f182,1,12934
0759abcb-6e42-4837-956f-d4e8a4cd3537,0,476
5cdd56f1-9ad7-4b45-81e2-6f5c0a890cec,0,7909
c40cf781-a0f7-4305-9dc5-7ece00f38f8e,0,19727
bb3c0af5-2fd4-4099-a68d-f0c0e492616c,0,18805
f30f944e-95b7-4148-9100-d11806c3f643,0,25181
c56b4527-615d-414f-a375-081e6f3bbfdc,0,19893
ef2755ec-e5e8-4f5a-87ce-be6e9aaf1823,1,24717
e15eb43d-1c2c-4e88-b455-16beddf88ff1,0,23080
abcb43a2-7b1d-428a-b909-e54c92acbd5b,1,17013
e941f8bf-a523-4754-b9cb-968b328e5c4c,0,24015
bda266ca-cecd-4d88-a308-0c8a05dd8315,1,19095
ed62c4ba-939c-44d8-964e-4fa516930af9,0,24527
6c7f70fa-16e1-4e66-b037-526273252bff,0,9808
f80bd490-f23b-4f53-aa79-fe38a79ae491,0,25736
a86e4390-6bce-4658-a4b7-68bc57455f59,0,16630
94587397-55fa-4ba5-820d-acbcf806c00c,0,14297
6d44602a-e27d-4454-95fc-e1043d30a97d,0,9901
5d605f45-8f8b-4f75-8abc-60a004c2b419,0,7975
c5b92898-2d6a-4047-97c2-6192d08fd9cf,0,19936
67d69522-a9b7-4c02-86b3-2d0c6a031121,0,9228
e0091a61-2aa3-42f5-8a0e-ad47a9ff7c80,1,22913
f23ba6fa-6625-4b77-9d81-332e5091b50d,0,25082
89d0f2c3-25bc-4d03-9ef6-7a6a9e82e4ac,0,13105
74fb09f1-f085-4759-aa14-e951de845919,0,10801
832145b9-09d5-4850-b0f6-8d5a00d48721,0,12397
e906f4a6-aa88-4a24-81e0-7a4a09bff224,0,23986
70cf28d0-fe18-4c10-88aa-ed4042535865,0,10302
497eff38-4ade-4b6d-a140-a5187a07f9fa,0,5710
c40d56e6-809d-4f9d-b666-5a7137c250ae,0,19728
8bd6bfaa-af66-435f-95c3-99c9f5e7074b,1,13346
65f2119b-0e72-4f6e-9ec6-194f56b5b07d,1,8987
accaf82a-cc15-4e31-a7ba-cd0ef77f4744,0,17132
f4e98c8f-b5f6-4e9d-9f9f-1d4694cad954,0,25384
33f0fb8e-35b4-4680-8f22-990a36899bfa,1,3203
518063cc-d0f4-44c1-9589-af6c046c6dcf,1,6633
71306441-f037-44b8-a304-f23203348998,0,10357
06ea9b14-2cac-42c6-b3d1-b955feafee23,0,415
1ccb82e8-abb0-406e-8c63-45603141f8b5,0,2075
afba92c7-0822-4350-bd6a-43706d515b70,0,17464
5bfc8793-0118-4c61-bab6-ef1b6851aa26,0,7816
94d581b2-b83c-4ff7-9d7c-9d4c7871f2a9,0,14359
580b69d3-58de-4072-af4e-3e7d63b0ed23,0,7386
b16fc815-42a6-4d31-a43a-d447881ef1d3,0,17677
cc7ae81a-3970-4214-bfc1-6e77c9dccabd,0,20730
ba5fd613-dca4-4bef-ae08-f1da4ffb13a1,1,18692
e84da550-d09e-46cd-94c1-617b6d7aa461,1,23911
c9e3c1e3-ee2f-4b8b-8e1b-b3042989810b,0,20426
42be7116-b6ec-484c-918f-997abe7007ee,0,4944
86548514-5707-4b2f-b5f6-0a025f4904e6,0,12723
34c12ed5-c4c2-43d8-955d-3694eaade548,0,3302
42c5ee55-68c6-4136-a533-779a9c4438b7,0,4949
6c53a195-c8ca-438e-a409-492eb91e3c96,0,9786
e08e0a02-10a5-4589-b17f-dc336d872155,0,22988
475dc586-3b53-45a9-87f4-77214667d628,0,5479
5df6198f-a791-49d6-8a20-900968839cd5,0,8043
d2b1cc21-3ac8-4458-aab8-49c93be82a73,0,21438
a8f7480c-c958-4323-9708-06d31de64295,0,16702
d2fb0399-7c28-4d9f-9ce7-64e7c4570315,0,21467
76fafcc0-915f-413d-bfa6-cf1194e1d28c,0,11021
d49bcf22-7409-4f93-b1b1-54306042f5be,0,21621
09a71d45-931c-4089-958d-3eca0f1e303a,0,726
572d6aad-14be-4637-a027-4c1924c17bf8,0,7287
a2cd771c-cc13-4676-806e-73bd45e25373,1,15946
8c2e89d4-86c2-4019-a5cc-80570b8c4dfd,0,13379
b2bf46fd-5c27-40ef-9f97-a56b9012d31b,1,17823
4ec146a3-3c1f-472f-ac31-5ec34e03385d,0,6314
e907438e-7530-4cae-8c4f-9534cf5dcfe7,0,23987
f57866db-e88b-45f6-b9ce-1a185ac5dea8,0,25446
20150694-71f9-433a-914c-c734d44f8976,0,2198
c59091e2-0cfe-4d80-8076-79eaf4095320,0,19913
6b63aba9-7423-49e1-8f94-a4277592cdf4,0,9668
e14f7f94-baf7-4dea-b3e6-d69b29576e3d,0,23074
514ac068-201e-4f90-a7de-ef8ab4550331,0,6616
019e035e-2f82-4c66-a198-57422a27925f,0,68
b4bd9d9f-9dee-47f0-a734-afbfb0e554cf,0,18058
8cd997ae-cf8b-4fc1-891f-115c502da6db,0,13466
098c0843-d0f1-4aa3-b593-925d9327e31a,0,718
79a4bcb4-885f-4220-b640-cc5b47457284,0,11330
b9201f87-a5ef-49f1-b45f-4c54272bc5d6,1,18538
d40018c2-05d5-4f61-8287-7f43580ea249,0,21560
a3dbcd82-9801-4981-83e3-303b294dc5f6,0,16080
c95f9e50-76ab-4ea4-a481-a7b5e23b7114,0,20364
a76fa487-2466-408b-b790-3f16fe026df5,0,16520
4d476ccd-5814-45a6-85f2-e419c9881065,0,6134
93eb36cf-5356-4be3-b740-1c4d7a842741,1,14256
88202379-2c7f-4aca-b976-dde9aca06e89,0,12917
788f75d0-c8a6-4d12-b0f0-2d9335336b0e,0,11194
55be1b81-efdb-4197-91bb-6e2b02a2f3b8,0,7124
baf8fe18-a7ca-4e9c-b3dc-5c80d474545b,1,18777
2391484d-edaa-4e8d-a993-1ff779eafce7,0,2307
bf3c9895-5781-401c-8f86-6764add1c311,0,19277
6f02e9d9-a4da-42ad-af9a-85448827d3b6,0,10103
f2fb646b-cedb-4841-8c6a-0b969e07ff52,0,25175
f71ca4fa-eabc-4ab1-b2e4-0535cdc25425,0,25630
b750db93-d4c4-4d0c-9495-a93bfd4c7d52,0,18337
56adf1fc-1db5-4787-843c-500c7102f22a,0,7228
a88b1cbc-3ab1-4cbc-b0b6-386e90185260,1,16649
e67c40c7-339e-4822-b9fd-4958a62c0039,0,23705
b5017804-ddc0-44fa-8d64-15628c25e031,1,18079
414e53e1-a1ed-4ea3-a39d-a94112b6f16d,0,4781
3b637053-8dd4-4651-8170-080d1a1a4e3a,1,4098
dd620b26-010e-482b-b03b-5b908e6f88ae,0,22610
b3fef4ce-65c5-48c4-8263-81c9e55e3ffc,0,17956
52286e47-f654-4cac-8ecb-346ac46333c1,0,6705
68d6f135-b26e-460f-803e-4789044ed367,0,9327
9a9cec58-b096-4661-8a89-f536aa33adcd,1,15038
3dfbfdd9-ac6b-4862-96ef-a0a90378d43a,0,4398
8cb08a13-17cf-4101-89c7-3ceebd0cad0d,0,13438
20199da8-1cc3-429a-90d5-95242e065fe4,1,2200
3ce7cd1e-20d7-4892-b0a3-1092f5d27f09,0,4276
6882ecfb-e577-42f1-9cbd-5f6408ae189a,1,9295
d51f1922-c0ce-4391-9214-a31a90686659,0,21682
e63f1c8c-e4a5-427b-9c76-23241732376b,0,23672
65d2460e-4507-4eed-bdb2-4fca29713477,0,8971
ba8f1b16-bd3a-4011-b9ed-37c464c73f20,0,18718
ab0a42ea-b988-4eb4-a6b1-2cdcabbc3287,0,16931
c6ee50ed-9f36-4aa0-8737-d4618f5a689c,0,20075
e18d538b-0ea0-4c83-811f-4cafe65ba401,0,23103
f8868bd7-01d1-43b6-aa99-29a98665dedc,0,25786
6c8351d5-287a-4b68-a5b6-dcdb1ec8ea3c,0,9812
2d0ebb7e-9c57-4a78-9728-e79b0f2bc91c,1,2703
4477cd9d-b6af-4e33-aea5-687bcd5f446e,0,5118
bfdbe64f-1ab9-4b72-a4b5-3ef6a057add2,0,19358
96ceb056-2274-4245-84ee-6a543f6b55d8,0,14569
ea20f7ad-5958-4a6a-b871-89e747593fd8,1,24110
da8b5a41-b1f9-42c8-9598-f813c7a0ceda,0,22301
876b6810-5df3-45c8-9d5a-9e3cd1d59022,0,12841
bdc88190-63a3-4998-a128-aab114604074,0,19116
f797d075-bb52-465b-84bf-da47866e002d,0,25681
bf9fab27-8eae-43b8-9a7d-5b59ef1355ce,0,19329
994a1363-1acc-4cf3-9703-13c0665dd4bc,1,14868
16198f03-b89b-470f-bed8-4b89d6dd69f5,0,1557
b6271674-f13d-4087-ae03-d6ae35381dfc,1,18217
528153f7-ddb6-4299-8ac4-9472d08faa33,0,6747
327988cd-ed44-464a-88bb-a903bef4c947,1,3034
c804803b-b734-4bfd-ac2d-9245261214da,0,20211
c2c4a582-730d-432c-a7cf-796e48ddcec6,0,19566
d92e2550-e573-4eba-a31c-aeba4f0b946d,0,22144
f02fe6d5-c4ac-4c83-9d9d-5274eb3488d5,1,24842
8a16c996-0d96-42fb-a51b-c60807a37169,0,13139
a919d4a5-b652-4cc1-a871-1c6bd652246f,0,16714
decf8538-d62d-4a7d-97ab-683a1dcb4022,0,22772
637c0606-2cc0-4512-a9e7-9003c4af2d62,0,8692
cd324889-a183-4d10-916f-d69384b4cb1d,1,20813
2a54c3ee-7d7f-4c32-9b77-87279b8777a7,0,2593
ae7c7ec3-778f-415c-a933-524fb2027eab,1,17325
cd6ec892-0c33-40b0-a4b3-8d29581e1782,0,20841
8e6720ce-43ec-4ad7-aa0e-e2e2a4d3a327,0,13641
812d26c2-852a-4846-832d-67a1a40dacf9,0,12192
c3a5e685-166b-4f22-b9bb-151a0040e0ee,1,19670
8319f614-7b90-4db9-b76b-5dcac62593f7,0,12390
e5f18540-d691-47f7-abd3-f41d8d967e1e,0,23632
d5a60727-74c7-45bd-8313-bb945a137900,0,21753
3f679b9e-6ebc-4a39-a08b-a1bccc6111a1,1,4555
ba0354d6-bf41-4e15-bade-9874cf47a9f5,0,18639
7160811a-8295-45b8-a79e-b72ac0d81410,0,10383
97d9b14b-c7de-4294-859e-c9a5cf33044b,0,14694
56da6217-43d3-4a42-9ac9-780f0036803a,0,7258
07752357-2f21-4e42-9015-27886b3d5857,0,488
9c83ee45-8c37-4540-8072-f3a9dbeeafbc,0,15240
53645011-e495-4bc3-a3fa-087aa3cde971,0,6846
fb10f71b-fd9d-43cc-a310-c5b48b7d22c8,1,26092
9fdcaddc-c6af-4a0f-8a63-6164c6f48518,0,15615
fe4eb388-7f0b-476d-b836-eb19550593f4,0,26461
cffd1abd-4098-4857-8b58-23b25c701e79,0,21127
0623ea89-c89c-4743-b492-55e398de4c9b,0,336
7c342eba-66f2-4610-b674-608c6717db71,0,11620
9f7bd17a-57aa-483d-90d5-be6a4b5e92b9,0,15569
d6f42116-609f-4108-8371-60a90563489c,0,21897
f1d2152b-c8a5-4f27-a688-4fc983d5d01f,0,25039
4b18a44a-5d6b-4bf3-9a4b-c8f5211e4f07,0,5890
abcc9e5e-29c2-4961-a783-873aa706006d,0,17014
427202fe-671a-446f-b522-881db579dfb3,0,4916
49b751b5-ba8c-48fd-811a-a09ac4d9026e,0,5732
6c8367ef-371f-470f-a1b7-9b6e9f0bc377,0,9813
c1edf42b-5958-47ff-a1e7-4f23d99583ba,0,19462
e920a237-e258-4c52-a5f1-f0a3af054849,0,24001
d69c5269-3c6d-48f6-9da1-c227c8a4fd73,0,21858
d7e71ba0-e8d1-48ad-883d-fa7c869dad53,0,22013
9a36a93c-00e7-4d9f-aa34-893a92043d52,1,14994
990168ed-b7db-4b6b-8d18-122b376a9694,0,14835
b7e6c8a5-c115-4a0a-9838-e74604a685b1,1,18404
d78fde71-f582-4ab3-9f55-d68a44cbd158,0,21978
86d67e58-0f49-40f8-a99a-ea61996caae1,0,12766
b937f658-a71d-4c4b-abb8-665bf48067a8,0,18548
b42c072c-9956-4397-bc22-3e52124905e8,0,17988
129a1251-95cf-4663-91ad-4e58bc0b2d08,1,1337
03c149d1-e420-40bf-8d60-f98d0fff1d48,0,181
3732fff6-535e-4ade-9b06-165b44f3e153,0,3579
d16966c6-7e09-40d0-9586-b2b1b767f8d8,0,21286
83a392da-4218-4799-8de0-01a088a509f3,0,12455
4e5f97d6-aa4b-4d13-a62c-3b934a380f04,0,6269
dd3652b5-1a3d-4ba1-9200-cd2479baca83,0,22588
5674f428-78fa-4e0c-8ecb-b5ecc2d83018,0,7201
78773a50-1513-4336-af38-fd93b12ddd57,0,11179
59a340f3-3567-45e5-94f4-9de2faf44a98,0,7574
eb82b8a8-8710-4364-bb9b-8dcfe0edf813,0,24284
d15c9821-189e-42c0-89e4-48e30067f658,0,21279
cb6fc930-b91d-4986-a959-a47aecaf957e,1,20601
72dc0bc2-8c6a-4214-b06f-862e9e8444bd,1,10555
24033d85-164d-435b-953c-cb8f12293ccc,0,2335
695abc42-9fce-40ed-beac-aed5f0d3cfb4,0,9389
ebc3e487-6b56-41d3-847d-bb5b04297b9e,0,24316
3bb9b9b3-b086-4083-ae6f-d1f86c3eb089,1,4131
56f6248b-1032-4ab7-a1fc-26ff44a0c483,0,7270
e3c0a6ca-58fb-4b9f-b56b-25491bbf3db8,1,23358
81a02f7b-228e-4b15-a0ba-21df6ae131ef,0,12235
c695b646-3055-449f-ac3d-574f61b86ddf,0,20038
5f1d47f7-b5e6-45fd-9393-fbfafb495c4f,1,8174
3703a60d-cd4c-4183-865d-82825a95af81,1,3554
802a0642-2f62-469d-9788-171db67894f5,0,12085
8966aa93-d9f3-4314-a54f-a7353ea12c6e,0,13058
6b5b8cfc-d9c1-4e7a-9808-648833c2a41d,0,9663
8700b00c-a90b-4c7b-876a-a4d58ab2f480,0,12788
cbc33adf-8a86-4c11-9c8c-ad657ce3afff,1,20647
15ee34b0-feca-424f-8ac6-9c61ad8ecbe1,0,1532
367125cd-22f8-41ba-97ea-6adfce7d7a4e,0,3492
9e6239f2-9352-4bad-a19a-22538ddd0e27,1,15427
770cdd04-9045-43dd-acb5-ea9c8b488d34,0,11031
7d19118f-519e-4cb8-9187-466aa4ec5476,0,11718
d1d10f54-3d47-4c60-aae2-dfd0f92e0b4a,0,21331
a0f962a9-f02a-47ed-894b-392e571994e8,1,15738
9fb4b913-c36b-4de9-abba-518897e49e94,0,15600
ace01ccc-dbc9-4d12-b6c4-6ca3dcafe11e,0,17144
ded4a0d9-8af3-4088-94cc-595ecb978db1,0,22776
04707463-aae0-4989-ae73-f9162275444e,0,225
659311dc-e5f9-4150-90c6-65e762f170e6,1,8947
646c5b26-1b84-4a22-9988-112cb6cce4c8,0,8792
82ea83ad-2425-4bcf-a113-520b8b0f7c79,0,12371
0022073f-cec8-42ec-ab5f-bc2314649235,1,7
e663d497-b41c-4361-85dc-004f4d3e4e47,0,23691
c1c3ec5d-20ba-42f7-91f9-48032d97ffc9,0,19451
b49587fd-c948-456d-a393-f6c186978507,0,18042
85f6d0dd-980c-45df-a971-b3a8ac3213bd,0,12684
ef7c58ec-8b59-4406-952e-9d54c34e6276,1,24763
7190f7a7-9e9a-453b-b837-2c7126e11968,0,10407
f5ddbbd2-7c2d-428c-b445-fad9b2dd28ff,0,25506
2a740d72-0dc4-4439-93ed-60cad708d7c4,0,2601
bdc1199c-b005-4489-8767-49bbd2bfd98a,0,19111
9847d82c-a98a-457b-be1b-9b18ecd8e277,0,14740
ff36df91-52bc-4fa6-a3df-1da3d3f6191a,0,26584
4a1c8a0b-533e-4406-b934-6269a6a06f45,0,5782
bab71d24-89ad-4ae5-bbc1-4d0b6fefcc52,0,18735
6a8a2a9b-b22e-471a-8b90-3c5f6496cee6,0,9553
7f9c4c46-fc41-4f30-8bb9-7173419139a2,0,12024
590aa5c7-9274-417c-9cc3-c33e69b19015,0,7496
29ce63f4-8e2d-4266-9b3d-00949aada503,0,2571
b5a5a9a8-9fe4-4eff-8ebb-9da7b9cb014d,1,18161
933fac42-c276-40dd-8106-bc72c8d2ecbd,0,14169
abd5dadc-4ac4-414b-bf8a-4d6939b2a526,0,17019
b927ae22-f24a-456b-bedb-b09416ed10ee,0,18542
f966c01e-ee55-4544-a700-032f9d538a2b,1,25884
de2ab5e7-5cdc-443e-9905-f4469d98f8b1,0,22701
44e4beae-e4d8-432a-9d99-e21efc4664db,0,5177
61cb0664-ccf9-4097-9cc2-c117814aa4f7,0,8483
cdb24c1c-9d66-4d9c-a651-ec6daa9250cc,0,20876
60be0810-9065-4e17-9828-b89b3a383b6a,0,8371
f16b2e43-66e6-4e8d-9879-63e5f0e36b48,1,24983
703d9ff3-85c8-4769-96e1-28473b8fd41f,0,10243
d9e8ebd5-c42a-4a1e-9b6d-02c6d97667b6,0,22240
473d1ae4-c517-42fb-93a4-cf0361b062b2,0,5463
6e01cefa-becc-4ad7-b8fb-c8172fc9e7da,1,9988
a9e83d38-0e1b-43a7-83c0-684ce77412d5,0,16810
3533d3a6-27af-4d2b-a232-ce489a2148d9,1,3352
e52bf7c3-8ee0-493b-9b62-fa99f8aa22c9,0,23531
50691612-2d64-4d61-8d67-bba6836392ce,0,6528
46f29f87-46bc-4d72-bc3e-56c6936abece,0,5427
51702d7b-bbda-42f0-90a8-cb7cb1812a58,0,6629
91e79237-1619-4698-9031-b12456ac426e,0,14032
6fe73af9-299c-4fa8-bb73-11e4fd4398d9,0,10211
3b66da46-f0a2-4e41-bd6d-68a8ba799708,1,4100
5a4e67d2-ce41-426c-a695-b98fb6e0a276,1,7638
8c6db598-84a6-4932-acda-c1889b11f864,0,13409
ded94391-8388-4a59-8e28-5c24729fe636,1,22779
d738846f-e366-4539-97bf-f84d2f5e7086,0,21945
964674ae-977f-4eed-9eaf-fb1b6f80bf29,0,14512
cad68992-1044-404c-902a-8613f513186b,0,20533
a16c339d-0eb4-4010-87a0-f422a08a00bb,1,15804
7700f140-9d99-472e-a862-8f590166d767,0,11024
8ec2e814-d1b7-47d9-aad3-070526a117ec,0,13683
6d6c53eb-4b90-4149-a8f4-523b65375525,0,9919
6dd191db-fa69-4197-ac72-943f4795170f,0,9962
7f9a94e2-a36b-4f42-9cfb-1f239c448784,0,12021
fa42a65d-581e-44bf-a8de-b89e9a6c17fb,1,25997
d72c29d3-1322-4e17-9472-9ab38af34234,0,21935
4c38a298-94e2-460f-b40e-f8ec669afebb,0,6023
59c74e8a-eefe-4f92-85b1-87f0d1bd34ae,0,7587
df07876c-6dc6-480b-8b62-440dc2c1a73a,1,22807
a1870588-5aa1-4a1e-92cc-62383776659f,0,15818
85e72666-5791-4882-b0ee-c0635c97ecd7,0,12678
ca05f71b-19ff-4663-8d3f-f205da54d135,0,20440
c3cf79fc-a710-4704-86c3-597656bcfa0f,0,19696
60036cab-47e3-43c3-8772-fb6bd7afdd2b,0,8290
d4ca6e9e-68f7-4218-810c-a4bba17e37f7,1,21653
524f5b87-d37d-4287-b7fe-0e7d05fa9d25,1,6719
0da20cef-4860-4363-b83f-eaa0522c0aab,0,1115
e5c8cab5-a3de-49c1-b42f-da1103d7a728,0,23611
28b55977-46e6-4113-a582-e93ba5c25cd6,0,2523
b85a43e6-8850-4518-b02c-65e4bdda87e6,0,18464
dcd72ac1-3fbf-47b8-b20e-0412c6446fc1,0,22553
92965444-fa89-41e8-b0bf-c132789b8295,0,14097
0c0da1cf-9514-4c21-9988-fb53c52528d1,1,986
0cb697cb-b775-4908-aff2-40dad27723e3,0,1066
dd3b5e52-b682-4b16-b7ba-bfcc66dc5992,1,22590
18b3a0ce-d693-4953-992a-4f83bcf89697,0,1851
477b167a-6a23-4fa4-bdd7-ed33c6ea7daa,1,5493
b4ea28a7-6386-4660-b499-af4eb17750e1,1,18071
a6cbb3dd-75ab-4671-a6b0-9a51c04a81ec,1,16442
8ee256be-e94d-4554-8929-a352bc0fba56,0,13699
cd78f228-1c12-4421-adb5-f739f0ce306e,1,20849
7f544a3f-e003-4f07-a3ce-6416930f0d0c,0,11978
77ac8942-4ce0-4447-84e8-af5aa5bc3f88,0,11102
dbd636a9-a182-4bec-9998-07959ebb8484,0,22454
da681fc0-f813-484e-b4e5-5730f3fb5782,0,22290
9f370a9a-98ea-465f-b225-a7b47211fb4c,0,15536
9eaa33ae-f5c4-4c9e-a200-7708a7ef9006,0,15470
8778c62b-df16-4649-ac6d-46aaf01f9f9f,1,12846
9f8f0210-3d83-407a-9443-38287d043bb6,0,15579
641ead6c-0e54-4a5f-a3c3-e49d137ce16e,1,8759
bc806df5-0a3a-40aa-80c5-5b404759a20b,0,18953
59cdf0f8-72cf-414c-8c16-1140498012c0,1,7588
3d8173bf-b588-42ca-a4a6-35848541f4a4,0,4347
ec0f455f-e6ae-4620-86f1-add320174216,0,24359
a25b612b-59c5-4401-a60e-bf3720be8d25,0,15899
515ceb83-83d3-4d20-944d-14394023a5d3,1,6622
d064a8be-a2df-47f1-b4f3-f340123c2d9c,0,21169
c7fc163a-f9ae-4895-8429-a3518617c06c,0,20203
bb7dca62-6180-4e52-81b6-8a9e09a4bfae,1,18839
002cb550-2e31-42f1-a29d-fbc279977e71,1,12
ab96fe46-8079-448d-a9e2-76b8e096e6ae,1,16993
8ebaaf15-3a09-4cde-871b-337654d5908a,0,13677
fddab3dd-9b99-46bc-a1dc-4aeab796e979,0,26413
422d2b91-c81a-4fd3-bd66-058c608a8917,0,4886
090f2c9a-8d1c-4583-98e5-b965a0105c70,0,654
1edc4667-1bfb-4ebf-a7de-7cf90178cd14,0,2144
5d9a916a-ddc0-4821-948b-7a9b16e3a31a,0,8004
04c08d05-e5f7-4de3-b0b3-d39b3bb9d113,1,234
eeabffdc-306a-46e2-b5b4-86dac89e1c4d,0,24661
f885ec45-b837-42bb-9958-c6f61a7982d1,0,25785
bae8feef-e8e3-4a6c-9c39-5b0fb90a89a1,0,18767
34b11240-350d-4383-a5bb-169bccf1e760,1,3294
5cde22a6-dc4b-4306-8af7-a81baa15734b,1,7910
c87e50e6-4ea6-4c58-99e9-de64408b8558,0,20263
63fe2b52-2b1e-4c81-8787-fd505ae97c37,0,8743
8e85dd37-78b8-4538-8228-480f24b3995a,0,13654
f51d825e-be93-4428-bcd6-3feedc5ffe61,0,25401
a33abb16-8b0b-4455-927e-f969a5864158,0,16006
31a00524-b6eb-4d94-99ed-e70827499507,1,2936
0695a0d8-d4b6-4dbe-bc04-497897e4516a,1,374
c5a693e5-e9e2-4766-a44f-66e0ab93ebe3,0,19927
4dcbea60-aaeb-4656-a64d-278d82a787e1,0,6198
8c9505df-3aea-4fa0-a21d-333430e31882,0,13425
d9c72e53-3295-43f0-b3b4-cb8725252a6c,0,22226
c5cebb8a-572a-4ae1-a52f-4d6bee77e1a1,0,19949
5a4ba729-d074-4991-ba3d-9247f17db955,0,7634
6479c18f-0b92-4ad5-84a0-53ed3593a2aa,0,8806
96d0f38e-6a5d-48a9-ba0a-8207ecf21df3,0,14571
cd378513-15c9-4d85-a7f5-57ed6a36bbd4,0,20819
8fac10c1-1b23-447b-9169-ea50cae270c2,1,13796
9326f250-c742-44df-8406-aa04112812f0,0,14155
ad04815f-f706-4323-bc71-a99cf971db8a,0,17164
fa0f397f-7b3c-4244-9692-80e622821131,0,25969
b37165c7-7ab1-4101-a755-49dd95eb6766,0,17901
1a4421d2-3905-4a69-b08e-b304f1ed5c22,0,1970
487fa774-01cd-460c-8a32-8382f995c2e5,0,5605
a66f6558-466d-4d30-81c4-8cf39ee06334,0,16390
bebf034a-99ae-4413-a547-ea806600f782,0,19221
0c3281b0-2ce0-4a64-a73a-4206f0c61d9c,0,1013
2ef4cfe7-bbc1-4ce2-ba1e-6df54a94252c,1,2779
6e015f51-cbba-4e22-b0d4-41f7ad839e4b,0,9987
b93d42c3-bc14-4095-ace7-a1c675cc77b8,0,18552
eb061685-c06f-400c-ab24-a7f702684c02,1,24225
be829396-e29b-44bb-9188-2a94ef84c539,0,19193
827ada90-ce8e-429a-a49b-3eebb2420063,0,12334
cc455bfc-0efb-418e-a45d-c42723afd6b8,0,20701
6dbe509c-2af2-42ff-990e-257a9517bbb3,0,9947
cab22af6-a77e-4c81-91c0-b41fe7d6e1ec,1,20519
3f24788a-dea2-4936-8290-68b53dd532e2,1,4525
606eeadf-1ee5-4ca2-96c4-cf3f94318877,0,8337
b630e58a-f0af-4a41-8996-c3c810de841a,0,18222
07332989-6518-4bd9-96de-f4513948cf4a,1,451
9a1fd0e4-262e-4856-85ba-88faf8b88726,1,14980
46c0c47b-2ca4-4347-a613-9660075eb0c9,0,5398
649bc416-efaa-4cb1-8751-c9652cb268fd,0,8821
c21ccf71-42d6-46e4-8e93-36c1c7e2be8a,0,19483
46e03a36-7c4a-4c20-a0b9-612e1469998d,0,5418
8f9bfc6d-dc1f-495f-b00a-91055613d458,0,13788
d43e1ae6-0311-4438-874a-0821d5bd5210,0,21579
9e9cdb6c-1a5d-4bc0-8a66-e0bef45f625b,0,15458
52816546-4463-4a7f-a120-7d492a86a524,1,6748
97d00904-d57a-4f7d-b18e-3a840e6003f5,0,14688
69b6a3c9-16d2-4936-bf61-4ca8a10722c6,1,9444
ad07e798-4dea-419f-94c3-f6ae51875465,1,17166
e1a1a4ab-a815-4bc4-9549-98a27f9e9ae6,0,23114
e88884e9-8aa6-4acc-bf59-3614a9282d52,0,23941
359355a8-5981-406a-a8c3-3dcfdde9169e,1,3399
f71656b8-8746-4025-a813-9ae4c61a0d36,0,25628
6f6eea6d-aeca-48ad-a730-ba52981111cd,0,10162
f97cec99-5948-479e-9b0b-8e80506ea61e,0,25898
3ca6b607-70d1-4aae-b5c1-9fd0d575ab8d,0,4248
e21d8d70-f784-4b28-8c61-f937308ec197,0,23169
0422a993-6daa-43b9-aa54-80104541f539,0,210
3fdef5f1-8ae2-4f9a-a72f-b094e3b47d37,0,4603
86bdfe0c-e6cf-4f64-a7b7-0bbfdbad6ab5,0,12759
5dff6446-bad1-4a42-af53-b02cd1e51b71,0,8046
b9b65900-2ff9-4d1d-8dde-80990a82974f,0,18609
9067a3b6-b8bf-49a9-bc76-675853dd37b5,1,13872
4da8fe5d-6aa6-47f1-8541-5df517781123,0,6178
85d71d6b-cbe9-4bc8-a83c-a3d4c3d94dad,0,12673
9efec342-ee16-4e7a-907c-c7af82575150,0,15509
0db8b03b-efb4-4a92-9c82-39a5bfecb689,1,1119
f3d574fd-fbf5-46fc-819f-649dacf56c70,0,25266
fa5236cf-8dbb-4036-b125-d54e8add3793,0,26004
74442060-1fa2-450e-95dc-eeb355c67b82,0,10719
b090dd7d-b4d9-4ebe-b36d-95f83510e955,1,17574
073630e6-3b52-4b41-a14b-bf8bb57e28ea,1,454
ad7c8d98-de29-4468-99ad-730b14f13571,0,17215
ffb9f122-b2f4-4531-8297-416fc0e47cda,0,26652
3d20406c-6f09-4872-ad8f-a05d777850be,0,4302
0e266ced-46fe-4868-8a5a-ef1be71d8f9a,0,1137
847e9faf-f5d6-45b7-8622-9e8fa4b907fe,0,12535
60f25384-f542-4670-88a3-ce73277da658,0,8396
1dcc3cdf-c92f-42d1-a0fb-3d0ee823a67a,0,2116
0ecd37a6-c1bb-40cf-8e48-1020140ae173,1,1169
577fbe16-0b7a-42e0-ae7f-f3e98c8c1ac1,0,7321
f1f66038-121e-43d7-ad6f-5e17c9ffd0f2,0,25057
07a35aa8-491e-49f2-a9a3-13df10f32484,1,506
37078fab-b7ea-4b7c-b777-906672cbc684,0,3558
8b23b2fc-0176-480f-89cc-b63a948469b1,0,13267
8aa9d5ca-5419-4abc-8819-66a2d37c8c68,1,13200
19377a2b-4f78-42f5-bbde-27c797d84cfb,1,1903
668f5041-3bc8-45f8-88d9-2fab7d1b07b3,0,9066
5808c0e2-8c62-4224-827a-3d8eaf68768e,0,7384
51461563-5a0f-44b9-8ef6-3c6967c522e1,0,6615
81785a74-18ad-49ba-92c6-e570b0d4ce57,1,12220
90710ba1-7628-4b4c-ac71-a61944ba3825,0,13873
c7a86f8e-20da-4f75-a2f4-3dc176cf7f23,0,20158
4ade4645-44d9-45a1-b574-5d1718c1e76c,0,5865
ea63c764-861c-4424-b708-2b238849ddf9,0,24150
a7b318d5-f8f7-4906-a207-6d13ce34217b,0,16554
7fc6b59d-06fe-417f-9622-82c39e30c4a0,0,12043
de31731a-a0ad-42fd-ad28-679d712fe6c0,0,22709
3febbe1c-f386-4ced-b8a6-2047f56f33d5,0,4607
35394354-d37b-4d2f-89ee-152ad05a6b8f,0,3355
f741a9b1-f5d5-4160-bf27-bf8dbc94cf50,1,25645
e8aef678-c41d-4c2b-8de6-1ebab8c6aec3,0,23953
571c68fb-a4ff-4ec7-abba-6911a6c05fb6,0,7280
4c7afe96-9f99-496f-a4c4-d27a3d76a767,0,6063
c399ab28-b477-433b-924e-6d6046ff23ff,1,19663
e9bf3ff2-086e-4ece-a12c-2fc9376a54de,1,24070
78dba4d7-e138-4d40-b6a5-ac2d8c65dcf5,1,11237
da1f3a87-8ffc-434d-8a00-a7faf37d1a98,0,22264
748efb04-93a7-45fe-b4ef-4e1c2ddf0d3d,0,10754
b56217b6-1283-48ea-b96e-1a6e4afe3f83,1,18134
94acade9-f3b8-4b53-860f-e91bb9c33986,0,14334
44e1c022-e1eb-4636-9204-c9a6e762873c,0,5175
bfc8780a-6911-4006-a427-0898ccd3a5f9,1,19349
4a6f5410-4668-4cf8-9628-5b09dd40c527,0,5823
6982a34e-4c06-48f9-90e0-2f86551bd9cd,1,9417
4e89a60e-6263-4dbd-a4af-00f5923cd0e1,0,6289
acc17db4-7fc3-4657-a8c1-0555bcbeba48,1,17129
c3146b7e-b141-4f08-84f2-e9c8d88674df,0,19600
3e38095f-34af-4320-9e2f-a1979b96787f,0,4424
5e2ea4d6-82c1-45d9-8f53-680596618d06,0,8060
feaf9f54-74da-400e-85aa-35db240cf11c,0,26514
9cb8c9b8-33f1-44c9-b947-99a9e748a16c,0,15258
668e680e-64ea-4730-ab78-9d2aa81de2e0,0,9065
d90addc3-4722-4df8-9dce-e6cd4fe804f6,0,22126
925910be-bb21-4003-824c-57aa7bfecf5e,0,14070
11b2df19-6f41-488f-8b84-4fdb6b81fd1b,0,1307
87dca9bf-d357-4e97-9c17-3d4e4bd8d130,0,12886
0f7aad9e-fc37-4689-8c84-3a83a6bd79b0,0,1206
3b1a0e72-4870-4927-8171-293f1a767bde,1,4057
b7f61871-5e78-4b27-bcc8-7c452c4c746a,1,18413
cd0890b1-db82-4e4b-9198-68d157fd9662,0,20799
97558fff-a0e4-4d73-98da-0de2750873fb,1,14629
84232adc-072c-4fe6-b120-c28e25fe696f,0,12513
353e8a3f-aa4f-4688-942f-7e5616923d11,1,3357
978750fd-f31a-4b9d-9b29-272b2e1a2863,0,14651
b551156f-a0e0-4895-9bd5-c4e6307f077a,1,18124
66d0c0c2-6e75-4481-b1aa-1160c602fe68,0,9108
cde2a4be-8a7e-472e-8303-65c4ee046758,0,20898
edab6621-2221-4ee0-9197-c9eeec201cfc,0,24562
dc139b00-cb28-4a79-b35f-44cc18e19ceb,0,22471
f01e83de-b63e-4960-878d-338ef339f296,0,24831
646f33bd-0722-49eb-87d6-96179afbc92a,0,8794
4d4942d3-22cc-4dff-a753-cdea5e1a3498,0,6135
e4373be2-37fe-4bd6-ae16-4f036375cf94,0,23406
4b04ae4f-7d4d-44ea-aec7-5d8e673e8ce5,0,5883
dbaf93da-7dca-444b-9df2-55314829595e,0,22433
3592ae43-bcf5-48e8-9cca-680c9a724831,1,3398
1871337b-8e0b-4329-93a4-b0d9afc5c814,0,1819
be89e82c-0f08-4660-82de-c2fe903df1c0,0,19195
f12565af-43de-4bc9-9dba-a8a3e9c8331e,1,24944
95ef1bd3-c207-4d70-88fd-c37c275086bb,0,14477
af7a0cc2-9ec0-4f3f-835f-3321b191925b,0,17437
bc60a393-9f5b-4a49-8e93-9d5346f61f5c,0,18936
8077e4fa-9313-4341-bf31-95e26b0065ea,0,12122
bd32649e-99f1-4563-b4a4-4f4d8e547f12,1,19040
18b0c02d-4023-49a3-9a47-ad663cc1c7c6,0,1850
8e9c142a-1265-4ab2-887d-fce3b9b46ff0,0,13662
f23b3fbf-b769-4333-85fe-8b218421465b,0,25081
aa059d1a-95c0-4630-a762-f0e8be3c224b,0,16821
3ce7964d-2578-462f-9d81-e5415bd44fcb,0,4275
6b351e8a-67d0-4db7-a7c9-ab32c5e55109,0,9644
5e87c22b-dcda-4e24-aedb-113216cf5dbf,0,8108
9f70e16b-6372-47ca-8589-1862539f0655,1,15561
9b859eca-0762-4fac-b562-fcce5619e9ce,0,15135
ea3d1dcb-9222-4e66-b7e6-a45e78bd339e,1,24129
0ac7133f-2b44-44c3-b377-de36af4dbc87,0,833
b17fc3e8-99ee-4297-8432-0bbef7d24e1b,1,17687
cfb16ea4-cb3f-4c91-a191-887f764788fa,0,21092
d03b693d-8e4d-48ee-8cb3-8577680a55e4,1,21153
546820e9-9ff5-4047-84cd-5bb990f20ebf,0,6968
0702a884-c189-4a05-bcf5-dc72f4f406fc,1,430
5a4a8c72-7042-41af-9869-32cb8d493110,1,7633
dce268d1-f61f-4ac3-9282-efd605fd21ac,0,22558
cdb6e5a6-9532-4417-986b-5bec341e9096,0,20879
4261241c-2349-4c92-a283-e9d3af024c49,0,4907
f33c4b1b-b30d-4fe8-ba79-f5321fb0357d,0,25201
b18e9b1c-e430-4200-8553-e585e0c49afc,0,17699
39276e28-456a-46f8-b74d-42601c7ec17e,0,3832
ad442ea0-39bb-432f-ad70-1f932cb3abee,0,17184
abbefda5-54df-4e52-b716-50fe19fff3b9,0,17007
b358f0ea-23d2-43a9-a5f1-54fc78a8c5e7,1,17886
a09e3acc-b0ed-4da1-9922-3d49aac9257c,0,15694
c545e743-e2d4-4df5-a22b-d512cc59c723,0,19879
9e42a9af-874e-403e-9af2-8f1c21fdf4c0,0,15413
f9a41f85-2c42-4b7a-bc19-b0cf75e22d7d,0,25923
3a5b4890-bfe1-4953-add3-a1bb443d862b,1,3978
f99f9af4-013d-4add-b3b4-a6bc133f3f2a,0,25919
58bf27e0-a307-4d29-a977-511340f4572f,0,7465
163207fb-ef50-49f9-a00a-9f849cdd05e3,0,1571
c4c95556-7780-4c6d-a3fb-8066b8e5bcc0,0,19819
9adbd449-6460-4d18-a684-36ae5415bd19,0,15057
e3295022-dbdb-4dc1-8b9a-e929df6844ad,0,23291
d5e1c771-f2f2-4a2a-afbd-4b14b3198500,1,21773
0124882b-de2f-4023-985f-debb74aa6ebb,0,52
93e36af8-ab53-487d-a486-3d0e0476bb84,0,14253
0acc499c-802c-47e8-a297-87ea7d971462,0,835
5abda549-795b-4166-8e6d-da61910512dc,0,7688
ab150245-a188-4c66-9b84-e7dbf1f1c6cd,1,16936
32f38c16-cd6b-42f0-8a20-68115d2ce57f,0,3096
9077f3f9-a623-4fec-beec-53b3ac5b095a,0,13877
fd08f9c5-1101-4353-bfc0-12d06be82d0c,0,26326
3e5bc7cf-8a38-4632-9566-64c653b44b04,0,4438
93149c11-97ed-4f89-94ec-f8c41041dde8,0,14147
89b8ae25-5f32-436a-9a03-4b39a9a25879,0,13092
8456b86c-807b-4ea8-9827-b15b452d685e,0,12528
c4f7c287-fbe1-4bdb-8e93-040c3d897f98,0,19842
c9c92e48-b002-49a2-ba82-d75ae38258eb,0,20412
f6ae6a07-2f67-49cc-92ac-c84daae85ba3,0,25586
9d98164c-1834-4fd6-b423-0b3ca79852ad,0,15342
9e763f85-b627-45b6-ad70-2982aae80d5d,1,15438
fa3038f0-67dd-43dd-89b2-a926afe329d9,0,25993
96891c2a-753b-468d-bba1-610cfb7b7687,0,14542
3897fd2d-8a09-4b85-9e18-a86ef62b4ca9,0,3752
3859c702-3847-4208-996b-583666a4799f,0,3719
ec5e3484-2fab-4fdf-a264-58b1d001d0e1,0,24398
e304f03c-1510-484e-afc0-aacec02c1b92,0,23275
a961ccea-6d12-42a5-b788-d0a5633349a7,0,16750
052e09c0-6747-4f72-8e71-96fcc489043a,0,256
b97b78b8-bcb0-4694-aa55-d3ca9c4396df,1,18579
bf1fe75b-d77c-4580-b832-a2cae12c3d47,0,19268
63001e5c-b9ec-4df2-913a-540f18912428,0,8626
578e3b58-53cf-44e8-9d2e-81bd47ec7edc,1,7328
8a57180c-4321-475a-8448-8db41045c604,0,13165
37abb6cd-4189-4750-bfdf-faf6bad1b233,1,3633
4c3e602d-e745-4f9c-bd5b-91129e431f63,0,6026
68270fb8-974b-4e35-87d9-ae5d77cb166c,0,9260
9388011e-2250-40d3-be0e-39bc418d984b,1,14209
89ef518a-ad5f-4f83-9125-ec26c1006662,1,13119
eb556a63-312f-4728-8f69-c473734dbaa8,0,24265
ec155171-b8d2-4789-9953-b3c3edc0d674,0,24361
4439655c-05be-4fe1-aa57-941dfd0cc3b4,0,5088
f54386e6-9f2e-4e3b-b6e5-d5bea5f40983,0,25417
9f3f5192-ef06-4085-bfbe-17ec62087fd4,1,15542
925f5f2f-a22a-431d-bf1a-2e45d8afaa38,0,14075
ceba48d8-8898-4c57-a83f-8eb22f9b9a71,0,20988
bb50d849-8c22-4e5a-8607-a14c01772941,1,18817
dd84fb76-ce09-4dff-811e-a25e82bbbc3f,0,22630
09d868e6-ad0e-4a55-b8fd-cf46e84dd08b,0,748
490e20d5-2401-4884-90c2-707ea9cffc36,0,5663
99e6d0cc-823b-4452-ba73-08ef4d4ac63e,0,14952
a7b0fd23-6754-40df-b4d9-c27e61e66c85,0,16552
b50fc2e5-6fd9-4d54-badb-97be4b5a733f,0,18089
c7cec1b4-27ef-413d-89a5-7fc0740e73a2,0,20178
524d6970-d373-404d-b6d7-16f4744a6220,0,6718
64a52b2f-1823-4ade-9e60-0333dd70fcb4,0,8827
98ca661e-22c8-4035-a377-f06ad514d05f,0,14803
f468ef88-8f3b-445c-9e1b-ad15b5e62dce,0,25332
cd7c63f1-c5c0-4c79-9538-0527dbaa40c4,0,20851
9edc3935-3942-48c0-8666-bc5857f24aec,1,15488
b159a6c8-a3de-419a-a9c4-41309ef57e0a,1,17661
eb39fdf4-dabc-4891-be58-4db7768b5fcc,0,24253
3df8778b-822d-4cae-8f94-9fe156c601b7,1,4397
c9d30580-9a8f-4be3-8a6f-7a68893cf273,0,20418
3cef4f01-3c89-4f51-93a6-9e0ecb0685b9,0,4280
bb6164ee-9b30-4b94-85ca-5f9d94b2ce4a,1,18822
8f1e9f08-630d-4ea4-b448-1d465801d7e4,1,13726
bca2c151-2431-4595-80c7-75480a196c6e,1,18973
3f7e55d4-fa63-42d3-8732-98d16f2e34be,1,4566
c4461858-822b-4775-8284-64672cfda1ed,0,19756
4220da96-cd03-47c3-b573-34610582789e,0,4881
8c37cf0b-8663-4b20-9c89-2b452d8863c8,0,13382
40ba3b29-2a7d-448e-9b45-195866e2d379,0,4718
5c0e0efc-38f9-4335-8283-77502ffd5738,1,7825
b0b392fd-3cb8-4888-bf0f-3b7ee0a935e2,0,17586
d17ad5c8-2c59-4b36-9722-3d4e9bf12f87,0,21293
e183cf86-9cc7-42ea-8a35-f9abb41edc72,0,23099
49b95513-daab-49bb-bc6e-c5254ab1bc07,1,5733
bfbf1dcd-242c-4f22-8ef3-f72c8295535f,1,19346
5335c092-fa66-4c3a-a4ac-8455eef0ab8f,0,6822
8b2e2e6b-422f-4196-9209-10c722b2e860,0,13275
33aea267-1950-4677-b4b0-fcf47f5669e1,0,3167
97bae038-f27d-4bfb-bc3e-17401b5a51b0,0,14676
8698df10-24b5-4b01-ab93-373ba59e26ba,0,12744
34c9ca0b-413a-447a-ab1a-66b08a53af7d,1,3304
c319b111-f61f-487e-a02b-444ea13e36ec,0,19602
42c272c7-2094-486c-a137-93edd11795c2,0,4946
c4c4ba61-e74c-4c47-834f-6dbd46ec7d63,1,19817
f7141c5e-6cfb-4306-a138-090db3e9fca3,0,25627
9283e10a-d8f2-4a0d-a1a6-041b82f53a9d,0,14086
7e1eb863-810f-4d45-8b27-bbbe163ec790,0,11827
b353a850-9c2b-452b-9610-21e27b01d4fa,1,17881
69316024-89de-4120-9c51-517130bf56d0,0,9369
a8d6dbf0-da08-4f0b-a783-fc278f70cd98,0,16677
4b01e62b-30b3-49b4-bb17-b7791bc0bec8,0,5880
c5115b65-7100-4486-8ffb-a9717fda9a99,0,19856
91ea75cf-4640-499f-a946-beef02b0b55d,0,14034
70f201ac-a1a4-44b6-a99d-86018378b3ff,0,10320
c801ebd5-8032-473d-8a47-de337f59c904,1,20207
73827f0b-0bc9-47eb-8249-14621ad77f5a,0,10629
7036ea1c-3e65-4fdc-8919-c1d29ddd1e58,0,10240
6ef86ecb-cc66-4b49-92bd-503b08de6e86,0,10098
4cb132b7-ff26-474d-a00e-b8427c6f2ff7,0,6082
476fd67f-33e0-47e7-b7d2-5f6e2afe4662,0,5484
5c433812-c8db-47af-94ce-9c6ee552cf7e,0,7854
96b1a1f9-bd36-4271-b895-029c23837514,0,14551
6c14a983-030d-4c0a-9f95-d5816eb39f10,0,9756
c1f7889a-9ea9-4acb-b64c-b737c929599a,1,19464
ad2795da-9b5d-4496-8f2c-ee94098aea1c,0,17178
27f779d2-3488-4536-9f8b-00932d4c0806,0,2493
e9c670ef-5a7f-4845-ab5b-960b025ad572,0,24074
77a50626-2a5d-44a8-8013-af001549b769,1,11100
5d6c60a5-3e2c-448f-8162-141eeb27098f,0,7979
c89e8310-dc56-4606-ba30-126e1f5f13f5,1,20277
3239951b-6211-4290-b237-3d9ad17176db,1,3003
ca619cda-c3c2-4891-85d3-bc985df4b818,0,20485
809051de-d646-4cd9-9078-cd722b99a4a0,0,12130
477986bf-e6c0-4cb6-8287-8ab2a0ee98e8,0,5492
41a42062-6911-4f89-ac12-ea7829d0466d,0,4829
92c0e88a-a04d-4ca8-8810-672b38fb309c,0,14112
57e54485-0889-4641-ba5c-54cb2fe1d0c7,0,7370
3fad6559-5289-4da1-a682-df0c97a08e38,1,4579
48ea9943-604a-4f7f-bf84-22ef754c5e2b,1,5646
40668cfa-55dd-40a3-86c4-805dd9d32202,1,4674
7dafcc49-2627-433f-b5c2-3a0e938848d8,0,11784
4bea6d01-164a-4cf1-880f-7d5050481f3a,0,5993
d325fbfc-2b75-49c0-ad11-42f673673b49,0,21481
d1fa64ef-bc83-46f6-87ae-75e250cdba11,0,21350
5f429cb7-1eb8-4819-8269-02256d91227d,0,8191
4b2aaf6f-3a6f-4033-a366-309c7b524cbd,0,5901
fcf2398a-3fa9-4837-9128-2c60462b9acd,0,26317
eb55e5c1-0065-4478-960d-fdd19793fb96,0,24266
e3027475-6526-42ca-9284-2194811b5fda,0,23273
373e90d6-1d02-4bc4-9769-7763b3b52c4c,0,3584
753502aa-096f-4cc1-b37e-fc5780193db1,0,10830
6073d6f5-d5d8-4b0c-911a-9b8374dd1348,0,8338
a7451488-eb1d-4e68-897c-8d57b9722e03,0,16498
828ef404-6b29-46fd-a51b-11d18eaac71d,0,12341
58159114-ac1b-43f6-a6b1-94451fbb6c48,0,7392
698978d8-6d98-4221-a335-697bcee29e62,0,9420
7351c984-3f01-438f-bc30-85b3a74401bb,0,10613
49eb5baa-49a9-4c88-9c29-f12f96b88240,0,5759
a444340d-5558-41d3-8355-23b785e25c47,0,16123
876bef9f-d3c8-46e3-bb6a-15d36dce2c21,1,12842
fe5f1cb5-2742-482c-8197-bb7cf0b2952e,0,26472
b5595c14-93ea-4c29-880e-ec061e8794ec,0,18127
9c446e54-0fde-4a4c-9b02-159b6278481e,0,15214
c30551c9-781e-43c3-9516-636e58982bbc,0,19596
ab5225a7-a79d-4fcd-a04c-d478c262e0b7,1,16964
194c4d98-493d-47f6-92d6-7177de349d43,0,1913
5f5e61b6-350e-4387-99e0-2d5ddbee6a54,0,8207
6f9f6941-46d9-4c16-8c5a-e2a6de1de7e4,0,10183
97cd19cb-73b1-47df-b60f-380d44fc0ec9,1,14686
09591753-b569-435e-bd44-a80a3cfc6927,0,686
d89f8d29-3832-4d89-8647-d16f9079c25a,0,22081
8214be18-4b1c-4042-a3f9-c1929c516ffb,0,12295
b39fd1cb-b769-453b-84c9-3412d8d1138a,1,17915
d728bf28-3971-43ec-88cb-a3b86434956b,0,21931
4fb25225-3f58-472d-a2d7-89726f28448e,0,6426
924e0007-9f44-4f35-8d69-ee265a8fb757,0,14065
69681769-1d1b-4ad9-85cd-4f5289640b81,0,9401
ccfedb18-010d-4fee-9216-05fa693b4acf,0,20793
7d35dce4-759e-4b6a-9e59-833664bd77e1,0,11731
6d2371e4-f8cd-4f6f-bf9e-1e8773b3960a,1,9886
d5e46e93-68af-424e-b8d9-48b2b46474c3,0,21776
66aa9e5c-1313-4fc2-a167-b584436f187b,0,9088
93c8a9f8-acd9-4214-8163-3c44fb467b7b,0,14241
2c575dd0-1a23-40d1-a0b6-da6d9c2556ae,1,2666
099abc5b-f471-4e24-90be-f1a4b4428166,0,724
7b1c6d78-7e75-412d-9e4f-7ed778f61def,0,11487
6a6db20b-bb3a-4c61-8c67-bc5ce432c50b,0,9532
dbc50f97-e677-4c35-ac46-5eb7cdeba416,0,22442
e2028cc0-af7d-4546-97ec-57a543c35d03,0,23156
8788cea6-effd-4a43-9004-19a7cb1207f4,0,12852
81dd61eb-4dd8-4766-b841-493af68026d9,0,12274
b95ddea5-0c01-4b30-817a-e3daa23c723a,1,18569
5e30b364-4611-422f-8020-590b184102fa,0,8064
f9f8083c-d90a-4527-96a5-a44b24d817c3,0,25963
fe636998-9cd9-4b7c-af55-7368857485f0,0,26474
f11b3317-0eff-4dbc-94a0-877ced02472b,0,24937
c1dfd251-ba52-4ecb-94fa-f98ce08a07d5,0,19457
6221fb68-01c4-4351-929d-6bc91175e78b,0,8515
5dbb180e-0145-49a7-a6af-dffb8718fb96,1,8017
3adf7f71-3ded-406d-a08c-a61d152f78dc,1,4031
ce5d14c1-9d8e-47d6-993a-4390db7e0fad,0,20944
f9e3f81c-4262-40bd-856d-f9c18e69262e,0,25956
734b6ebc-cfeb-4e1e-b209-7183e6037289,0,10608
cd86f0cb-06c7-4e52-8bb9-4cdf94f33951,0,20857
d07723af-1804-40ed-8eae-b977440e193d,0,21177
fb76d89d-c58e-4a62-b390-d85ca269b2a7,0,26133
d6dbfb90-353e-415f-9519-b0bebc7571f3,0,21883
32c14ef1-f97c-404f-aa9c-7c1bae0c02b6,0,3067
6a8f21e2-8b36-4bbf-aea9-3ecf3fc59013,0,9555
708fa90a-d9d2-4b36-aa81-445037788347,0,10276
fb7da100-dbbc-4fee-b22b-24cec8ce8404,0,26138
48eb6bcf-ddda-49f3-9f80-5a7a11b5bccc,1,5647
02bc87cb-6660-4faa-97e4-4de01cb640a4,0,140
7dc00dd4-ad6f-4fee-9e47-3f2b4b88d3ea,1,11786
36984bda-bc42-40ee-a3fd-bfe8f78f2ddd,1,3509
907702e1-0669-4e47-ac16-941ce5a15dca,0,13876
764a566a-d5a2-492e-8568-26e0e20ac774,0,10952
f8913627-b157-4236-aa0a-272639a52724,0,25791
6f374f70-839b-40ab-b07a-dab87faa90e3,0,10131
83e5b531-4609-4a91-81e3-ef67ba4c3d83,0,12488
aa819afb-106c-4d2a-a32e-e9ca8f5d63a6,0,16869
86a1e3da-0316-4d88-88d6-0ffa314b3a35,0,12749
756fc4f4-37ac-4cc6-b6d8-c10d30bf27f1,0,10854
f33e64a8-868a-4dbf-a88e-105db80d5550,0,25203
f557b7c9-6e13-4f1e-830c-b1185eb8b5c0,0,25429
9dbf44b6-f212-4b9b-8ec9-22717d5a77ba,0,15349
8df6c828-4429-451e-b741-1cfb3994d14b,0,13595
46e6b4be-e2aa-4b5a-8917-9c0846ac0430,1,5424
5ba9f6a7-9f57-40f8-9168-1bb1841e65ff,0,7775
7251ea5b-92d5-4474-8f1c-462c204923bf,0,10494
f99dcdfc-1490-43ac-87ab-39a7cc4189b1,0,25916
e51688f4-77e9-41c8-baad-0bf4846b583e,0,23519
30aa278a-8311-402a-9b9b-dfa4d6c36c8f,0,2863
c48759e4-61f2-4415-ae1d-cb3ee3393db2,0,19782
7f532195-38cd-4ffb-ac6c-d29742e035d6,0,11977
169d225c-4691-4897-a382-8aac28b0c348,0,1616
c8c34f89-dd1a-48fa-be4b-629860cbfd0b,0,20291
36fb7333-2dbf-4be3-a424-6739b2090dee,1,3549
94c4e247-1228-4f50-b8b4-316754d5828f,1,14346
c7a06b07-2d04-4c98-a037-c420d0ee52d9,0,20154
7adb12c0-b1b2-402e-9c58-5a8873eef61d,1,11456
759b9c7a-f341-41d2-8c3d-223c246aea77,0,10874
f0a33467-3a0b-4559-8305-578c74c51cf7,0,24889
be6abbfe-1620-4e7e-9b9a-ef8b6d8e5179,0,19188
d7cbcbd9-9761-4924-b8be-72c197a0dd27,0,22003
dd5877f4-0c0f-40a7-b38e-48571110c728,0,22609
de11bfe7-e8e0-421a-89d5-b3fd0494801e,0,22689
4f91160b-f1f5-4b70-86c0-f820f7d6aec2,1,6415
4086c256-2c08-4422-8b7d-479c438c0234,0,4692
c43c9657-9079-4a58-8801-7b701114143b,0,19751
086b7fd3-3f6e-4701-9da6-921d703fc99d,0,586
3860415d-c3b9-4ac6-ba32-51a6eddf6528,0,3723
e0ae77e4-db98-420c-b26e-e52829a25774,0,23003
9fe378a2-7e73-47a5-9f73-d7c7938a1c24,0,15618
265e9208-1dc8-4b3c-aacd-74f7a8525123,0,2421
c7544763-e97a-4aba-bd71-99eef140ff91,0,20111
18a72d07-25cf-4eb4-af6a-8a81e807bae6,0,1846
eec8e710-926d-4a7e-9500-51ab5722a3a4,0,24681
8f89b7ec-e9c0-4a68-b097-d77a362b83be,0,13774
84453178-65f1-4dd3-9013-b14354640a3a,0,12522
2af7c7b5-4b57-470a-9b31-1f167e3e500a,1,2619
f02f5c9e-9ea7-4299-9b2c-90ab1586dc86,0,24841
bd910308-50e2-4012-aa3b-f01e35314a2f,0,19081
53ad3aee-43ce-48dd-866d-692ef98b0810,0,6879
62618b38-bbf8-4d36-b0f2-8aecf2f88814,0,8551
e12d1aa4-4df0-46c4-9629-6a79b9c0a02e,0,23058
6365ff26-72cf-4428-8610-66aab9c787c9,1,8678
9c6d66b1-0796-4490-879c-d2fb6c865b2b,0,15231
883e12fd-4837-41dc-9298-86e3c6a5cc5a,1,12937
3e232e80-7c54-490f-8658-e16a443aec6a,0,4412
1565fd6c-9432-454a-87e4-937fd5ad5b60,1,1457
d979af2c-4ed0-42da-9b2d-5cd3733b8d13,1,22181
9f76ae9b-da2b-4add-9964-e681f2a31697,1,15565
a006bc5e-87c6-48ca-92ac-32cf22ce5a86,0,15634
33889753-8a7d-4d7b-a8bd-2b1088cf3a0f,0,3149
38d8647a-5c4c-43ae-8daf-73a21f2a4e4d,0,3791
34411756-b5ea-47b6-bcb4-3dd037d95eba,1,3232
0a15acdd-248c-47ff-abfc-d33f8a0cf417,1,771
fd616534-a079-4323-818c-912a3cc972be,0,26365
46a0e7b3-026d-4178-ab4b-4d9e11c07e7b,0,5378
b62734ee-1390-4f24-a45c-b80c08375518,0,18218
f8296520-afbd-40f5-b988-087201f8b2a9,0,25743
32721abb-10c7-4797-88c6-bf47d32e95e6,1,3028
5f2434b4-2a32-4e66-b74f-7337e0582f82,0,8181
6b389074-37b0-4471-a9bd-c6ebe95d9683,0,9647
bd9d41e6-9e2b-4db5-9cbe-21d32f185421,1,19090
53ddf846-96d2-4f63-b2b0-bc8675a2ca5f,0,6904
39709c3d-8105-442a-bf70-22a4319b1f47,1,3864
5bcc3bbb-bdc6-4a10-97e5-7041ae36ca1e,0,7791
1f724a40-9826-4e46-84df-bf4c333c676e,0,2174
8a415e6e-eab0-428d-b861-8f4b3f2f657c,0,13158
6238f929-a419-4e65-834e-41d0f7dc0b36,0,8529
937557b7-bd79-4cdb-b17c-8f56c4991789,0,14198
0a120828-703c-4273-9d62-317dc92c560e,0,770
58616dd1-3231-4872-a16b-535013395a34,0,7430
83ad1194-5a47-46fa-aa3c-39453ebe6896,0,12463
81455866-90fe-4347-b355-160f0049ec78,0,12204
8496fb3a-b2ea-4cd7-8c61-726945c70bbe,0,12546
b01d71ad-13e5-4c5b-82b7-567292a264a0,0,17517
4574b254-3494-4530-bb8d-b3a80b14fff6,0,5248
facdd4ed-c4f9-4110-a3d4-5cc3666c4abf,0,26063
9fb2067e-c64c-428e-8c25-7f50c1f3db42,0,15598
ec3cfcee-58f2-442f-a272-59390100cbba,1,24381
0cb14822-96b4-4d77-b3ab-436e40ea135c,0,1062
661727c8-2d04-4420-94e3-501313a21296,0,9007
54f6c438-e545-4474-9c62-29c173fc5e7c,0,7040
f3430463-8389-4ac6-8000-ced039977707,0,25206
277238ab-2bbf-447e-b083-f3a708c9ab2a,0,2471
562e09a6-7ef6-43f9-b58d-e6bc8e838b3c,0,7176
ef3dc9f3-7424-416a-9db3-8fcf81578fec,0,24727
5adf75a4-81c5-4d9c-959b-6b9831babdd6,0,7696
7828ad2d-6180-4903-aee4-e63fe42e63dc,1,11148
7c595159-8258-45b3-bede-fde676d7e62e,0,11635
6838d485-1670-4082-a4a0-4b111de8d069,0,9269
aa533912-f74a-4c6a-871c-dfc77389c23f,0,16847
d03c4adb-5043-49ce-bd82-ee3b45470583,0,21154
d7ce9623-4433-4bd7-b8c2-a1d2e7ac49f5,1,22006
438cf1b5-d701-4330-8858-64ea0aa96825,0,5027
318d7fc0-551e-4bf8-94c0-575c80a47957,0,2924
84309ddd-319f-4e6d-b312-2bc70537b074,1,12519
808d5693-0d8a-4ed3-9407-1f842997e35f,1,12129
b21091fa-70ab-432b-a05d-edfa6674cf9f,1,17751
0f8f22cd-112a-47c5-8069-d767ed01b112,1,1212
892ad6c7-8a62-43c6-bc29-8f8dd910f68e,1,13027
d2bc881e-3183-4c82-9852-26ee582b5764,1,21443
016fd98f-09a8-4b99-a8df-c3c26992f22e,0,62
09cdcb9a-3768-4403-a85e-37a65711aec4,1,742
3ea80a73-44fc-4b9e-946a-ebd620e004fe,0,4474
9bfebbd8-d79d-4a61-9403-d33d3406fce7,1,15180
3a449d5f-28ae-4d1e-a613-7eeee7a04b62,0,3963
4b9aa1da-6bba-4897-8d46-2f6d119ddc77,0,5960
49467153-bfcf-4d73-be8c-54dd133771c0,0,5684
a2d558ab-cfac-40e4-89cd-65e3b16a0178,0,15950
6d20ac5a-6f59-4b17-8d9c-5e6c1eac3c74,0,9884
7ef283b8-9c5a-4ada-a575-f68289e338ae,0,11932
dc579b35-9ef1-4b75-93d6-e2412d5b33df,0,22508
17a78211-ea8d-4ac8-8882-170a269cd605,0,1718
ea475b41-c5ae-4d80-b5bf-d5af6f1b0c70,1,24134
dbc02d37-5409-41bf-a949-04844da63229,0,22438
a0d6ccfc-3f60-41a8-8e11-4fa091384129,1,15726
828fd0fb-4220-4e6d-a0af-dcb15ef43973,0,12342
0862f2ff-7e56-4cd1-8c26-c3f25a86d257,1,584
98bb1e88-54ca-40a8-b875-1477108d8561,0,14791
4bf05e8c-6b8d-49ee-9134-d3fa18545b50,0,5995
bbc14aa3-d235-476a-a27c-a2ce15ea3495,0,18859
9aff4c83-b9ce-407b-aee1-9456acb46d97,0,15075
c344e042-6caf-43fd-abb5-f8f7ca2b3741,0,19619
b406c96d-da7b-4f8e-a9ac-88131cefa21d,0,17966
a00cf769-0dfb-4b2e-9abf-4330fa529843,0,15638
7c6770ee-ac42-41c7-b5de-27034802dfc1,0,11644
766b8aea-3b43-4a34-b675-09f373ca066b,0,10967
30258414-64e5-43d9-94bf-b6e175b91542,0,2835
e37c9ece-5de7-4703-981b-25c2a00a9862,0,23324
db9d9677-d418-4ffb-8198-43e36c50c7a2,0,22421
accc329b-cd1a-4b7b-89c4-8b5f09ac5f8b,0,17136
18a919d8-5d23-4cde-bb99-dc0e457babb5,0,1848
a2a326b7-f959-4ca2-a298-0ce9093cae23,0,15930
b5f4a26a-9d4f-44fc-9040-c4f0b9b75743,0,18191
740c83f7-49c6-48d8-88d7-989e5a55f285,0,10690
608d7f22-b74c-4762-ab79-56dc49676f19,0,8348
e38ab400-f316-4091-8316-ddaf0b75f4dc,1,23332
9b35a4ff-34b1-4304-bf2c-6d1e608a088f,0,15099
66a922c2-85e1-4f64-9e1c-e53b0a851bbf,0,9085
73d61c35-605f-435e-af98-5cc68b188a46,1,10667
9a7493e4-4a5b-4fcd-a3bb-13e724d02ace,0,15020
612892af-2ac4-4da7-befb-c9bd18be97a2,0,8418
7f011de2-72be-480f-b9aa-4967985778f0,1,11939
ac7189cb-8420-410d-9b9b-150fa7ebc491,0,17097
6816df4d-583e-43ed-a1c0-9353a4059f7b,0,9254
dc8880f7-83f3-423d-bb9d-00902e4d9edd,0,22521
a8df18f8-d3b3-4f8d-b2d8-27f3c5acd6a4,0,16683
ce16f0b3-8544-4404-a6f8-0ff6887be4c2,0,20919
b0a59702-8782-476a-be26-c7201f37a1d9,0,17581
78e64e55-99c4-4b43-8695-355ddd50bfef,0,11247
f4d869f3-4dc0-4da7-8886-80731365e3f2,0,25379
6037ad89-7482-43dd-8006-2220b6f86136,0,8309
10f3bffb-409e-4d8c-849a-f11144da7c3e,1,1275
a5989832-33f6-47eb-b0ce-a05239bfa5f3,0,16292
86d8fd22-543a-45d2-b7c7-281991a9f578,0,12769
541fd23b-53f2-4bfc-abe6-92f330f2474e,0,6937
76beffab-fcf8-4de1-a911-23486bb4fd4d,0,10994
abc07cd4-2d0f-4ad8-a516-b45d035dadb1,1,17008
168ae18f-d50a-4df3-9f21-5eedb100fcc0,0,1605
36cf3250-2ea6-4ef9-8143-c1bbafe83475,1,3533
c79445dd-b47d-4576-80f4-ad6f868ca5a1,0,20149
bf842c92-c6ed-4be4-b188-c05ec8bf8dc2,1,19314
46da5af2-a757-4670-90cb-5cc59c1e6d87,1,5413
44931a76-76ce-4e74-98a6-5db04dc4d8b4,0,5130
564fd22f-d963-4ce8-8ee3-091e734c0855,0,7191
6e298e09-6e9d-44cc-a696-7ea7a15f626c,0,10011
c2b2c217-fe70-4749-984f-c2096fa244c0,0,19554
6d1efe52-1513-43c8-947f-158a33c0ad81,1,9882
dde8d2fb-aa94-4fbf-a3eb-3a58ea13ea75,1,22672
cb601b71-9d46-4db3-8b4d-061874787669,1,20589
525053c1-2415-45d6-a8c5-4b0de218fa29,0,6720
f7ced97c-cf41-4868-8d6b-b9cf5dd1dcc2,0,25713
cfabb2f2-7237-4fa0-a5d6-0b152556ec8c,0,21090
44864d9d-4b5e-4821-adae-d6a8ba2c6c20,0,5123
bc2a8121-cccd-47d8-8289-2dbfacf6b94f,1,18905
d62307ce-2535-4c0e-b7f1-5369cb77b461,1,21801
d9455969-479b-4db2-ae83-b4329970ce3f,0,22154
2e13b706-c1be-4f91-9108-dcd693f0c076,0,2738
7ea1ed29-b45f-491c-a4da-105e7c0a0417,0,11897
4c6c4d5f-f0f7-4531-b9b0-d52d7d59f3ed,0,6051
ad4d16e5-a851-4327-b9fe-5977da445669,1,17192
fbf35b8f-626d-4737-b152-d1f65a64080e,0,26203
ff38a1fd-53c4-4c3c-93e2-860f025f90de,0,26587
5f283652-9307-47dd-9167-305de8f7c9ab,0,8182
5fb1f7f4-d9ee-45d0-b335-fed129ce68dd,1,8250
7e2b8ceb-9db2-4159-9e63-96d734dd1218,1,11839
604d68d0-417b-4c20-bdb1-5a21638738e2,0,8318
85bb48fe-e6d6-47de-bb71-d1636aced7dc,0,12661
ccd13d0e-5256-4f8b-9566-3db24c2cf0fa,0,20762
d0ee7bd1-36be-4093-a2bd-4e782b9461cc,0,21236
bd3923ce-b58c-41d1-9bb5-9c0961400091,0,19045
ff68830c-84cf-44c5-983d-6d332f86d82a,0,26608
992fe163-9eed-42c7-aa23-4871eb857229,0,14855
d16d9a30-02f2-43e0-aa63-9a0e2a375913,1,21287
5388b543-b3cc-4d17-b620-e9defedd7715,1,6859
c104d585-85a7-4071-b7ff-930ac2565128,0,19414
9aab4895-0ece-4494-90e8-a077df4276e6,0,15046
ac10f43e-03b8-43d2-bcae-6fe000542397,1,17043
1272fefa-4378-4460-93c8-677a42b6efa9,0,1333
2812705b-aea4-4fe1-a53e-424755cb7659,0,2500
6e802ad4-38a6-4517-9cac-bb14f3ae10e7,0,10045
7ca5c75a-1ec6-49a7-a3b0-93b6122a3170,0,11677
c42c23a8-14d9-4ea0-8463-aaf13afafdbb,0,19740
009eb222-eabc-4150-8121-d5a6d06b8ebf,0,31
8bf6ad00-9134-444f-a4eb-533e04ba1ef0,0,13355
a69689ae-ddc8-4ffe-bc60-60a8ffd2e96d,0,16411
b24f4b3e-6e1b-4824-af10-270ec5093de3,1,17776
3accffe1-5980-4990-9d08-93a5a696a0cd,0,4027
d5e3ba36-df8d-4813-95c3-9c889209c6e3,0,21775
e27c61ea-5502-4033-8c74-a700de56eea4,0,23206
7462adfa-a0fc-4489-8d58-89f1d012c26a,0,10730
d2e8f4aa-3966-431c-bd52-b5290b58d293,0,21465
e782f1a7-23b3-4167-be7f-1a959259af87,1,23823
71041150-5565-445f-9211-d1e42bc8dde5,0,10326
f9d39144-ca15-4589-a595-aeb28b50925e,0,25953
31a5e26b-48ea-4bb2-a0bc-8b2dbd234f0e,1,2939
9406092a-9d4f-4143-be9e-452da62457b5,1,14268
592f1f85-f529-4138-b379-53e2887b9938,0,7521
43b5b25a-9edd-4c8a-9ccd-916e81a89bb0,0,5038
b88da827-1cb7-4d1c-b1c8-2367b5534611,0,18481
f7bd2b79-ca7e-4787-9d78-7041d7aa7498,1,25707
71963cf6-6089-4a04-93c0-cdea6d3d33d4,0,10411
972bac35-1065-4679-aa68-ed085d360ca4,0,14612
c22ef690-d5e9-41ae-a896-11643a0fe168,0,19493
6444bd23-a7ae-42e1-8c9c-5c690d2d1528,0,8773
8725efa3-5cc4-4dad-a36a-260a998a6953,1,12806
4b0b35fc-c1a9-4808-8e51-a85a0e0b78d9,0,5884
47024a50-f21e-4ea0-b036-e32c29bf5c5c,0,5432
e0a1ffef-682a-4d15-a232-46439d4e4d9c,1,22997
42948b45-7392-4cad-b4bd-047e60ce1854,0,4929
4f135ee9-60e0-4dc0-86e7-dd1782150a80,0,6352
c3678e72-ceb4-42d0-8e44-5a4de7ebfccb,1,19635
960b5087-3abf-4a92-819d-c72dceae1d2b,0,14487
5a133587-a3b4-4515-be3e-fd0ee5a39f7a,0,7615
75b96fc2-b814-4013-bfca-1fb235f46c98,0,10886
900f15a4-2f0e-45bb-bc46-29bc13723d17,0,13830
a472a01d-2145-4d5f-bee6-588b785bf036,1,16147
ad7e68e9-245c-4c21-a5d2-6da5f6f9788f,1,17219
a175b2d8-ebdf-4643-8afa-8a4566766f75,1,15807
44f25bee-b705-4e42-a599-abb8a9ec9221,0,5189
e43ae173-2a08-44bb-a304-4a35bac2cd28,0,23408
4f3ac5da-dc36-4009-8d01-0934d23a0b6e,0,6367
8f18a2dc-843e-43e6-ad29-cd23bcfd074a,0,13722
e907ef36-2e9e-4d04-a44a-3a0956cb1992,0,23990
56211c89-bc1c-4a1a-856d-011996c6eed2,0,7166
31b840b4-9cc0-4ec2-a817-1f109b4e46fb,1,2946
67e32074-a6a2-47eb-8ef0-f2d73ae775dd,0,9234
edeae150-ffd2-45ac-be47-b59070d4a7c5,0,24582
f540ecf3-66ea-46bd-92c6-9ef59d909b8b,0,25414
810488d7-6457-4dcc-8561-b34665c8c6d2,0,12175
5b4dc56c-9ca2-4fed-84ac-97ded168fcfb,0,7741
068b608d-f71c-4859-b909-62c1665b507f,1,366
38b67cdf-650c-4c90-bcfb-745f0db2ec97,0,3769
9cfc7f9c-39df-46c5-a36c-20d4c24f4c0f,0,15283
c7650373-fd88-4a09-9f59-721738379af1,0,20120
affe3bdd-245a-44de-9b6d-6cb745f07401,0,17496
8e3c125f-644a-480b-98c4-220a3eb10ccd,0,13623
57cc1c1c-38ef-4f28-9615-87efb6e24be0,0,7362
a51fa54d-a020-4f11-866e-43a1fd2fbbcd,0,16241
a2c5e272-b2d0-429e-ba46-75634658d19b,0,15942
ca3d47d8-af70-4742-b53c-2cb77aaf63b7,1,20468
6a0ece7e-c22b-4e33-9544-3e26b624ef82,0,9486
eea5fa9b-b0d2-4ae1-8ac1-db63d0f5bf01,0,24660
d8dab8fc-b0d0-4425-a51b-e0e827a8cfc8,0,22105
a2a093bc-6179-4a31-bcbb-645d2f136a80,1,15929
0ecd1c28-bf25-4d32-979c-448356e0edb4,1,1168
74f72d5f-15de-4f6c-9dfa-89cfd3c1acf1,0,10798
fe7d3f17-c8e8-47ea-82ef-55db9d285a96,0,26489
1328013e-dca0-497b-9523-072bc6b23e17,1,1363
348c2e71-9dd4-40dc-8e09-0fa4dfa8db5e,0,3272
a7189d7f-6d4e-4290-aceb-53a66ae0d090,0,16477
68eede7b-2f55-4d00-8158-a0801fa7193b,1,9332
876b162e-2997-43a6-9ac2-99ee6f3077a4,0,12840
90a676e7-8ccd-48a5-b520-360272eba864,0,13897
c5bca0c4-2fa0-437a-b92c-b037a6f9613e,0,19938
f9ff51b4-c9af-4224-b0f1-38a81a94830e,0,25965
3b7065a3-bc37-4671-be14-3170a8d1a7f2,0,4105
e76b0686-7010-4212-a4fe-04b15e8929f4,0,23809
c4e72399-0291-4998-a39b-7d0c14cb4ead,0,19832
a400182b-ff3d-4d3b-849d-7f0f5348323c,0,16095
51c65a1d-72ff-41a5-be8a-954f896786ca,0,6657
009482dc-3db5-48d4-8580-5c89c4f01334,0,30
be379186-93d4-4aa0-b4ae-0c86c9f6b31e,1,19157
ecbadacf-7590-4e97-be69-a4ca9e7a7d38,0,24445
57906d1b-d8dc-473e-8be1-c0e11e217054,1,7330
67ec68b0-a5ea-4744-83b8-8a8f6a770288,0,9236
f9ccffe6-0f7b-43d7-9962-84888673fb57,1,25950
6ed400b1-46e5-4f71-b54f-9dddeffcc1b4,0,10081
947e8c14-5f0c-4ac6-b6e8-cd1d06bfe1eb,0,14312
c29d5cca-9871-4a4c-852a-0a8b3670bee0,0,19542
a408115c-3467-4141-b2a4-48c90b05883e,0,16096
6cff939a-9f01-4536-8b66-accffd6d6eb7,0,9870
5964c088-a893-4ff0-bd02-e4e2b636b7ce,0,7547
46bc642f-c3ee-49e0-8004-767970218efe,0,5394
3eb19434-abba-4221-bc02-545d97b9a093,1,4479
2835bc4d-02bc-4d81-9122-2ee44b681202,0,2506
3e2fa4f1-9513-41c6-b520-43154569f8cc,1,4419
c3540449-bb1d-445e-b38a-215e5b8ef479,0,19628
d3ad2915-af30-426c-ad2d-1634df8c1b5f,0,21532
bb0fbd66-925e-487a-bdb6-9f172febd768,0,18785
79cb4053-b062-4be9-8922-9585b170d8fc,0,11345
58c317a1-291e-4bfd-97ad-297688bf530e,0,7467
51e7b3a0-60c7-4dc1-83d6-93eb441a93d2,0,6673
f7f1d7c2-1fa2-430f-8b57-6de4e754c315,0,25724
c7270c8d-5bf1-4a6f-83f7-624e0933ed04,0,20093
384306fe-76b9-499c-ae6f-1d6357101218,0,3707
c690b934-d426-4f97-a515-c6a29e0cd75c,0,20037
4342d0ab-08a7-4cb7-8644-ddcce6ea88fd,0,4990
07045469-bbc4-42ca-a8b9-9c83ef77f704,0,431
a78391ab-082e-4dd6-a672-897866dbf2fb,0,16532
eff31def-755c-4c62-a7e7-04153c3f63f4,0,24814
5de9fa6b-dc89-407f-a140-b17bd0db8e7b,0,8039
dc3f50d6-3e8c-4c5b-814b-3f2043165556,1,22499
e69f75ad-b1ef-400f-9545-def80dca3dc2,0,23721
cd0920bf-ef5a-43d4-bcaa-e174f3f2690c,0,20800
fe7a79ba-8b35-4a93-9186-08da014b63e1,0,26485
37ae5f8b-8504-479e-bdbd-58dc6158f0f6,0,3636
b487eaf9-e4aa-4607-a9cc-82d63aa3f76c,0,18038
5cb55af6-404c-4a17-bfa7-2007465407b4,0,7899
2f7fd25d-4968-44bb-96c3-91e377284546,0,2801
63efbaf9-13bb-498d-80e1-fed27bb7506e,0,8735
aecd5c80-5636-4068-b28d-f556d320cefc,0,17364
e044843c-f2a1-46e1-bbf7-a55629eaa7c5,0,22953
b3026aa2-14f4-4648-9261-c114f149f0d3,1,17852
bcfbbdcc-f648-4e72-931b-1747f502eb35,1,19022
e48e74bf-9508-4bee-932e-dad4ab803360,1,23449
9b79a98f-a665-42ab-a74f-1fb5bc355247,0,15129
db7bcaae-0652-496b-aae1-ded12161e468,0,22406
40473564-beaa-462c-8457-59058198bd25,1,4657
44c38355-5ef3-4835-9a3d-bdd32ce7954c,0,5159
4f33e113-e2d1-4122-8651-e937da208edf,0,6362
f92e2dac-3468-43b3-8eeb-824f2a52c8e8,0,25854
29bc3aa5-938c-4afe-8a7b-50ebd2cb5621,1,2568
ac383377-625b-4ff3-96e7-c0702c127b61,0,17069
9142b94c-7fdd-4fe5-9ba0-5c21c40a9962,0,13955
c8f3473c-8c28-4d6a-8565-a12479d2623c,0,20317
a14e460a-c153-4813-896e-34f7bac2b49b,0,15787
c4dfa645-ce61-48df-a435-ec3d89186eb4,0,19828
5b90be72-a9c4-4a0e-99fd-c02c6575fc29,0,7767
f7584979-c7a8-43c4-9199-74ed1f70187c,0,25653
3cd1620d-069f-40cf-a63a-197a3eda9c66,1,4264
66a5a783-74dd-4fe7-a2f8-31fd525cd17b,0,9082
335ee631-5d9a-464c-8fdd-fa759b5c9fe0,1,3137
178ab0a6-5c4c-4cae-8572-3705352f20fc,0,1704
833ba05f-1f0b-480a-9dd1-eb92aa3e8041,0,12414
3c993fea-80ff-42d5-a7ef-e2fb8209e4cf,1,4243
aba529f7-0175-4d1c-b3df-601c95cec965,1,17000
812cb889-27e8-49c2-a4cd-a03773cfdb61,0,12191
f867328a-ebe2-4e08-8422-49bb6c6e5497,0,25768
7efa68d2-2b4b-4384-81f0-af7ec2507634,0,11935
e163b4d7-9ff9-468f-a3c9-583baf4a58f9,0,23084
bb13f699-a024-4946-a481-8d2e91d3cf72,1,18788
16f5be73-4905-4c43-aab6-83903ff468f3,0,1644
335a9cea-7399-40d9-8743-7dc70f44110b,0,3132
673f1dcd-acfc-40c1-a85a-cc080af094b6,0,9160
52437d77-5a6c-4765-ae7b-a2383cac50aa,1,6713
a229244f-3c9b-4f26-8ef4-18c5c6d78bd2,0,15879
505e0ee9-25fc-419f-b913-7484ea070647,0,6522
37c377d9-a4f9-4b58-82b5-42c1624e2d57,1,3647
7e1d04b9-ea65-4ecf-a18a-5e624fcb788e,0,11826
4b1bd2e0-bbc1-4cf4-8f35-565c1ab1385b,0,5892
7ba1a92f-88dc-47ad-9067-966b88125c52,0,11541
54998746-d18c-4f2f-81c3-e2fb11d1f8d5,0,6998
79001124-36d7-4eb5-b68c-7dcd7d8f54cf,0,11258
701a43dd-cdd4-44be-a41b-cb28b921366c,0,10226
9c43a2f5-78a2-44fe-bbf4-de36283229e6,0,15213
73b53ae4-cd97-4b84-b92c-d58a0f438149,0,10650
3330f82a-8a0b-4d69-a5a7-a2bee99c9405,0,3110
ec81f707-4d7c-4a97-ab27-048c805f5395,1,24411
7d042363-6a99-4925-a9ae-886d298fcdbf,0,11710
52820164-1ec5-4857-82ad-26118c1db001,0,6749
858f9bb5-b099-4bdb-920c-cab5410f22ab,0,12639
1d763b86-e7dc-4db1-ae16-601d80d36c5e,1,2103
78496732-e040-447e-b51c-34f632a24048,0,11159
e07ae889-af68-4fcf-8865-a0f493d024c2,0,22982
61ae8fce-19d9-4993-9fc2-a225fe6f58ed,0,8474
367fd23c-2b79-4984-9db2-25f44f708297,0,3497
3934c864-d83d-421e-a869-0edbf594f6ee,0,3839
a3589872-a853-4a44-ad38-04b29ba064ea,0,16015
8bcaf61e-7a7b-477e-9618-02c434998ffd,1,13336
728a07c1-31e8-4167-ad19-ddd7b96ad14c,1,10530
1bd18b4d-879c-470a-b36a-9d883fb57268,0,2034
9a60bd0f-4a87-4fed-923a-7fa8ab4d9000,0,15010
a515dbbc-e2f3-476a-a7f9-affa8720f176,0,16233
06bdaf90-df6a-46ae-ac6d-a4afb7937c8d,0,395
350f6ea5-e123-4a2b-935d-b48fcbf0c17a,0,3336
a509ebab-91e4-4a20-8e23-cd15455b052a,0,16228
46415718-bc53-4a87-81d6-572736870e34,0,5334
e7a47a98-2dd9-45af-9818-1ebd88cfb700,1,23837
b532c1b0-2e90-47a9-b00b-6bdbaa317cec,0,18105
555acecc-77b2-4094-b98e-f9531ef5c326,0,7079
4e559df8-993e-4245-b2d8-2ab3694bcdbd,0,6267
585f5059-8938-4885-accb-d7d0b1097c60,0,7428
554a744a-36f2-4e93-bda2-7ac51b583331,0,7068
e50e9327-d7c6-4d35-b94e-1e06fd03e9c5,0,23515
b75127fa-177d-4ff9-a649-122effde7372,0,18338
489a175a-4c5c-4b7f-8fdc-cd8514404dbe,1,5615
c61e57d7-952d-49ba-9bb6-da27b034478a,0,19992
e27b401c-8464-4536-837d-2abe2438ed39,0,23205
ec7a395a-d44e-4d66-802d-d65cd645ed4c,0,24407
c81f5117-7514-46a5-9a45-a9a9d2e27f5e,0,20222
6946f198-8ee1-4a54-b6eb-3390f3c43554,0,9378
695d9d83-fca2-4cea-81e3-fe27f3b8810b,0,9392
0ac2c2ef-efb4-485c-b63a-69f19f32b704,0,831
36c50ee5-7885-4c34-8f24-829f85cea256,1,3526
4d3468e5-59cc-4501-9160-66ae5a0d13b5,0,6125
aed59257-3d45-4b91-bd48-9440ac7f843f,0,17367
6b76c34a-7723-4c94-ba94-e8c18e7a4752,0,9675
79bcefaa-0a4d-4db2-a6cc-296946fa6da3,0,11339
3b6538ab-c405-4a7b-9e2e-239a97e224ef,1,4099
f90d21a1-b2bf-4367-8788-f9576b3b2bba,0,25839
3360928c-c862-470f-8b08-238114499ce3,0,3138
3a0c1a58-6d13-43f3-a5a0-07d8ecdf7fd5,1,3931
ea06d51d-a080-48aa-8008-aad760ae5d1b,0,24099
414b65dc-d48a-43eb-bfe8-176b3f423520,0,4778
4770b2d8-ceda-473f-b706-5533b9aa8dbb,0,5486
436e8051-b69b-4557-a8fe-90b40230e01e,0,5018
48581005-3379-45df-a96e-c3d0c92884ad,0,5590
a2598429-e7cc-47b9-b537-447a9768bc78,0,15898
f9948c5e-f97b-45a2-a5f5-236cf83fdc13,1,25911
93821c78-64bc-44d4-ac21-3861c7f93d74,0,14204
62158463-7464-4781-86b2-f43cf3f1833d,1,8510
28a2d8aa-9e29-48d4-b1e3-029e3451ce0b,1,2521
905f015d-8475-463d-aaa6-20953f0edd9e,0,13866
326f2ae5-5cd6-44eb-bc82-05d3f1aa6111,0,3027
eb4b4e84-96c3-4f17-a2bb-a498f772023a,0,24260
d2250f2c-c283-4b4d-a54b-0e662067a4fc,0,21372
be69781f-fad1-4a78-b139-5d531f382123,0,19187
3b1e6d35-ec24-41f0-b5cd-ae2c7f814e5e,0,4059
6919f25a-5673-4d45-b10b-a4bf750b3a27,0,9358
4baafcc1-54df-4628-9a60-70cc1c941701,0,5970
b6ebfc38-240b-4fac-ad09-ab378414fb55,1,18294
49cda5b8-d41d-4b34-b25b-b92520b65ea5,0,5749
2973b99b-fd24-44f6-a15a-7e2c7263a527,0,2558
c0f3d102-ed5f-4820-81d4-89cefcf2d53a,0,19411
18d48b37-94c0-4ad3-ad89-fbe7166b2f5f,0,1862
78abc3f5-ac62-4e42-a6b4-1c44e09cb566,1,11210
91fe5edb-3ea8-4eef-8da9-ab3d665dd69d,0,14041
be39655e-b535-44d8-9150-306a7e40fa32,0,19158
324d0f66-9315-4312-8d1d-963cbc131bb5,0,3011
fd7cdea2-9ad7-4443-b14d-2b2da999f474,0,26384
bb24d7e7-19dd-456a-aea8-fd04208db4be,1,18797
49a0c701-8e14-4651-9184-91870fdcd073,0,5723
5ab24a6b-603a-4ace-90ed-6bc9569af1a5,1,7682
0940017e-0dc8-414a-9560-98f13cd58610,0,676
6b5ec6c5-06c3-4574-b44a-d5735bdb363b,0,9665
aa354250-71b0-4d06-b0c6-8d00bccf45d3,0,16837
0ab1a1e1-3fe3-4baa-876b-f66825931486,0,825
d47af9b6-547e-455e-a367-b6ac8818fb6b,0,21606
99197ce2-d888-4d8c-9986-51020171a2e1,0,14845
8d862300-e42f-41ec-a757-9d1db0d57e10,0,13537
1ba35bfc-7641-42cd-9988-260fd0f82be1,0,2029
989e6d47-37b6-4f50-b875-607bf32db25a,0,14772
01027bc3-dc40-4165-a6c3-d6be2cb7ca34,0,47
c94946c0-c511-426b-ade0-f70f71c0cb79,0,20353
96009c90-cbf8-4c2c-8ba6-cccb0c107764,0,14482
8522f781-3c10-41c5-860b-dcdfb6746bbd,1,12594
545a0775-e301-4093-860f-dd10ff6dde3e,1,6958
8dd9cd05-2d0f-47bf-8bc5-a477608fdd9f,0,13579
ecb0e8b7-0f0f-40ed-848d-8b070a14bc8c,0,24435
e881071b-456d-4b69-9bad-2bbfab31d807,0,23936
adbe1d68-1b85-4506-b97f-576f461d2697,0,17241
8d9fb29f-9dc8-4e56-8498-1f4d50ed4ec6,0,13547
a6565773-d13e-48c8-bc82-78c786927297,0,16374
f373e392-055d-4a9b-8d74-489df686d28d,0,25225
decd3c00-9a9c-4ff3-8302-ae8a2a7c9370,0,22771
4428eaf8-9dde-4cac-8181-5a19b107dbae,0,5082
51f540ba-aad8-4e1f-bc8b-7373d3d23ee2,1,6683
3502cf28-bcc2-4cf4-84bc-749ccc2dd222,1,3329
dee34d09-f146-45ec-a1c1-4cb4686878b8,1,22787
9ee5e906-29d5-43e2-a31f-7af046f6a3f7,0,15498
e69c8622-96dc-472c-a010-130ec0ecb7fa,0,23719
9039dfee-f9b1-45ee-a487-ab6a51d7cfe0,1,13851
ce1c3760-65f9-41f2-b0b5-b0db7ec8f992,0,20923
7ec5797a-93ff-4bf4-a2ea-4a5a7e5ea189,0,11916
ab894b13-e76c-481e-8093-2d64509ad6bd,0,16988
c7dd976f-590e-41f5-bc53-22ff650c1fd7,0,20184
ac710523-7dfb-4d63-821c-34b2d6ef03d7,1,17096
384d97dc-cf9e-4280-8899-f98f36201726,0,3713
7bf09d53-83de-418a-ac0f-1c29a9dcf6fe,1,11588
b98df72f-9bd3-4523-940a-b4075f1ff311,1,18587
aff963a8-7c66-453f-b247-b99fac926e2f,1,17494
f9cddf36-c6d7-4936-87b3-e307a77dbbf2,1,25952
d57b47b7-2324-4bdc-a0ee-27ad6925d9e0,1,21730
0f68958e-1720-4511-a9c2-b1d217d92243,0,1202
5dcf58d0-581a-4f9f-90e3-c6004a646286,0,8030
a77b8b2a-4755-47d4-970b-8b4accc1cda1,0,16530
74912eef-96d3-4591-8b36-1767c9ce0ea0,0,10755
05b970e1-b223-4c17-a6a8-3f78c43c5308,1,289
62bf0065-66a7-4217-b559-fb057f62c8f4,0,8597
00293de0-a530-41dc-9621-0b3def01d06d,0,10
8f584997-19b4-43e0-b446-3f376c55e1bb,0,13756
1703014f-cb4e-43c2-893d-288d087aafbd,1,1651
9b45d9b2-736a-4fd2-aca6-03f0fd8f0390,0,15105
c7e1368e-a30f-4e11-9e91-3b4e753fcd1e,0,20185
5269b286-91ad-414a-bc6a-3afb5a52c1d1,0,6735
24c876fa-93e4-4dd6-b1f1-a6f5f4aab729,1,2363
0b04562b-ea31-455d-a729-106264dc170b,0,862
d6b6b653-50d4-4107-986d-6321f9d23ce3,0,21868
98ba6bcd-3a64-4f42-8a78-69ec097e558f,0,14790
4be8d1b6-04c3-4bda-a751-15920a587805,0,5992
bd9eaecd-1c8a-4be5-873b-ef4738c852f3,0,19092
4756b636-cf04-4c62-b53b-e4a045645269,0,5477
1be56c93-6607-4b08-b73a-dfe4ca81f7b1,1,2038
7445103d-6e22-41cc-a79c-a6d0f72c6580,0,10720
4d1db0a8-4fff-4ef2-bcdf-08fd0c9a4a9f,0,6117
aed865db-a574-4971-a30d-924fff9796e5,0,17369
8371e6c0-0c0b-4676-b247-597e7c04260c,0,12439
587303af-3f6e-4e07-8c5b-6d800e9cce52,0,7438
29cfef18-40c3-489f-adcf-05bd93765b9d,1,2572
2e566084-386d-48a6-beb2-8b28732371e7,0,2752
d2d34c67-2cea-46de-9fdd-1f0fca7f6741,0,21450
9a299e91-9123-412f-b13a-1059358820eb,0,14986
82ad571f-aa41-4f2c-b07f-de31c4d1a53c,1,12351
97dc7f09-658a-41aa-a627-9e1881ec978b,0,14695
c26b2a9a-ffdb-47f6-acf3-771fbe0f88f1,0,19523
36246c67-f3b0-4a3f-abd7-5001c1e24cb8,0,3460
6dec717d-7e40-4f19-8726-f72869cd4af2,0,9976
d9628d5b-2437-4df9-b66c-d35e30f3a40b,0,22167
e905c9eb-f673-4c09-ab97-cffccdc1fe2b,0,23984
2e13eff6-7bb4-4b45-846f-1522888dbfe1,1,2739
5d26f70c-8d1f-4a15-a618-c28ae3323c1a,0,7949
3594b48f-fcc1-4947-93f5-64be66467147,1,3400
f759e4b7-21fe-4f3a-aaeb-0b8b99cb103c,1,25655
f6669e27-825f-4fb9-b86a-ba61b9538342,1,25556
7a03df77-0a9d-4254-9bec-0d0e9df5f791,0,11372
7c177034-bb35-44e8-a208-de058a824d64,0,11609
321aa7d0-ba83-423d-98d0-b2b89360951e,1,2988
ea358350-8f2a-433d-b687-96b05ebf4c1d,0,24123
a5a9dd5d-a04a-4085-a84f-3fb30f1ffba3,0,16301
82ae2fce-b936-4ec9-94f2-9f28fe845c8a,0,12352
ae066c81-2464-44cf-990a-d5e2f9a0eaf8,0,17270
166088ea-38d0-4881-8a1a-7e6d5fc442dd,1,1588
74344068-50a8-4c34-af4e-f2e533cacd8c,0,10712
3c37c82e-fbd2-41f1-8292-1ff77df2b3fd,1,4195
5ce0f193-b039-4ea5-82b3-5cb81a3b3110,0,7914
52c8dcfc-eb27-449f-aeda-b14412989a4a,1,6777
ef27c260-e68c-4da3-bb4b-bf2e11fc34b2,0,24718
38499212-089b-4dd1-acb7-c92d9bf977a0,0,3711
cb2677d3-4272-470e-8ca0-97298e86b68a,0,20571
4566cfe1-c7bf-43be-9b25-013ff55f4370,0,5239
195c5e5f-7058-48c5-8fe9-67cffd60c9b3,0,1919
f83bd383-228a-43c5-a11d-834829350bfa,0,25747
c4c9ee97-c402-4483-b4bf-ba65de83b4b1,0,19822
c7ae0906-1604-4e9b-a0cc-8ccad9c28060,0,20159
36a9f078-981f-47fd-87eb-e8be3ac35082,1,3517
92e64cff-df51-4747-9203-fb083bdc520a,1,14125
cad4c8a4-7c91-45ba-86e5-163e81b3075b,0,20532
b1a8c34d-b577-45d2-8f8e-9190e2cefb4a,1,17710
e29fb13b-57b7-4489-a8c7-34e72799134b,0,23222
895e70fc-1bea-461e-ba21-9d2be5fc20f2,0,13053
3c7b1c50-0625-42ff-afa1-3b0a5e3abf38,0,4226
e2e5f059-b210-4b5e-9dba-9a6a4e0df2c9,0,23251
e6ec8809-e44d-4802-9386-8f5ec351f03f,1,23758
cce6a7b4-893f-4988-a0d1-49a50145818f,0,20777
7dece74f-6189-4e58-8d14-0659b1db8527,0,11812
ae7a7ed0-ea01-44de-9287-b2dec267bcfd,1,17323
e81a17d3-0c93-47fd-8cab-4ca7914ad86e,1,23891
4180b2a9-80cb-4859-b9c8-a9aaf91c1bf6,0,4812
ef2fc783-b9d7-4bbc-b0b3-f811daad5b56,0,24721
6f491520-b891-48e4-9047-7afc2ad9f7bb,0,10147
6ab9ec0e-4f92-40c5-80d8-10d1255ee538,0,9583
4dab56c9-09db-47fb-88f3-0989cadc5c66,0,6180
e771c60e-1a7a-411e-8216-4bd92b1f0e23,0,23813
41b1ed65-5567-4e6d-8fa6-77d6ab8e1431,0,4837
cb9b47e3-6f2d-45cf-b699-47aa36a3de38,0,20629
f58c7fae-cc03-4096-b181-ed0ef21cca33,0,25461
71335a57-2671-4ed6-9a0b-291915031efe,0,10359
a5e1f9e8-784c-415c-bded-f83e6130a111,1,16330
5cfec0c5-3b01-4238-9fc1-64a6793da269,0,7926
debad27d-6a14-4cbf-b2ca-18865a2ec9dd,0,22755
aeddbc37-9066-476c-a707-6b83ee20cbb5,0,17374
e2597638-828a-4ab5-85f6-11c4230f1f2b,0,23190
98c14e40-259c-4dda-bdb8-37867ed5e295,0,14796
e2f36744-02d9-4b88-9071-14073c6d4cad,0,23264
4fbbc333-2706-48f9-9d57-137b372a5a5c,0,6431
67580792-919e-40f8-bcb4-9b869731feeb,0,9167
ec90c7eb-ab1c-4fc7-9fee-85e3f8583dcd,0,24418
d0b456db-8309-43a4-a179-3d5db0791755,0,21205
59924efe-8577-42a8-87ca-30587eee3f1b,0,7569
aceab35b-8252-4df6-996a-1b28ff287540,0,17151
21e403ae-139b-4419-b3fa-0bf13d97d245,0,2252
f8ba25b1-23c2-4f71-bdb3-3850e40f5426,0,25810
63cda66e-c68b-4b3e-a9a6-0486777f3a2e,0,8721
1ad1ecd2-6d21-4f48-bf8d-7a4e6df8c395,0,1989
49c4f109-224d-4200-98bb-2c04cbe72bff,0,5743
9a714fc0-da5f-4587-aa33-38045523e322,0,15014
b01ee12f-55ad-4548-84ac-a560a0a429ad,1,17518
2e34adf2-9e00-4e46-8510-a8d0fc2d3b94,0,2747
c9427237-4e51-45d4-b826-654384069b8b,0,20349
8c07ec1c-76d2-459d-ad7e-7b3e198affb8,1,13361
4f96be07-c2e7-42e0-bb07-cf463da8c69d,0,6417
83edc889-292c-456e-bc3e-6e21de8bc26a,0,12492
a6041447-78b5-41c4-bee6-2b99a658749e,0,16344
881b0703-b5ed-4f99-8c86-890dc10caee1,0,12914
3460d66e-b863-4d11-8d55-14b559ec1588,1,3249
69e484ae-9462-4fc5-bae6-3a71ce35fb94,1,9464
397fe03a-f56e-4903-8132-8494d0e9f82c,0,3869
f62e72c9-b5f2-4572-86cf-ba0992e9a626,0,25534
52afac27-2df8-4ba1-8a0c-7d471d932fc9,0,6766
655aff3f-1f68-4148-9d5e-c82548653b36,1,8918
576f691f-ec9f-46a3-9f06-0b72c9702d8c,0,7312
5c2cfbf0-c6e3-41e8-8223-5ced66f5b514,0,7839
6f464fc9-d9c3-404a-97c3-f4504c859eb2,0,10145
a4fb24c7-b45e-4bbd-afad-6a9ec1416185,0,16223
1b7f9ebf-bd1c-4195-9186-d6adb65945ee,1,2021
bedd9c49-ec7f-4891-92ae-0073d46a537b,0,19236
ceea22bd-493f-4d24-a49d-e13d70b3a01d,0,21008
cd57c200-4f4d-4678-82ff-0af8bad6b862,0,20836
f92793eb-6396-4597-ad39-2cc6e8eff84b,1,25851
75350e8a-00cc-4a69-9bfd-8dcb72de0e2f,0,10831
f92e409f-ade8-48a5-84db-55fa498ec3c3,0,25855
50d01d67-020b-4806-8ceb-b2838fb8709c,1,6566
3c674b10-76e4-457c-a17f-2407230b93a0,0,4212
139700f3-4883-410d-aaf9-8f60b154d446,0,1372
15911a40-9cb6-404c-b601-4e3b2846d7a9,0,1481
e0532207-59b3-4386-b98d-144fc5b757e2,0,22961
813e0822-259c-4c62-81bb-86b6c0a2a948,1,12200
3b33c07b-2698-4366-90c4-94256f5f34a2,0,4075
78fbc1ca-cbae-4b4e-926c-cd94acbfe1dc,0,11255
5e372d86-f71e-40e7-9ea3-bc0182904214,0,8068
1f5f34b6-8e8d-4e25-88fc-6ba1b5b0ac06,1,2168
73c72ba5-c349-4906-9f36-ac9e6f266125,0,10659
631f9025-e04f-47c4-8db1-de7ddf0c8b60,0,8639
19134807-be51-4b28-818c-17951de93615,0,1886
bb6d8e4b-f416-435a-8dee-fe3f60b4db11,1,18831
7c60a9d6-446d-4bf9-ba1d-4b5feb0b0312,0,11640
229ccf92-77f4-4e97-8e1a-976128ae9f5a,0,2271
49819189-845a-49ba-9f8a-d775ab939761,0,5712
919bc43e-6550-441c-b15c-45581308895b,0,13996
b1976cfc-3bae-4bae-a968-4892e6f953ca,1,17703
b4151d8f-c4d9-483b-8c78-4f6c5eea56ec,0,17973
9dcc29e1-433e-426a-8d6e-6243ec981883,0,15356
6005271d-8db9-4392-9e27-b998c6f8733f,0,8292
0428e86e-a279-4bdf-9b73-c9eead06a4e7,1,212
415419bd-51a7-4708-8cb9-1adcba6921b1,1,4786
f08fce91-20d8-4e08-812c-8e82860bc0e5,0,24885
deff068b-6b03-4d97-a536-87338b428344,0,22800
c4f725aa-6f37-45ef-8e0f-f32882fad4b3,0,19840
6906cdfa-c8bc-4e34-99d2-cd71019a2a19,0,9349
4b048bdc-0a0a-43ed-aa0d-5971e433874b,1,5882
f7ab3ae5-e730-4a76-80d2-aa8468f47be2,0,25698
6756a810-a4d0-4e64-9ea0-df78a7dd0cc8,1,9165
356b4fae-852c-40cc-b736-53b64ea38a99,1,3378
efcbb3f2-434c-48a2-9bea-536e2c58a753,0,24794
01469010-0fab-4a07-86c6-962996ce2ca0,0,56
9ba8ad13-8954-4af6-888c-250de05f92d8,0,15145
0a22297d-22e1-4f3f-aa10-edcd220c1cb0,0,773
9c48549b-ff3c-4009-b132-26a8c2c50cf5,0,15216
fe972a3f-d91e-4e70-a02d-49ae29f0b188,1,26501
60eb7009-765c-401f-b794-a7f127a38072,0,8390
650cebf5-615e-48fc-afb5-4e5b355ade92,0,8874
6a99ff6a-863e-4f49-b33b-afb3a59fa061,0,9564
fc4e1dd1-0479-4617-8afa-af9d4a66eabf,0,26241
06b2f933-3ea2-4477-ac27-18f732d1f4e1,0,387
99d5af2a-84c6-4006-8706-393c9805c045,0,14941
2fd675cd-8340-498c-90a2-64f5e9abf7b3,0,2818
cfeb3d28-0221-4523-8457-a435f840bc60,0,21119
39a5e461-791e-45f0-a4a9-2f4d06c8eca8,1,3884
1693a790-88c8-46fa-9ce7-3b0c5834ba90,1,1611
876785b8-4691-4231-b8c4-6e92527dfb08,0,12837
89bc08ec-6dab-4427-a9c5-6c3d4dd98bb3,0,13095
f9ffb667-10ee-40cc-8f01-c9cc11ae24a5,0,25966
14bc705c-8688-43f3-b1dd-90b0a4deebd5,0,1420
f9c4f02b-52b5-4f36-96d7-b706d678d9b9,1,25947
5dff9c58-6243-4f60-8ac2-09caae7a9921,1,8047
c6612ebf-ecfb-48ca-b274-e60813aa2c7b,0,20020
e50133b8-d5f3-4598-b079-5ebf4522ef10,0,23505
da7733ee-9b8b-4d96-9638-9ee9b420be22,0,22296
eccce97e-0db7-4773-a2bc-2c8de743c29b,0,24452
4e14472a-20d8-4c6a-9322-d8977e0948c4,0,6231
4c779fad-6e35-42c7-b35e-dc6ec50ccf33,0,6060
7b05171e-2a7c-4451-b296-54ecbeef7b46,0,11482
5b19a5a1-d627-495e-80dd-c367f34a448c,1,7718
475af2e7-0ffb-4783-8dbf-226682ecd55e,0,5478
8de60164-25c9-4fae-b7a7-8eeae8d34df0,0,13588
f3eaeb73-c20e-4903-a40a-878664fd3ef2,0,25279
ccb56286-f7d5-4786-82bd-b6b3e18e2149,1,20753
16758f5e-cd88-4484-83b8-96bdf97f9b58,0,1596
e9fd5906-e3e3-4a3d-bbbd-b386bd872b9f,0,24096
5342f3b9-cb1f-498d-8974-8b771e359b7e,0,6831
f2456c22-36bd-40e2-b44a-8c153cf59960,0,25087
df87a24a-0da2-4ac4-98bc-52b949571900,0,22857
284e095a-2c52-445d-9dd5-93c45021a7b7,1,2512
8d004cd3-8e35-4b9c-acec-fdfa3a474431,0,13484
395add1e-0bf4-4466-830c-84feba17710e,0,3857
3038262f-ca56-436a-bdfe-7a547026fcb0,1,2841
0ded4efe-1a9a-4980-aca2-9d2c49632917,0,1124
989f9f7f-3a72-4aae-afdc-9f3878518598,0,14774
08f1b734-cd93-42c0-b978-9e1e1021bb55,1,642
e0ebab86-6a6f-4209-a297-22a4fe46e7f2,0,23030
fea6191a-f4d4-4cc6-8bf7-5e81bd097209,1,26511
d4653287-cdac-4e8b-94db-b3c71147faf4,1,21597
5eaceedc-ba7d-49aa-91f4-2029dfddb831,0,8123
707c04db-7e4d-4600-b4cc-52255dcda7fc,0,10266
7dd58e18-0ecc-4c3a-bd31-a27f8cbf7a74,0,11797
3ee66e0c-e360-4e76-ba81-b65f8600ae32,1,4501
ab17c7e8-3447-431f-afcd-efec89229fe2,1,16941
1c187dbf-3fa4-4a39-914a-39994b76d4c5,1,2047
1a623a18-bf08-4204-8ed6-cd9e02edfbe1,0,1975
cc0be168-3b95-4a71-9e74-e2cf577dfb4d,1,20675
06cfc310-7820-4a81-ac26-67910f7e9ea6,0,405
0e7d10d2-e99f-4e30-826c-2d0a18edbc74,1,1155
695fead2-dfc7-4431-a9b7-b82ea46c812c,0,9395
7e25d288-c664-4e8c-bd78-5db979b40b94,0,11832
662753b8-dbc0-4f82-8a83-f91f331044f6,0,9016
3b7062c5-6436-4190-8b82-a605faf55614,0,4104
dff644ef-d0ad-4ae9-8645-7dfa57e523fa,1,22902
3d0bca0d-9a01-4379-b8e9-3af3b021ad79,1,4296
81f8b5af-6ae0-4206-9d40-9647a53b4bae,0,12285
188dece6-09da-4166-9d7f-18c495358216,0,1837
44e522b9-75eb-4841-9815-74be128e56f2,0,5178
6b2ad685-19cc-4ba9-85c2-cb2aca68e33a,0,9638
075ba3ee-9545-4f5b-8d97-e6d0ffd57e3b,0,477
5258e07a-292d-495a-8c66-8cbc9221ec14,0,6729
37853254-69f9-4bc4-bd2c-22a069218e57,0,3614
f557ce1e-c538-4c36-91b3-63e01a78b10c,0,25430
c672b9a8-114d-4063-bc1a-a080c7502964,0,20027
43a001a3-43e0-4627-8f4e-194f570d1878,0,5032
f0fdda0b-9783-4adb-8767-5ceef14abc21,0,24923
3ea5af82-4d18-4c7e-a844-7945ece887b0,0,4472
f4741367-a732-4b34-8b4e-586346f1a702,0,25337
a4b76563-3e26-44c8-a448-9c5de628bf96,0,16182
60d05e78-a752-4e62-a504-7d26ec44e4f6,0,8376
ac507fad-0c24-4a5d-8a92-99d535a95001,0,17081
d1cf6d7d-0e8f-4c94-8ce7-739388aed78a,0,21329
6480ace6-1b94-482a-8023-78f13c130c57,0,8814
7dac3c5e-8ecb-4ef6-a0b0-e1dd688253d0,0,11780
07bc7cbd-b313-47c0-b0eb-89d176a71810,0,516
dad07c65-2ba6-4717-bf2a-404fd777d962,0,22336
f4ed7271-d4b8-4bbd-a084-2728e2ef0253,0,25385
516d4e13-5fd7-4e1c-88d1-80e9d86ec379,0,6628
d0da70f4-e597-4261-ac43-d639c6f78f15,0,21223
072e7048-52f1-4b2b-be08-42e0ca1ba1ee,1,449
0ebc8268-df3d-45d8-8ee7-b34880c62830,1,1164
a37191a3-64a6-4a9d-9340-36f3decb92d6,0,16027
33e18761-b2d9-43d1-a9f4-b16a99a2664e,1,3196
f67a4557-a5eb-40d0-b9c2-129b5db7f78f,0,25565
d3a76ad6-faf0-4bd1-8b84-57dedbde959d,0,21528
5f93b04f-2c06-446b-90ad-92ac643ca568,0,8234
938d2c83-61c9-49a7-b031-807ea7457836,0,14211
599078da-05b6-4972-a2da-461d02dc5c96,0,7568
aed0dcde-b13d-4b30-a954-6c63666d9e81,0,17366
45fb43d3-0dfc-487d-a6d0-ed3de365173a,0,5306
ab366de4-789e-4c76-a5b7-b90ef5b32e7f,0,16953
5f857718-2349-4de0-a0a7-610865c9be52,0,8226
f8a1abfb-bce3-495e-b0e4-ded21381efcb,0,25799
567b2444-0714-48a2-ac21-43aa304b99f5,0,7205
437a35ad-8f70-4ba6-86da-de2a6805a2f1,0,5020
fc3d04e2-03c3-4ab2-96a8-298b4fba2f51,0,26230
564c7e63-de19-4a08-a5aa-59cfdf9b99f1,0,7189
bc87803a-38fc-48c1-9712-1ba098b5ecc1,0,18959
401afe9b-4c20-41cc-b52d-21995c71e872,1,4632
5e6315e2-a4f0-4d7a-96e6-736dd8660c77,0,8091
b0a145b5-d341-4c34-a6ff-9a81c66970c2,0,17580
be5d4e59-c207-4359-b7ad-a88fb593f2c7,1,19178
59491c73-0991-4643-9ddc-3475e02b14d0,1,7529
8cea149b-8947-497e-8279-0a7aefc28d60,0,13473
56ca817b-e17d-4b2b-95c8-d544a7786124,1,7248
b02c6f04-dc7e-4786-8100-c0d1baddaab6,0,17525
0d5bc737-03de-4bb8-98a1-45b7180c3e0f,1,1103
869933b9-fa14-4dde-ace0-00cdc4d22e54,0,12745
60c7d6a1-9aad-452f-9789-918056b955ad,0,8375
49faf39c-841b-4131-a531-ca3c84590867,0,5770
49e2aae8-864d-42df-bd4d-f52c8f261c80,0,5754
e55c8aab-1e83-440c-80c7-ef01bd82c5f6,0,23556
c6a5426f-108f-45d5-ba62-644c004d497b,0,20047
b057105f-8ea9-49af-97aa-cd6b5b7ba402,0,17542
fedfb751-4365-4ea3-a4d9-ac761534aca3,0,26530
18221e7c-d8f0-4d76-b9b0-eee4aff2a191,1,1780
cca2cbcc-e55b-467d-a965-ba015ac3fb43,0,20745
bfcf4f1d-95f3-4d21-abb1-e393ce66cacc,0,19351
068f52ab-c25b-4212-97e7-b6f934fc3b75,0,369
6f0739c0-39c6-45d4-bd64-c1f164c00e21,0,10105
dc3eb882-99da-41a8-96ef-cf2b377a1d74,0,22498
40c31d96-78f1-4d21-984b-db5c143a43e4,1,4721
0b424b41-7f38-4c70-840d-dbc5d6901c78,0,882
c4057b1c-85cb-4c46-b395-faf6c2cd95a2,0,19721
c1e228e4-b7b4-432b-a735-36c48fdb806f,0,19458
bcbcf3f5-244b-4979-9405-9cfe410b37a7,1,18993
d2dbc215-4b0f-4028-a039-aa5f9498a9c8,0,21454
cfceeb5b-5f62-4ced-bed2-c447b88284bb,0,21105
66f64de8-cacd-47b9-a47f-37b5a612bdd5,0,9128
51b0e89f-608a-4040-9d0d-694ebe072c28,1,6647
3397d218-ad10-49dd-a3e0-9b1ee6d3d91d,1,3157
bcc517e0-614c-4c16-a2f4-50bbe10cb068,0,18998
c4eae7c6-5e5c-475b-be27-6642821d04fa,0,19837
84fb9389-5b59-4db4-811c-7345c8bcd579,1,12580
e852efc0-2665-4804-a9a3-8f4ed7c1cc83,0,23914
ad0cb7e3-7ba7-467e-8ad9-63ef1682f105,0,17167
844ac956-e1e2-4f27-b58c-390d6405c3a0,1,12526
f7a37b72-fda5-4adc-b3b0-968c923bc1c6,0,25690
610753bd-0800-4312-8989-edbcb8a94bf0,0,8401
cf2dd2cb-07d7-4add-b36a-17c16df7deaa,0,21040
6e0761b7-148e-4bda-b293-ea82d440e929,0,9990
05231d4d-f492-495f-9ab2-9a847a5483dc,0,253
df4ffccb-de4b-42b0-bbf2-05f5772fe63e,0,22836
b7fd679b-570c-4159-aadd-5c39d2238af2,0,18419
92e14d7b-842b-4b05-bb5d-4aab98d9acfb,1,14124
75ca14eb-205b-4ffa-8ac5-fd48aba8dc11,1,10894
2c100194-9dd9-42ef-b1f6-5aea93cdf63a,0,2658
7c89b40b-7748-4209-bd78-27b4f374ec33,0,11664
c2bb3e6e-0d98-4d61-bfd7-8a77fee603a2,0,19558
89821e35-22be-4f81-9aca-15a5192a5c6d,1,13068
9b218763-f3a6-48fb-b17d-50d25cf9bdb8,1,15089
4462bee5-0734-446e-b8d5-7f8f60cec4b7,0,5108
e6a29cfc-b9fe-49ef-aac0-c51acf18fd1b,0,23724
b26d8cd0-8a4c-4f77-9f33-7a5292bed838,0,17794
bace143d-57f3-4514-8fc2-a69a9e7e11e0,0,18752
6994fbce-49a6-4a03-9acb-bfb97be75106,0,9429
fa5cab52-5ad0-44a2-932e-142483abd8a5,0,26010
6448b83f-acd4-4ec5-94ca-fa76bd04a9cd,0,8776
8f98cd34-27f4-48f6-be62-a0d3a2e8dd02,0,13787
4a6bcf76-1a0b-4d70-953a-791c5425df2f,0,5821
9309c5ee-d82f-4327-9754-d1173e1b3e32,0,14139
9e14bba9-48f8-4382-b606-d47030e9b893,1,15397
cc7f5632-634e-43eb-9f97-b7d6b91bdabf,0,20731
54fc4986-daf1-49c9-8309-0be488ebc9f8,0,7042
dcb6a72b-1d92-4cdb-aabc-86b408d50d4e,1,22537
4d67f8f8-2b08-466a-803f-6e70743b30e4,0,6153
e9a4f360-0b85-4241-bd3c-4c7c67037a4c,0,24058
e5e2445c-282a-4c49-8dc4-880f4e3133c8,0,23623
931118ec-bf38-46a6-b74b-4431ebc5ee56,0,14144
bd5cba97-38f8-440d-9365-401af84b6c4f,0,19062
71846fc9-ef2c-41ee-bb57-b513217438e1,0,10400
15aff6d6-7bde-4876-bc89-7745b48c1b80,0,1493
f58819c4-260b-4825-b9b6-d643e96cf1b0,0,25456
31ae4d5e-17a9-44ac-a5e5-6fd947697cda,0,2944
48a74e9c-c0bb-4eeb-85f7-6ca980152001,0,5618
a978e290-1094-4791-a697-cbff542c9469,0,16764
db8433df-a208-4416-a35d-d131d8e334e3,1,22410
9d726da1-e0cc-4262-9b8e-10b0faf32f3b,0,15329
bfff04d1-f510-4c26-9525-57e4b6b27c62,0,19375
11c4dd33-9f7a-4b01-804e-051ab0d0e3e6,1,1309
3ad6c385-b799-4f5b-bcd1-5ec66a35293d,0,4028
79e60655-54ba-4b32-89e4-a85551401d33,0,11358
c8b05677-ce24-4967-a152-3602c5332c4c,0,20285
94548fc4-d199-4abe-ad48-fbc3f8c2f3b7,0,14294
8f75318d-7719-49be-b3ca-523940d6ba7d,0,13767
d0d6b71a-7784-4b4b-b75a-637250c604c6,0,21219
ed365cde-3438-4d14-8cb5-e994dd883b0b,0,24510
6eb6709e-9031-41a1-a033-fdecda741b96,0,10067
016b050d-bf68-4a32-8d3e-421338819519,0,60
87640393-86c5-47b4-ad9a-2d34abd48192,0,12834
b2248f27-a5f1-427f-a84b-2e713da2ba9b,0,17756
ce03fedf-17fe-496f-9821-aa1f1e64f46f,0,20912
658f8602-ffec-40d2-96dd-70ced6c85b2e,0,8945
c20a544e-94ac-4349-a81f-2cc616d1e1c7,0,19476
bfbeea84-2d5a-4b04-beb4-15d3b339e981,1,19345
3c112c11-3e6a-4105-bcdf-78e146ca8862,1,4173
5e7e89b8-3c68-42de-99af-a4aa10a9e8d1,0,8104
8e2b2c4e-18b8-4a78-8817-b1e8a1a5f32e,1,13616
a4b9d2b4-bfde-460b-b300-1fa2c1607b50,0,16185
5f616bc8-5954-42a0-b0e7-14063b036094,0,8209
8d33c03b-b7a1-4e67-8924-2854f2112d24,0,13501
6e0a0d3e-e768-4b29-a2a9-68dd192861b5,0,9991
cd71312c-8fc9-48fc-8084-2a5cf8debe66,0,20844
5c3fe0d9-79e6-4f7a-8d31-f0747cfc28b3,0,7852
bc59d7f5-e65b-4cc1-a668-4517ab02d974,0,18933
98b0ed8d-50d2-45d4-93d3-8b8f8e78a41a,0,14779
53c0904a-7883-44a9-aa57-b166331062f6,0,6891
f07012f0-57e8-4d02-951f-087ae7c8ce5c,0,24875
b54f769a-aa2e-408a-a3ca-ddce2daf42af,0,18123
ae03e3f2-a0e7-4c1e-a2b4-1d9463a86d2e,1,17269
4fbc7a68-31a3-48fa-9318-39ccdc0cc75e,0,6432
25d3bbc4-580d-40d1-9b4f-b29bf9741b93,0,2404
c4a9d607-67c3-49f7-b110-7e0f1dcfea4a,1,19798
4b9e0755-9459-417d-b06a-91edef552f06,0,5963
5bda9372-b868-4488-8e0f-6422bbd9dcf0,0,7801
ba14bd2e-4365-4849-9367-139d383b0df3,0,18655
a47bcc17-20c6-4144-aca7-6032540b33e9,1,16153
bf7225ea-722d-483c-8fd6-3118966ca7b1,1,19307
ce00b1e1-1c26-4f6e-b658-4fd8263c1649,0,20909
cc1cefc7-0cb1-4ff1-af66-2bd8e8dd5d57,1,20682
723c5cd8-8666-4335-9420-0c59a10aaf73,0,10489
5bad55a2-06e1-4ee9-8fbd-555a1f75e647,1,7778
b7bec43d-211e-4526-949f-a6fc3dabbf96,0,18390
c400835c-47b2-46bd-9782-223e14d3090f,0,19718
d718cb8e-2aff-49f6-a1e8-3fbfd92998b2,0,21923
9bb53dc0-28ed-47ed-bff3-9e6cc3c03d62,1,15149
4adb5025-fc0c-4bc2-9505-5d273fdfd56e,0,5863
d29308aa-1deb-4c2c-b414-fdc0f49ef74f,0,21426
974f7211-ca35-4e3e-968c-46d5b28208d0,0,14623
e63bc160-5aea-4b3c-b683-776439fc4a13,0,23668
3a81e5cd-9c7b-4761-a58b-f013d0747822,0,3997
5a2efed9-8132-4de5-bf6f-c73c7d014530,0,7623
056f6beb-c3c8-4ee3-8db5-d1b50aabf7c9,0,272
95492b5e-5aad-44a5-8d73-3f805fb765d9,0,14397
5a012222-e16b-402f-b759-efc86fb7c6ef,0,7606
60591229-0e49-4593-9257-25c6fa989616,0,8326
3b94276b-4b65-4339-a629-0500f0171c45,1,4120
aea56cac-4a31-44b4-b007-1385775d939d,1,17340
4a0ce646-2995-4efc-9fef-e85698fdbcb6,0,5779
9e9c45c2-8b4e-416b-aa50-c27962794bf6,0,15456
ee7e52a2-6687-406f-a52f-5e3809a6d5a0,0,24643
537cd661-6eba-499a-a4bb-2f442897db12,1,6853
f5a9f284-5c9b-4eb1-8c03-aa2bf65bb9e6,1,25472
4e4fdb72-98c5-458d-808f-bb8e42466fdd,0,6263
9f377ef1-a9b4-409c-8e6f-94199ac19a75,1,15537
d55f67db-c835-43a1-a4a1-a80468eb7b75,0,21714
d44dd021-1a9b-4250-a560-ae745a511fb1,0,21587
9327bd1e-f734-4c74-b797-b9276d4f431c,0,14156
7e6276ee-8591-459f-b0de-892784aecc65,0,11863
ec7fd2e8-c8c1-4a3e-9d48-2a0e85b61c44,0,24409
26f62d1f-5b9f-4eed-af49-d6a48e8ff3f7,1,2448
37857a93-3b7c-49ad-86c3-80e19ff11966,0,3615
81de2423-bcc6-4cc4-9bf2-2097da2fe6c3,0,12275
b2d2dacc-918c-4962-9631-3fcc7e94fe16,1,17829
0baa6d29-66e3-40db-8aeb-5ebe80ddc8c8,0,935
729f2aa0-9564-4228-b516-1d8d4be8bb55,1,10540
38016466-59bb-4364-a099-03813dd09f46,1,3673
575477c9-d219-41d3-8997-3265bc6c4a02,0,7296
98013427-7361-46fd-a672-41822c72a562,0,14710
f26f795e-e989-40ce-a076-5763295ce46b,1,25112
a1328407-1ce1-492e-b014-27e30077cc27,1,15769
bbc06ae7-13a9-4911-8254-c142a800cba4,0,18856
d927e0f1-7d10-4ced-a44b-92b4b890bc9e,0,22141
e36d4f43-840d-4ead-8fc0-bd3c6c8afb7d,0,23321
f937e2d2-c4e5-4cdc-b094-91daa023e9ef,0,25859
9a9495a1-8e02-4cef-8783-e0463c1b0cea,0,15035
aec849c0-4ef4-4d4e-9d09-573f1ce4cbd1,0,17360
387aeb82-d92c-4a34-89c1-ed70e288492c,0,3735
ce774f35-6a80-446f-909d-040a84419b18,0,20957
730a4c92-d93c-4a1e-b2a4-36510e7dee3f,0,10577
a512e598-45c5-4f16-b0b0-63f05f6afb14,0,16232
ae50eb15-92f5-4a90-912c-20a8cc745be0,1,17303
fd070065-c0c6-466e-8743-c440da108917,0,26325
881ed5f0-cf38-462a-8f31-b037a5fc0177,0,12915
457f1eb5-65e1-4c8a-9c0f-08fc9f5a9fdd,0,5251
793afb6f-89d5-4148-8342-819c2e559a82,0,11284
b2c534fd-e663-4363-8c62-bcae8cd3dabe,0,17825
ff004b71-fe8a-4c62-acb1-44afc44eb59d,0,26550
5036ff12-a9f4-44c2-8fa0-56f6353ddfab,0,6502
eef7f5e9-8a8d-44f6-800c-cf3774b51f0e,0,24699
3588a0b5-1a41-4afc-a5c9-56d37548bae2,1,3394
d6af45fd-a23d-455c-bc3c-75dfe5f1c455,0,21864
d9ea2a50-3d35-4f03-a684-8007af60bc93,0,22242
828bb06d-7e5e-487c-833e-110be1a4b7d0,1,12340
f0fa0d55-07a5-47ef-beda-b55a7489dca5,0,24918
d3802bfc-9d15-4b63-814f-0d6aeaa505aa,0,21510
57c44c24-2f39-472a-9a6e-53b9d95fa7ba,0,7357
38be1bd3-9535-4c1d-ad3b-65e8caebfce9,1,3774
bb1935a5-b3a5-49e4-90a2-e3d3f664ae02,0,18793
40a2f7fd-342e-494b-a7e0-5857b73ec582,1,4703
f79fa94e-8886-425c-95d4-81abfea92aee,0,25685
6e9329fc-862a-47dc-848f-fb560ed17096,0,10047
121eb744-2f28-443d-a361-ba0cb2401462,0,1322
474d1df2-4567-4b12-ac6f-3f6693f53fc1,0,5473
30e21f60-403d-4f23-b01b-c42a638adf7e,0,2872
d469143c-2dd0-4271-a2c6-5eedfcdb6378,0,21601
50f7689c-9b02-4553-b96c-000d70d45d50,1,6590
30b6e850-9920-4921-980a-fa2328a62d58,0,2867
d4683e9b-ee14-40e1-a9f9-1eebd8d125ee,1,21600
ca5c6136-98de-4885-829a-ac8dc00cd00c,0,20481
9bf4af74-aba7-41ef-9606-b19bf8526a72,1,15174
8cb8f8fc-a2bd-4133-a483-daaa6ecf36c1,0,13447
1d0386e4-e101-4f48-a7cb-d4d763316d47,0,2083
54cbe63c-5c44-4d55-ae01-0096c805dda1,0,7023
32187df2-931a-456c-a4b7-c447e2039f7a,0,2985
42c53ccc-0051-4682-83f4-9c1bb3cc175a,1,4948
3e07be0a-9693-4f9c-9295-9e72b3e2a872,1,4403
445e328a-084f-47a8-909a-f8bd1585b50b,0,5106
b62a6a88-6ad1-43cf-ad59-6d171e89b265,1,18221
eca49e7a-b4a4-4d67-aa47-cd980cd5a521,0,24430
8e015c65-17b3-4426-9ed7-a4e78ee7cf57,0,13600
83a9ae1b-36be-4a4c-a0cf-00e76a4f0463,1,12461
d3c9525a-d036-4bfa-b1da-6d7d2053b894,0,21540
a2dfb08c-2df0-40b6-9860-1689e3917b4f,0,15961
c8d4fc8d-fbfc-4e10-aaea-d3078ed1c6f1,0,20303
f2451ef6-3063-4afc-bebd-5c4ee6a0f828,0,25086
76d42841-2e66-438a-b987-731432f76469,0,11006
f2f6de7e-9fbe-4016-9c43-7031e6382baf,0,25173
d52cbb5a-1d0a-457d-8c72-0f7aeec21ca7,0,21692
9f756055-99fc-4a80-97b4-f89f98cf92d2,1,15563
b47eb868-a03a-48d2-91ad-ba8112b7015c,1,18029
62daf76b-5ddd-43bd-8cd7-7418cf2c5ff7,0,8609
a7867f47-7d31-4c3b-aa3f-76df148f1b02,0,16533
ee9c6d5d-7176-4370-835d-a111e4d9c8da,0,24656
797b308e-38c2-401f-89f4-0a915815724a,0,11307
65a4eba0-f1af-4eea-bb11-03b9957b36f1,1,8957
06ef9df8-ccf3-4086-9115-ecdb99d27df5,0,418
0f906606-9203-46d9-a9eb-c1f325818e9f,0,1213
e5614d99-2fb8-45f8-86ee-ff1f6f0db802,0,23558
c9299322-1d78-4d83-8f7c-45487ff01cc2,0,20342
e06e5f32-c3a0-43ee-b912-f31669644d14,0,22972
fa9875b1-0e89-4112-ae6c-60436379e26c,0,26034
d491c6bf-7598-490d-a1c1-205cba0184d1,0,21617
d94f4b9a-308a-4b69-a517-d6218dd66236,0,22158
4bf42abe-22fa-4c93-919b-cff5ed49bc87,0,5998
6d2e3884-793c-487b-a3d3-dd8cc2ce1031,1,9890
75c7161e-3f42-46d2-b3a4-cd280d624319,0,10891
64739b6b-2ef7-459e-8604-0578392094bd,0,8801
d2b23fd5-ad90-4768-95d5-7463fc4bac84,0,21439
cc9a9148-7419-4ba6-a56d-a7acdaae2d4d,0,20741
3b2503ab-5006-420a-a26a-f5c8409488bf,0,4061
08e237d8-7d4d-410f-b48e-1e2817df9aac,0,634
d81627e3-685c-402f-890b-0a0308d11f50,0,22029
f1cd74f1-90d8-419b-af77-6767c596219c,0,25035
527fcdb1-a09d-469e-ba98-db1badf85d3e,0,6744
3f09f93a-a961-487a-80ae-1e926b4ccb0c,0,4510
e6230438-f63c-49c9-863c-b101b6e41de6,0,23659
85b5b0b3-fef2-42ac-81ff-1bc1da4f9b0b,0,12660
ccee655e-89d0-4ff8-b16e-33b214b08daf,1,20780
a5d95e7a-912e-4030-bf27-7ddcdfdbeb34,0,16324
467ba515-37f4-4014-9fb1-a981daa58286,0,5363
5b453624-5786-4722-9dc4-526884147006,0,7734
3c77978d-d287-470c-9bef-b47836b7fa55,1,4223
74fa6abc-1d7c-494f-b025-1c42ff421cdf,0,10800
3aeaaca0-345a-4d22-93da-2bec43180e49,0,4039
455c76de-482c-47d4-b15c-61da2640f4e0,0,5234
376d472d-591b-4f4d-89c4-49490e8ecd0f,0,3606
4f90568e-6ab1-4e42-8046-4b65529217c0,1,6413
5ab66ad0-25a2-4e41-8f40-960154a008f2,0,7684
0b00ec19-0e23-48eb-8936-c03379bf65c2,0,857
23817810-a792-4c97-a15c-24d3c9da1f3b,0,2302
b1c9ed5a-9be6-4f5e-a7f8-5eba7289c156,1,17721
83658980-d44a-4f6a-adea-4b3665786e09,0,12434
90ac2cea-3521-4e47-8f84-f46b9b8a7f87,0,13899
8df52c85-df58-45e1-9142-7bcdd4d22f71,0,13593
3596a38f-dcd0-471a-bf3c-32d221d98184,0,3402
aee1a1e1-5de4-4a11-96e6-13de381cf308,1,17376
3aebc0d6-6625-4e62-a895-53136bb34078,0,4040
4bffacc2-e2b5-41b8-a5c3-804b8466bb47,1,6003
ba96958c-acdc-46a1-9914-d0424361a07b,1,18722
a62876f2-632f-49b8-8d74-4599e0352812,0,16361
fddfb799-68be-418d-8caf-c99045137eb8,0,26415
a27e3a17-eb04-484c-a9a2-bdabe6e68bc6,0,15911
b6cb8151-4575-461c-a342-335d9c413359,1,18279
12657240-8b00-4be5-994e-6bba758e168a,0,1329
6e4fbf91-6412-4ff7-80ec-c962dab9178f,0,10024
08b76292-b24f-4130-ae4f-3af518a9d5a3,0,620
82764af4-85dc-4512-bdfe-d9e9f66e0fc4,1,12332
e03af9b0-0d2e-4cc3-b6b3-c3762bbdcf12,0,22949
15c968aa-c279-4e68-aa0e-a0ea85b06053,0,1512
3cc54702-d779-4990-979b-edc89f450105,0,4258
e32e9454-f0f6-4eb3-844b-0593c2c248c8,0,23295
b1db3925-cbb3-4e1a-8612-80e07f471365,0,17730
e93c06af-091f-4000-89bc-4f2e42d5bba1,0,24011
09b0df7c-90bc-499d-a7c7-5474199da4e6,1,730
9e914ce0-b0c9-4b09-8e1e-51419da4befc,0,15451
d525eafb-8908-45fd-a942-48d07c435487,0,21687
8df77461-c240-468f-810f-9796686a2c0c,0,13596
06463240-3dd5-4d64-ad20-0956af60d1a2,0,348
af2ff93b-2f33-4c91-bde1-1490fc435b50,1,17412
43605721-d0e0-4d58-b212-b05a295b21be,1,5006
b9f872dc-acb6-4fe1-a5fc-03906ddfee66,0,18636
b0ef01d0-4924-4a45-8caa-75708e8d1cd2,0,17609
d58012a2-a845-472d-8f49-336a3cc977c1,1,21734
ffaddbba-6aa4-4f12-ab24-b994567f01e6,0,26647
31dfda01-0949-4b8d-93e0-61f49f2b4a3c,0,2966
9bfc47dd-ea9b-47e8-bd09-be421935e21c,0,15177
c866d283-63c1-448b-a322-f9f847a65f27,0,20246
3d02606b-922b-4423-9a94-253410fc66d4,0,4288
9cbf0728-d245-4782-8aca-c25c5e8e158f,1,15260
a3fe4e01-9d56-4963-8dbf-5b69c1d87284,0,16093
da4d442b-bd4a-4703-9180-f437a5129444,0,22284
c5f707b9-acc7-4c16-add0-6f0d60d8f5c1,1,19970
ad731170-1388-4ee3-89f9-786322217fc3,1,17207
6d434242-2856-476f-8b14-f8ddb2cfd858,0,9900
5b066fa8-0ee8-41a3-9e25-5810e5c17d37,0,7711
b26cc8d8-a11b-4b2f-ad69-41ad37ad5c53,0,17793
97fe9a9a-3b11-4cbe-b053-2d5de0739dff,1,14708
89fe1bc2-7a5c-468f-8202-fef9fd13eba7,1,13123
4f430e41-e2ae-4b77-8413-731092cefc4e,0,6372
a01997aa-d69a-435b-a000-c0c7b59dd97b,0,15642
076eab63-d75d-4272-a5d3-13eae02f2c8f,1,485
44def0ee-7e27-412e-bc8b-64ceaea4679e,0,5173
cc2fa386-47c5-4e79-bb6a-3f7d15c2d149,0,20692
18f84176-38fd-4c45-9054-1ee74075bb99,1,1876
7738f4a5-a2fa-44eb-b96b-7d6e4a317327,0,11055
87cd0c03-f49f-4001-8457-10c659890cb8,0,12880
a46f2e04-c730-48a4-916f-2620194cd317,0,16145
3352dd2e-717c-4a5a-ad4b-81315818b351,1,3127
c6e7ac41-3ebc-400f-85ba-3669512c40a5,0,20072
1ce726b3-b936-450e-9c4a-90646b5fd001,0,2079
9aa95c60-ae22-429c-9092-4121a55db655,0,15045
ea813cfd-b932-4872-a969-d6d5f8c01d13,0,24165
26df5099-c051-41e9-929d-99b6f1684815,1,2444
b936a067-9d6c-43b4-81a3-74ae3be03971,0,18547
15074516-5791-4026-b665-3cfea4748323,0,1432
5d2e858c-3188-44f7-b1f9-e70059dddff5,1,7954
87e3961c-a02b-4a1b-80cc-a0f942897521,0,12891
b05766ae-c0d4-4e29-855b-1112c7ae956e,1,17543
d987ee6d-abac-4b2a-a7d4-d4c11789c793,0,22190
4aa05040-a8cb-41b9-a613-d8e858de6419,0,5841
943b27f1-ba1c-415b-b738-7b52aefa445b,0,14282
e06b4382-9140-4fff-817b-47026d28a98d,1,22971
801b47df-2160-4167-9245-efbf82033494,0,12079
179f022d-f515-438c-b17d-f0a998b0e115,0,1712
bf60b3fd-3040-4a61-a009-37ce6bc19976,0,19295
b44b65e1-7382-4aa6-8d87-fe6d7b4f1a17,1,18000
f0830feb-474c-4435-bc96-70bfd760bfb9,0,24884
07c379f0-8ceb-4ba9-84be-cfbb29de8ba5,1,517
6f3edd10-1cc0-4f2b-874f-3d599bdf463f,1,10139
e5c95712-169b-46bd-8b0e-6b7723a7562c,0,23612
1a42aa5f-54c6-4ada-b381-cdf65cfc69b1,1,1968
b7390432-743b-4313-8b2d-ecf738b00c32,0,18322
9fa50949-d641-4a97-b205-72f750a0b651,0,15591
ac6b624d-71ba-44ca-957e-592a715f0ac2,1,17091
6c6483ba-b672-402d-8d8a-10452b1e1387,1,9796
3a0f9e11-0dee-4e81-96e2-9ce8417270ef,1,3935
d2bec9a4-a2d2-414c-a5d4-df0dced8030d,0,21445
9d7eada8-ca73-4814-b5fe-81e1bd3dc540,0,15334
471ea4f2-38d8-4fa7-b68b-2f38811a5a2f,0,5445
f7963c46-8d6f-43c0-bfb1-b7d41dd0cc6c,0,25680
60a962b9-d943-49b2-811a-de369e71f545,0,8361
8b60f253-6ae0-4b16-89bc-f3e3163dbbae,1,13292
d5e9a92d-fb2f-416b-8731-4f7435d6c9c5,1,21777
c252072c-c7c9-40a8-819b-5c7952d10bf2,1,19512
d24470a3-90c7-4640-8e60-1aa394c2f929,0,21387
d84a14db-b31a-45f6-83de-5323036f823c,1,22050
d14f9be0-d3e5-40d9-b3dd-f85eaf6eac1a,0,21277
dda53143-9bcc-4c5f-aca6-970626733e17,1,22643
9b90c3f5-5126-4ef4-b109-244c88676697,1,15138
85cee2f7-9628-4c61-a51f-f7be52f5c5c9,0,12669
9abdc28f-151f-4243-8595-1751a8ad1286,0,15052
85ffb2f7-51c3-4b6b-8e7d-d46af9ff82a8,0,12687
6d0b86ac-4d99-4a45-8558-20de59ad39b0,1,9875
e4c30da0-2edd-47ab-a932-f396796c308a,0,23469
552951a6-0684-4014-b3d5-620eebd9d42b,0,7051
d8348637-b16f-40d0-93d3-d27e4051ce6d,1,22043
e0a86d60-2d8c-4e72-acd8-ccf7924bdefa,0,23001
cb93c944-b0a6-43be-8d11-62e1cbd25612,0,20618
23f122ac-3693-45bb-8769-273cd644f643,0,2332
06ec9278-5144-4b88-87f4-c195bb24857d,1,416
3ecaa81f-9128-4e65-951a-091280adb30d,1,4488
adb2838e-c735-4249-a378-5e16cab293c6,0,17238
aaef0613-d604-42d9-a13e-dd6f146b15cc,0,16917
92a2d2d4-39d1-4f0b-b5ed-33d26aaeeae0,0,14101
3bba8ae0-61b8-4682-8b16-2e08078878b9,1,4133
3a6a0da1-e18e-4850-b42a-08416939e0a8,0,3986
a1fb1777-ab79-439e-9899-f00ffc301f53,0,15858
c4121a37-9eb9-428b-8644-1afd357b0628,0,19731
ea05ad67-8667-4f4c-a4a3-d37c3d9ba80e,0,24098
3e19b1b9-1391-401b-8038-61c74a4ff1e3,0,4408
38b0701d-e90f-4352-8b40-1952544cb824,0,3762
5b1172cd-40bd-4ac1-a802-82bda5579efa,0,7716
ac8d3607-3112-4316-8354-8b76e86dc18b,0,17109
07755c77-1391-49f1-8fdb-832082887aec,0,489
905105aa-6683-45ad-8f43-9f636fc8308c,0,13861
936cae03-d766-4566-a42b-0e6b3360d2a4,0,14189
3434bd60-a1d3-45b1-8565-1cac209cf1f2,0,3229
d6888434-1370-4969-be75-16b241256fe3,0,21850
7a16cadf-741d-4a3d-8fd7-1e6322809363,0,11379
5a9235a7-8034-4115-9c0a-9612ef02f968,0,7666
5341f2bc-e62c-433a-80b8-439035520842,0,6830
b7de17b0-c8a4-4d97-bc40-a13387bea4ef,1,18400
15e98e98-57f1-4641-8c33-de67995cf441,0,1529
63f29622-7924-46cf-bffd-3508875ffbcf,0,8736
3ef0d810-9e16-45af-a3f9-8d9bb371c308,1,4502
b3cbba88-1fcf-4235-9810-ad1ea8059fb9,0,17932
652122ac-42a4-483d-beb1-60d37753b289,0,8888
f0c7e6c9-8d87-4398-97ad-030f797a11c9,0,24903
a0e17c42-735b-47f3-af1e-e84ac9d4e968,0,15730
2397b2f6-3dfa-476c-89ea-e9992c5bd9a9,1,2309
1f40556d-19e9-4c63-bc76-4ef8dc78fc60,0,2161
5c943faf-3948-4549-9e2c-3761df65d97d,0,7890
4852ff69-c93b-442a-8359-90fd09c6bb1d,0,5588
50d8b462-8e52-4b60-abde-10fd98b51cf8,0,6572
ebad82a7-09e7-404e-9467-31303b3967a6,1,24308
dc388ce8-bcdc-4499-9ebc-c494800fab22,0,22494
199663e1-3fc0-4624-906a-4df7a32c0270,0,1938
53a12920-9e1d-477c-a9f4-9998611f5f5c,0,6874
84c7222e-0f68-4de6-9f85-9e3fd1089f79,1,12567
953ef792-b739-4a19-be39-6937f6828cf8,0,14390
8835dbeb-b2b3-4744-bf0a-a9af9521b227,0,12931
15bed4e1-1b6d-4224-bfe8-b044725ccd77,0,1502
93f300b9-d452-4efc-92da-eb9abd2adaa4,0,14260
30b23b86-4328-4dc0-a763-350f2d7dc85f,0,2865
497f010c-5091-467a-bc3e-2c948ee696b0,0,5711
8615728f-3449-4e56-aa8f-cc4e2e2aef5c,1,12697
0953df2c-f969-4fa1-a872-022475ecd5ef,1,684
741e924e-b826-47e9-a349-879561029b24,1,10697
d4a41252-bd49-47db-ae15-e6e489271b82,1,21630
e37fe7f9-b06c-495f-9f25-31939b140e48,0,23327
bb6c3018-2141-4e13-a2a9-59b479c5abff,0,18828
f1d4a238-6cfc-4875-843a-3b5044c7cdf7,1,25041
ee05c3bf-cadf-4aa4-85cb-d8f52608fb44,0,24595
d3a565b6-929e-4db1-8cc2-2b59e64860b5,1,21527
8c62b364-84be-4c83-9c3a-43df335a1978,0,13401
9a1fe07c-88c3-4ec2-9713-09d3beaf9830,1,14981
7e2a9bb1-b95a-4d72-9859-bb851216277b,0,11837
86086ad6-90bd-4d6f-becd-3b20e4730266,0,12690
b4587e51-7fa7-4264-84a0-2c000f98c0a3,0,18008
4fb4a9dc-5429-41d9-b47f-47745d2e8552,0,6427
8ca19865-fd6c-4bcd-a2a0-7f9e9ea4bc5c,1,13434
9f8cfaf8-3bf9-4d4d-a0be-40091e83cba1,0,15578
7ba10ccd-c6a4-4a4e-a709-9cf7d6f7784a,0,11540
091781dd-be2b-4517-9264-ade2f0c85487,1,658
eb258f84-16e6-4927-8383-c576e8e242d3,0,24241
7de9b008-f6a8-4101-965d-8590ceaa808a,0,11809
666a7b13-452f-4c63-9713-cb80e2a183ee,0,9043
fea04698-267d-4c55-b6f2-4f785d19fe60,0,26508
3b368413-f2a0-41d7-a204-b55121e9ff75,0,4077
ff04a17a-9514-481c-985f-13e09944cfd0,0,26555
7d34dda1-3612-4ef4-9428-e9fa5510e66b,0,11729
874f4de5-3840-4f47-9d23-6005871c7dbc,0,12824
4deb9252-f43a-4276-b924-63db12bb5d09,0,6213
6ed56555-277d-42bc-9e16-c43b679b62d2,0,10084
f7cc8800-27a2-4aca-b9d2-d07030ecbd7f,1,25711
40553173-0c2c-498b-853f-aee567e4573b,0,4663
925e2507-76c5-4004-8326-52d030810fbd,0,14074
c1822330-35f9-458f-b713-97d2f3fd39ea,0,19446
632adac1-817d-4b81-9b95-9a9a89320986,0,8649
3d384875-3304-44de-8b8b-40a131a722ce,1,4315
55ea944b-984b-4f0d-a84d-e6b8b6660edc,0,7145
4955984e-afcd-42fc-a3dd-1daa3df12f3e,1,5692
9f02606a-73d0-46b6-8cca-9494f65450a4,0,15512
38364eb2-ec1a-4747-a2ce-64674bbeb32d,1,3700
eaaca2f5-8aec-4553-a2e3-fa44014375ef,0,24184
8a9f28ee-c574-4a5c-b1b5-72958bfa2eda,0,13194
46c57efc-d199-4e20-858a-0946989f9f96,0,5402
585c4950-a29d-42a3-b27d-04c1ea42abf7,0,7426
a6b9565f-bc91-4841-8969-ff94c3b687b3,1,16435
a8390572-4a52-4518-9c89-a478b6604df1,0,16604
5a50979e-58be-4375-ac35-53c9c2d22e6d,0,7639
2a607bec-696e-4248-b6cc-21a6266744bd,0,2597
861dfe11-7f62-4622-89d8-1c09232e9dcf,0,12703
91e18911-89b5-4759-b73c-0f59f8b2a1c8,0,14028
62826182-9760-49a2-ba36-c13d605254da,0,8565
deaa9f3a-7b51-4e6c-ab59-71c3b262f8ff,0,22750
481e364a-3cd1-4188-abc1-33c5816023f6,0,5562
84321b1c-3284-4ce4-89a7-fa42d6d9f997,1,12520
cb815f3a-5014-4bbe-9e34-828149ba9f6e,1,20609
23dde3cd-bdf6-4586-bf6d-8e3306c71455,0,2328
a9023293-e3bb-4516-9769-d3c5b9565e61,1,16706
e4c5ec13-ee4a-4d4b-9680-ee9e1edaa16e,0,23470
80248444-453e-4765-a2ab-b0838cde292f,0,12084
73bc84c5-99b9-4e31-b8db-e3707aaf3576,1,10654
f78584ca-15f7-45e6-abb5-a2493fb9e05a,0,25672
21f2cb9b-e9c8-4056-9e0a-375351806b25,0,2256
8006bb8d-236f-470f-8a76-2dd20eafcd70,1,12070
75026295-2eb4-45e9-b745-db0fcf1eacb4,0,10804
72a2d10b-cc88-433c-b988-8013f7530d99,1,10542
640675db-2fbc-4aa7-be16-572a540eecf5,0,8748
d24938f9-d045-4c32-9f52-90a9543d88cc,0,21389
a00f64c6-6948-4a77-805f-059e09b069fc,0,15639
ba8d3130-4063-4339-bbfa-474259060f5b,1,18716
365ae7a6-dccd-4b94-b5af-c1c0eae5cd24,0,3481
f0c1a0e1-490e-4ff8-88bb-c71390728cc8,0,24902
f1529458-c096-4c01-b835-629821640164,0,24975
e4c80aa1-92bb-4035-b76b-6c2c4a1ebcf4,0,23472
ee7e23c3-2692-47e9-9e00-d23bb8161cc1,0,24641
0c8b3735-25e3-4628-bb53-8c24e10eec56,1,1048
d95be64c-1ef5-4521-833f-fc3818885c45,0,22163
351d5ab2-c3a6-40ed-baf5-b4a68f45eb4e,1,3346
47bb2ad1-6ee1-4bd2-858e-ade3df967177,1,5519
c28fc2ae-60ca-4638-ae32-29cc4af24e8b,0,19538
6052ea5e-6fbf-4c64-985d-85b08de64073,0,8323
e1eaeb02-28bf-4eb1-aa85-aed3558e9e71,0,23143
3e17c5f9-d5c0-4128-a160-464d4176bb0a,0,4407
60f16c3a-9a51-4c68-b5c4-2ce898c08370,0,8395
8a9ff447-b0f1-4b0a-8185-17e310474b3f,0,13195
e5295eea-2d88-41da-be50-4ee4bed5be53,0,23529
c3d8144a-2426-4e80-80c0-651dfe0116e8,1,19703
aa720b92-39d2-4db4-a6c1-318840cb973b,1,16863
ca51e6f6-c3ed-41ab-bf85-6efd3aac966c,0,20475
3041969c-8db3-448c-98fd-10ff11dd59d4,1,2845
e20a2c5f-db09-4de1-80d7-c766a94b5f06,0,23159
ac1e4d6d-c013-4a23-8b65-0094eaca37c5,0,17048
fcc70304-c7bf-47ce-85cc-0754706b1a91,0,26301
d775e568-ff6f-462a-b33e-91eb1ed8031b,0,21965
0fb699c2-9ebc-4f77-a531-703a1232c1a5,0,1220
8e3f8832-bc51-4297-ad37-adfe59ef9d0d,0,13624
47cfc930-3388-40df-94ed-78e30bd7f541,0,5529
9d38e64f-32ae-4fa2-a485-64869aa57b37,0,15304
2f8bdf8a-af90-43bf-8d5d-0b434cca29f9,1,2806
98692be3-a420-4f98-bffb-4f98187059a8,1,14749
b15d2886-4bc4-4ed8-9be1-2d4d3a59a8c0,0,17668
3802b256-c042-4f52-ab00-73877c1d1a57,0,3674
536f9eb3-512f-4d68-a28f-dbf8233b157f,0,6850
6dc2f97e-28bb-4a0e-b821-75c846aac15a,0,9950
e87969b7-a21f-42d4-9a22-dc519898d2a3,0,23932
c6df3141-be69-4c79-b9d5-b68c8f35c0ba,0,20071
2348e8ba-483f-476d-b29d-5ba8398d7abc,1,2295
1ba69712-0536-4311-a59d-81bd618aac1e,0,2030
0c7c5bbd-b443-422c-b772-a8bd90900647,0,1041
a6e93c46-18b0-4615-94c8-9ef969e14147,0,16456
b2682847-53c4-490e-8549-c0aaf59d4af3,0,17791
8b78523f-8061-41b9-9be6-cd64fef9f2d2,1,13305
320df0f4-4189-401a-a836-569ba4f8f389,1,2979
7d3d4832-3384-488d-8717-073b80f98b7d,0,11735
7f487f82-e99b-4765-a7ea-3421e3d6dc9c,0,11974
4a889524-2f29-4f9f-a102-fe1f5ac8a5e2,0,5835
dbc9b1f9-552f-4228-a407-103f0a0eb8c1,0,22448
5093633b-af1a-40b0-ab97-6aa4c586661f,0,6542
0727efd2-c063-4409-b326-9532f6531a97,0,446
80e156e0-e873-4ebc-82d7-ebc8ab8051ca,0,12161
a03bf35b-b57b-4cd0-bac4-c5d7c13a168a,0,15660
85461441-2f09-4d76-92a9-6b1742aaf173,0,12611
a410dbbd-1ee8-4b79-876e-200b093b0e43,1,16102
77b4e9ec-9002-444f-b3a5-9e5ab9dacaa5,1,11105
63f851ea-b371-46fa-985c-6dfc4ecf043e,0,8738
29a2fb4c-481c-4147-89ad-5b6d1e343903,0,2564
d36d4617-d2f2-47c6-80a5-6120f5acd1cc,0,21505
c60c4daa-5c61-4a22-9b40-1a3830ce0193,0,19985
5a8e51d4-1b33-45b3-8f96-5a4027462cbc,1,7665
e7763b77-4ec7-4dbe-af09-5e074b13689a,0,23816
a40f0f33-3b4d-4ff8-a519-25244d0293b6,0,16100
95ae1b52-e15e-4791-b1d2-0ff103550247,0,14438
8b0cf414-03a7-499c-a080-cdc52003c84a,1,13250
a97efa60-c7e0-4a4e-9037-0f72e1476377,0,16766
35f3296d-cbf1-490d-9c25-f081392c0a21,0,3443
466923ee-bc63-4b8b-8129-929e3a303c8f,0,5352
6dfd2625-34ab-4bd8-8de9-4fdb1d261bde,0,9983
1f4741e6-a0ae-41b2-8b70-bf7e927f1b13,1,2165
9fecd2dc-443d-4667-9423-a833ed7e7f29,0,15624
57efac0d-fe0d-4fd1-a986-8642a0a0fe6a,1,7375
d900e7db-3bf7-44a9-863b-19346fb05cdf,0,22122
d62fb630-b633-4b16-b533-79c594e9f0e9,0,21806
85a3789f-ce9e-4940-8d28-102914e90acb,0,12649
ecc03b7c-762a-4a5e-abe6-61618d6a0df9,0,24449
bb012055-eccb-49e3-a909-92888d036f15,0,18779
d17e08fa-cd21-4bd4-b3d9-3b55d51ee9cd,0,21297
a742398e-dc51-4c5e-9b98-90cbfc75c9ea,0,16494
eaecfe76-bef1-4d34-9a27-c2c131156672,0,24214
c4475f02-eda4-48e8-904a-256e2291b300,0,19757
b724406f-51b8-4134-a9eb-2185696cbbfb,1,18315
7cab0f2d-9768-46c7-8843-65e8346a02d5,0,11681
b1dcd901-378d-4540-949e-33ac5c94ca4b,0,17731
7150bb39-42ce-4f4e-b46e-79fee604ccd1,0,10371
6aaf6a0b-3777-49c4-9194-88b1efb3908e,0,9574
13990031-9dbf-4e03-9505-0f9120bdb166,1,1373
41698a59-b569-496e-9664-88f4d2c328a5,0,4797
d9352f1f-4f89-4fa3-bbcd-4c5108ec09c9,0,22151
f1a64f0e-6d10-4138-8d4f-af0573bd04e5,0,25011
3fd78890-11cf-4bb2-88ac-0a8e7fc54c61,1,4600
5340047d-295c-4b89-aabf-03889f4acb42,0,6829
b8043f6e-400d-4bf3-8f4b-4a708c41ffba,0,18425
6c2cf7d6-4e1d-4846-9658-089f74d2cfbc,0,9768
ec416f17-0ce2-4846-851e-cc5c2a6a49bb,0,24384
1947e51f-8e73-46b3-91ad-4d35489a2793,0,1911
dd641492-7eb5-44f0-b7f5-aa5cd6748783,0,22614
a8caec22-eaf7-4acf-bbb8-fa3cdf4f69d5,1,16671
f0f46754-477c-4297-984b-7dfd3a6190ab,0,24917
a158d5d7-9163-4def-aa23-5ca91cae2cb8,0,15793
67abb6ec-929a-4e85-879f-e963d753a14a,0,9201
b080119c-b27f-486e-a803-32634a898536,0,17568
6d9624aa-3bf6-4797-836a-00af38473281,0,9934
d71bd198-5c78-431a-b3bb-04dbe24f67a6,0,21926
6bf1ce7c-185c-4f99-869d-8af5c72c1a5e,1,9736
edd06c7c-fd71-41e9-a6be-7124b956ea90,0,24574
474a76de-9199-45d0-86a5-a49b815b7372,0,5471
7112cd4d-a4d1-4aa0-9f16-6c9ab6a50a42,0,10340
185968b1-eeb0-450a-8862-8cce9e6ed3ff,0,1813
ba96b275-67c3-442d-9c81-d5cf38d5c1e7,0,18723
85345d2f-2530-42cc-8d2a-e660fd8f6236,0,12602
9df8b81f-7bde-4fd4-926d-cb08187f4866,0,15385
be4c4017-e382-46f5-9a6e-d98f5a81ad73,1,19165
39020ca4-0e5d-4b53-899d-fe72699cdfc3,0,3814
dde16ef3-48de-4371-8d7a-2748b20a73e3,1,22668
b7d0cb5e-5594-41f1-9426-c7aa2cfd945c,1,18393
5b622e5e-09c0-4ade-b82a-c73010b7f47a,0,7751
acef1ac8-98dc-4572-a646-4f7ca4b087f2,0,17155
eae9deb3-2bf7-4e52-aa43-e36b60cc676a,0,24212
62d3d5b2-d4ce-49bb-83c6-d392ae60630e,0,8607
6aa3d9ab-9b25-4609-99ea-8fcb17d87a09,0,9567
c04f9256-7358-42ef-b843-19dbf64ef287,1,19386
32d18643-336b-4b68-a0a4-12efb635e9c7,1,3079
ce9cfea5-2872-461f-838f-eccc70df0160,0,20975
1a2b6a01-88f6-4907-adef-f396a00a15b4,1,1963
b83edafd-86b5-4fe2-a2a9-1a72ce1880b9,1,18451
7a3b0422-aec2-4041-bd11-35591745e46d,0,11388
cab7439d-035b-4748-8079-6916b653cd5b,0,20520
5e73b305-4101-4b73-bbbc-047055469c11,0,8099
cd928ddc-4bd4-4307-a659-4900fd70507e,1,20863
50ae1abb-8b74-47e5-9dda-51c2f6840475,0,6553
cbf8651a-5300-44e6-b1cd-e17333421844,0,20669
52017ad1-0344-46e4-9b0a-47a5a38d7e71,0,6690
883dfbcd-8bfd-4cfe-b562-2e76c06dfc04,0,12936
be367de2-d888-41df-90bd-82baaa80541f,1,19156
39148a82-bab6-4529-9e66-9b28e8110a8c,0,3823
aafecca2-fefc-48e6-be48-a34488e06cbb,1,16927
e67b71d5-e6cb-40be-bf98-ee06d26a6a96,1,23704
3459993b-6528-46ac-86c4-6464087c6f57,0,3243
fd9fe662-92ed-4fb0-a4c4-9f98ad218444,0,26394
a7a52ab5-c475-4acc-bbd2-8f1931425cd0,0,16542
69fbde07-6eef-4f83-a03e-995404e670f5,0,9473
df13cd6b-0b39-40ee-811c-9df848963965,1,22814
93e0aaa9-1c46-4041-a101-6b800a0df0ac,0,14250
edfa02f9-6832-4f91-8b9c-018d3536332c,0,24591
a0a46571-f455-4680-89c2-c1aa97f55f6f,0,15695
e5cf3d27-7462-434f-b6b5-8234bd2198ed,0,23616
8c26339e-9311-409d-a801-1ad6786acd24,0,13370
fe79ab03-4727-45c9-9c42-813f2b34f111,1,26483
33a272fa-62f1-4a2f-993b-79a5431e3ba2,0,3162
7f850728-0339-4a0b-896b-d53f1f3a20a3,0,12009
b4ae5b1d-2d5e-422a-9388-36f4645d21c7,1,18053
4d6f4e36-f9d7-40e1-b1c9-004d217b8019,0,6156
02051597-8a40-4586-88e1-8e62e421981f,0,108
3295c5b1-e285-407e-93c3-13f9fd636276,0,3048
88299694-7c99-4f52-85c4-f8f11549ce01,0,12919
88c65ed1-ddb4-4034-94ed-c38d0ac1ac4f,0,12990
17a46e10-30d3-4ddb-bcca-a6316b20c509,0,1715
e5f93ebe-8d07-4753-9b2b-a6751f29b799,0,23637
d54240c5-1375-42c8-85b5-e77968f6befc,0,21701
c62e023e-9f94-4f63-b11b-2cdccf45f141,0,19998
f14422e1-ed58-4a91-84f6-82d75ddc0139,0,24961
74060000-8546-4dff-b85b-7de6eeeb04a4,0,10686
dfb0b0dd-27fc-46a8-8c43-f24d0beebf4f,0,22873
964e4a0c-7e70-4968-9846-f40e0a678638,0,14515
5006f783-56af-4ad9-a37b-c80bd789ddbd,0,6476
6356caac-984a-41de-b607-97f9eb7afa30,0,8669
d1d01959-a2d0-4168-b6bf-463b32923198,0,21330
e9194aa8-56de-4b89-8f4e-91e58973ef50,0,23997
320ed4b4-0793-4224-866b-29d9cfc5b90f,1,2981
bca8b087-edfe-4f63-aeea-992b5b9bc851,0,18980
96b91c36-e503-462e-9d18-38f7439690f7,1,14556
4f51a2b4-7d55-4789-a420-e657110ba494,0,6378
98b45c2b-7594-4755-8150-c38b443ba1f6,0,14782
d91637ff-b5c7-4c68-83bd-7a51b54188b8,0,22129
07888d77-acd2-4e12-9f43-9272ae1cfe9e,0,496
5983eaa7-bd6f-49e6-a6bd-4514d950c177,0,7563
828b546e-2f05-40ae-9f10-85fef16f6bbf,0,12339
b261b9bd-4ff0-4fb9-a1f4-c7d44a2e45c9,1,17788
71fc294c-5903-4215-be52-06d5cbb877ea,0,10458
355ca2f6-2947-4f1f-9d21-a876bd6df049,0,3368
911fda2d-a2c6-4344-bc56-a42fdf3c1058,0,13942
37d596c9-2e31-4e7d-8fbf-13b94853c811,0,3654
03ab53d0-0a93-43f7-bfb7-4fc5b4db75dc,0,177
085a6486-c3b3-4ca2-80f1-be07d23e853b,1,581
a56ee1d9-dacf-4675-925c-f1a63f15d437,0,16274
b478df55-72d7-422b-8588-4bc40575ab77,0,18025
9e6ef69b-50da-45a2-b04f-aaa55a07979a,0,15435
0ab261f9-4eb5-42ab-a9a5-e918904d6356,1,826
baa10aee-7c98-47d9-a146-4922a94eabee,0,18727
0bad22f7-1833-43bc-92ec-ac2aba6e1ef7,0,936
5fcaa9d7-232e-43f1-a6b3-e0b23fa21152,0,8263
418ca43f-5135-42b0-95fc-81f05372e3c4,0,4820
9330e032-5a37-4120-8063-58618a632b43,0,14160
45b1258e-655e-46e5-b4f3-f5c3ee72a7de,0,5268
f4a8c643-9800-42d9-bcd7-9a4917c3fa4f,0,25355
316bacdf-2388-4daa-bfce-cc632dcb4f79,0,2907
8f03d98b-553c-4fb4-b1e3-ea86a8e2c92d,1,13716
cee8b61a-d0aa-42f7-8f90-0be7aac05636,0,21007
5774a68f-e370-4522-a1c2-cc03e2bfb3b6,1,7315
a1a1aeb3-9c6b-4118-8ecd-0eab3a25dcbe,0,15829
fb6802dd-a4d0-4474-8000-c6dc8c3cdc5f,0,26130
15d957da-6c21-4f18-a8e7-a26fe4d29f58,0,1520
e6d643f9-3a71-47bd-ba97-90912b918c65,0,23745
cf6ea318-8cf0-4383-9e13-500d0f01c248,0,21067
32a837c1-cd10-431d-9dfe-a4f9c1acf53b,0,3056
d47f354b-d29d-48b9-9c54-07c1e981bef4,1,21610
2af433f9-69ad-4a61-8717-327b3280cf96,0,2618
7565711c-5523-4fca-8c8f-76b238412720,0,10848
b522e51e-15a9-4240-998f-5d8f8d594790,0,18095
08da8f40-b186-473b-9fa3-1caa4ecdc02b,1,630
769fd50a-acce-4bf0-95ff-98e941bc6821,0,10984
6ccaed40-444e-43b9-ae7e-e66fdf41e082,0,9845
f5107d16-3da1-4258-8d9a-02e45c3c0d00,0,25398
3d8ec01f-d488-4816-8fee-036b69b43246,0,4354
08295bd5-d317-467a-acbb-ba3ba9218c9f,0,562
bf9abd09-e9d0-4783-b665-cd670afe91d5,0,19325
64f35a34-8ca9-43c3-bec1-dfaf1614fcdb,0,8865
08810d26-6674-4d73-91d5-ecdfdd0a0b42,0,595
b1323e3e-2460-4db7-a98e-f810c0004836,1,17643
a6dfffb9-e267-4535-bb87-62ca8098dbf4,0,16453
ae5bbcb2-8f3a-4f5c-a7b1-1ecaa6a7a967,1,17306
6eb4d594-3120-4612-8d4b-7bbc160c3b21,0,10066
d3717e4d-7c27-424e-beb3-903babfa14fa,0,21506
cfbe870f-3ed6-429b-a0f3-c65118aacd3e,0,21097
7741e816-0b90-46c1-b529-f3c009302a19,0,11058
6bf72a31-d934-44e5-814c-36215526f1e9,0,9744
94b1f5c7-d147-4510-8396-de38eb620ecd,0,14337
acf7162d-7181-4d50-83c8-9a76ae222210,0,17158
44f935f6-13d9-4f88-9071-b70e9a1819c7,0,5191
82229823-adbb-481c-93f9-d80e7fb61442,0,12303
3761df44-73dd-4294-8200-d37dfbea1d87,0,3599
f08041f0-be4c-4893-858c-99465834cc0a,1,24882
64d4a708-eb80-4609-bcf8-38201b602e6a,0,8850
dd027248-ab0d-42d3-b171-e0f598cb3099,0,22571
49c63467-daca-4a6f-878e-169e4914694c,0,5744
629b01a0-5d99-4756-aacc-fadedf5a2ee1,0,8581
76639f5a-541f-4053-b71e-658298f7a8ce,0,10963
a8ed845f-fffb-460c-aa04-789da780e23d,0,16695
c26c0bb6-125b-497f-a3fa-04a5729b36c0,1,19524
54d2596c-5182-45b7-9de9-7dcac83d1483,0,7024
ee84aeca-9b5f-460e-af58-3ce02d9b601f,0,24647
3a33fbbd-2088-4af1-b5c4-f914a3e01394,0,3951
ca6827c4-48b9-4eb9-a96a-2c01c5de8c3d,0,20490
4878535b-ef11-4656-b44c-ed21d223e4d3,1,5603
5c618118-ee15-4613-81a1-e99c0975f51a,0,7868
8eef29e3-b9de-4c4f-b1f5-efb9fe7b349a,1,13707
8f974813-c9c7-42cc-a8be-87039918ebd9,0,13786
f5d8bb32-a42d-4ac6-9044-8866abea58d5,0,25500
2458fdf6-7200-425e-b072-0a4e08afcdca,0,2353
9a739d03-2cb0-4cef-83af-62f23231042a,0,15018
59fe31b6-e98e-432f-aaf0-8d0a84f1a179,0,7601
00f2de16-a231-40c3-9a5f-8198f530a4b0,0,42
a359f158-12a4-4690-95e6-6d0aa578f2e8,0,16016
0618f099-05dd-41d8-bf4d-b5ef8400c2e0,0,327
ec60f8bf-72eb-488f-ab84-5d45767d1261,0,24399
eb91f1aa-7549-4d6e-be14-5d6ae0eb85cf,0,24291
28335a47-9710-4435-ab96-62b50556f99b,0,2505
faa193f7-eeab-4acd-bc73-72208df5dd72,0,26038
0e724a83-c104-4d33-94a5-c7df6174f40f,1,1152
f7f55fde-fecd-4120-90fc-d018fbf10f84,0,25726
e68a970a-cd2b-422c-9859-c38c4fb1ff05,0,23712
91cd1a6a-abb6-41b2-abcd-dedbc716e2d8,0,14015
f3bea900-7094-44d2-bb12-fdec80766f9d,1,25256
5c2964dd-2928-492b-865e-412e33fda7a8,0,7837
e99f5aba-4cd8-45db-a096-b051326af2e5,0,24054
3a357cae-dd8e-4fb0-8952-1cc69ab04d0b,0,3952
55f2867a-5c49-4ea2-a9d7-9f8bb977222c,0,7147
862e953f-a15d-439e-866c-189e9082a038,0,12706
08e483d6-4e5d-4685-9dfb-d1befb56a31f,0,636
a129ce0b-cd13-4625-b58c-5b5c5bf909f5,1,15766
5fbb1924-a341-43b8-89c1-c3a8ef256d66,0,8255
e9dfceb3-ae98-4e25-b1d0-e156a3064b06,0,24085
95ae7ef0-fb02-4663-a7dd-a74b81514dab,0,14439
38dee80a-f2e3-41f4-8a72-1f89f4a9c003,1,3793
920a478b-7ae0-4d39-8c4f-2e2b6b22819f,0,14046
ec9556c0-ee07-47c1-96bb-56365df7493a,0,24423
597f9744-d4f2-42b3-9b45-183067897f3b,0,7560
9a7b563e-1f3b-45e9-963c-c888e85d6011,0,15023
425911f7-a2d2-4c03-870d-dba023ea3cac,0,4903
bcb07b72-0e8d-43dd-a2d7-50636bf00960,0,18989
10d218a5-f22c-446b-b18f-55772c9f12c7,0,1270
5c832734-cfe3-4602-9b28-f71416e62fa6,1,7884
9e658fac-3d66-46eb-b991-2e7f8b89e0c8,0,15429
67cf9d7c-1bd5-47a3-9d76-92d546cfb624,0,9223
9bc69eb9-5f5e-4d41-bb5b-e8c1724dd548,0,15156
fd358431-c2ec-4b19-a689-b2fd369d84e1,1,26341
c66a7dae-54da-4c59-9d4a-4319e5980265,0,20025
55e4d0e9-9baa-47c8-8520-cdc3115270f3,0,7141
fad3102b-f4e5-4ad2-9012-47344a53d61e,0,26064
9f8676ed-ec75-42d4-bb4d-304fcaace16d,0,15576
e0113f7d-6349-47c0-8676-8e2ea3fb1101,0,22918
f98256eb-738f-4da3-a36f-84d3df884410,0,25900
335e5897-5c4c-402c-9390-2bed8d592985,0,3136
03d5bd1e-47f5-43cd-a94a-6ed6e456646f,1,188
61b237ca-58d2-433e-b2e7-8ca4cc08bd88,0,8477
d17ebc38-d320-43f3-b8a0-41b647cf0a0d,0,21298
ffc01e64-ba14-4620-8016-235fc1609767,0,26654
601c4ee2-9406-40ba-a855-729424022968,0,8300
bb2b1f50-cfac-4a69-896c-3033513b241c,0,18799
527e3357-7ee9-4911-b2bf-ad076813b65c,0,6743
775ae2b8-f87a-41eb-81d6-4e5edaca2f11,0,11067
559d37a0-ef04-474d-8ac1-61b7d6d77708,0,7108
b5df5721-d026-4638-8b8d-67260798f6a7,1,18185
f7da035b-b3c6-4288-9e0f-82074cf5473d,0,25718
929f2261-a213-4118-897a-6f63875929ab,0,14099
dff0a453-6507-489b-b524-41031c1306d9,0,22899
6e166f1c-2999-4bd2-a8fc-01c8522aeaf0,0,10000
0353021e-7391-4aa5-80ca-d57a51123304,0,161
0c17944f-c5d6-4d88-9b77-a5f86d22447b,0,995
789f8e9e-59cf-42aa-88dd-33f18f0967f1,0,11205
81cb5132-b2f3-4ef0-8f00-0947b511e518,0,12261
aa1b8a2a-59cc-49fa-b38c-a3fe2767ee15,0,16829
cc460ad9-7a1a-42c6-aa6d-fbc3ea6f746b,0,20702
2411eac7-f0b6-4eb8-82ec-d5f1487bdebf,1,2339
4436d992-c780-474a-b753-4effe7e4deaa,0,5087
bb0e4a7c-5f47-4c43-892c-2ab317601edf,1,18783
9e6bd994-d868-4805-8511-08ddcbe33c14,1,15432
07ed91aa-ef0c-49fa-a691-13efc83f8d7e,0,537
7ae2ae8d-3370-4e6a-b1db-8ab3ac862ce3,1,11459
52f6843e-b341-4f5a-b03a-9cd82bf55e0e,0,6800
34af8493-cc6d-4bc1-99c7-2a0814906c50,0,3293
3d2dc6e4-e1d4-4872-a417-5f640ddbb064,0,4309
ef8fcfd4-c664-492b-b150-cd41614363cf,0,24775
89d63d9c-91be-49b1-a072-a4076a35a29b,0,13109
0ba09fda-b861-4f95-affd-773cfdddde5a,0,932
e50ef848-ecce-454d-908e-17fa314f1959,0,23516
ef4c62dd-8abe-4c3b-b604-307a2f55f821,0,24740
c8e8c3ff-52e1-44bb-84b0-e2a90ffcfd32,0,20313
e983d088-c55f-46d2-a52d-467df77a2fa5,0,24042
d3f3c83b-2d4c-41a3-9abb-8fc52f1e224b,0,21556
45415872-fc2a-43ba-869d-5131c57622f1,1,5225
bb272e4b-417c-457b-8a33-7c8b2278fdcc,0,18798
f8a11cd6-e541-4765-a41b-3d70b6f3481e,0,25798
eb66853e-146b-467b-8d22-0ad88ec54d3e,0,24271
7fdcd4cb-80f3-4450-a505-41cacc994c1f,0,12047
b4084bd0-e84e-438b-8daa-65fc081fb54a,0,17969
4fa69712-d57b-4ea9-bdf3-40cdc03f02ff,1,6422
3c1bd2e3-25e5-493d-b003-0b570d8a0014,0,4180
e4b00406-3cbc-4b70-afaf-9d3d312038bb,0,23464
b20c86c3-84f9-466a-a405-a0cd7207a84e,1,17747
93c3cc21-67cb-44e7-bf5f-483c9168a52b,0,14240
4dca2396-aef6-459e-9827-efdd3bef8c76,0,6194
ac36c55b-581a-4af8-bbf6-2334f565ce06,0,17066
0d39923d-02df-4a79-baf4-e00fcca9aaec,0,1094
9ebc1edb-315f-4f0f-bc9b-dfa933bc67d3,1,15479
aa1b6c09-41c6-4782-8572-c9986505cbfb,1,16828
1c7c7be7-497e-4751-89e4-09d4209a8e2a,1,2062
9513c81c-152a-42e3-ba57-024cf33f1fbb,0,14380
a8cb813b-9d3a-46ff-8003-053271cdcc9a,1,16672
40b2c95d-4ee7-4b81-abc9-2c5f97e5442c,0,4716
9540e40e-2b8b-4d2d-a54b-746c08948fec,0,14393
af83a7a6-dfe2-4419-a4fa-a0090858f8bd,1,17442
d0afc8ab-3976-4fe9-a59d-c1f407c96f51,0,21202
a23ac27d-83b3-48b7-837a-dbbe83752ce3,1,15884
a4a65da3-4c7f-4a81-a313-59cf0232fadf,0,16169
09236f60-57e0-48b3-aede-a885f4dfe1b1,0,668
41a32ec6-3e48-4567-83af-253892292346,0,4828
7ecf56d9-73b6-4dd6-b0c0-4849c135241a,0,11920
c7f7e305-0ea2-41e6-96d5-4e207066389e,0,20201
a000a70e-68c6-44fe-a09c-6290775ff8b6,0,15629
0e1ffb7c-6d43-4db3-a75d-8da4de98d80e,0,1134
51a77bd4-2ee1-4924-8797-5121cde56f1d,0,6644
11a4ad3f-7899-4c3c-a88d-f1c799ec04df,1,1305
ec55b806-a4c8-4738-990b-aac0fd1bbecf,0,24393
0b2057bc-4c6d-4c90-8975-94c02392e460,1,872
5b1a17e6-6660-4928-847d-2e7a3f7637a2,0,7720
5013133b-e0dc-4c38-9350-8fd512c09a97,0,6482
453a9434-2ca7-4a28-b6f3-833b994e6e73,1,5223
fbea2dbf-3828-4b0b-a8cf-e1a1e513851b,1,26198
7cf4a9ef-0192-432d-bcf4-b4f8ebb3704a,1,11705
407f272e-826c-49b7-ac68-7066a121662f,0,4685
ea3f8b01-bbf4-4abe-ba79-72b6989f005b,1,24133
b58b5574-d66b-4b28-8ca3-137768b44c84,1,18148
9b20a679-e9aa-4264-83b8-90331923b63d,0,15087
b24d51ce-7415-4784-9748-7a239428ae3b,1,17775
3f2bb376-afc0-4bd2-94bf-64b55746917f,1,4529
7a3c6629-9290-4e24-84b2-fd2f8cba17e3,0,11389
694d1297-609a-4e80-83e8-9f7cf2e7dda4,0,9381
415b676e-6fe2-4de0-a2b2-ad576a8dd74d,0,4790
4a5bc00d-f353-47dd-b014-cd1e7b28bed7,1,5813
4b86f84c-0430-45b9-aa82-e1496b289bae,0,5948
f445a565-4abc-4f5c-8abe-ae7ad2e823ab,0,25316
b9e89b84-5cb2-4005-b654-a3e13c544923,1,18630
e0a5b2f9-62b6-421c-85b7-dde8274df94a,0,22998
6e5ce21b-5506-4248-a729-22be4545874e,0,10030
8be3494d-fe57-47d2-9dd1-ac5db3781850,0,13349
a1d85c52-1941-4d29-a05d-b0ed3d0805c7,0,15847
343dcc38-b05e-43d9-9595-37e0105cdfcb,0,3231
3211c41c-8ced-42ba-8b0f-a04797f1ff27,1,2983
88d25c7b-029a-484e-b860-284e164422cf,1,12994
682c1c1e-baf1-4517-a359-a1496c90c52e,0,9265
e175a6dd-570a-4b57-abd9-64789f7d6ec1,0,23092
579c68e7-c03e-4cd7-bda5-93de372571f2,0,7335
965920f8-5b1d-44e5-80dd-bf054f53ba8e,0,14521
5cfe7d99-d956-479c-85cf-7f8d65465f5b,1,7925
8160b6e6-9cbf-4083-b849-991b1eaed067,1,12213
44440035-fc88-44aa-b760-59b7d3e508bb,0,5092
a165e2bd-d4d8-4ccf-8e18-979fd4056c1a,0,15800
66dd98a0-ea0c-4a26-bf10-58298ea24fac,0,9115
f3f36e6b-8ce1-450e-b072-b61feabeebaf,0,25284
4e1874d3-ad29-4532-a9ff-73d3c514bf2e,0,6232
3132440e-c4bc-4dc5-b7af-ef3e082ed989,0,2880
9ebb6f78-9a39-466f-b5cd-bc0eefb7179f,1,15477
b539db75-809d-4c0c-8b9f-b0e934ed740e,1,18110
3f366853-1520-4fcf-a424-f8820a1393df,0,4538
fc0e9c65-29d3-4950-9565-b8f44f7f5dca,0,26213
7c0a140f-d56b-448c-8eb5-cc996fa78926,0,11602
9489d9ea-bc6c-412d-8904-5d722b48ac2f,0,14316
b9547ac0-bf73-40a7-8524-96faaa848605,0,18560
7aba3bda-2d60-4d76-ad43-074c445fb2a9,0,11444
fcbe848b-7b14-46ab-94cb-c93939cea090,0,26296
60ef9ee9-8d6a-410b-8640-4a68710f41ef,0,8393
50ea28bf-b7f5-4b24-9d48-2144e4be21d0,0,6581
966094de-7960-4b46-9dfc-f5fd10697098,0,14526
c9e7c879-e9ca-4c62-81ed-a1382aebc1eb,0,20428
b4b3ca26-f475-4a32-96c5-699a2f7220a2,0,18055
d60a469e-7d06-432d-88b5-3ad8f25c3548,0,21788
f4172404-7b38-4faa-b69d-8d96b7acfb38,0,25298
84492c21-1895-46b0-b785-6fe6808fba58,0,12525
6c43dfcc-13ea-41d1-8d6d-9b872969140c,0,9777
52877828-191b-4a63-b711-c65c1011c031,0,6751
764ae03e-966a-48d2-ad73-bdbe10274eea,0,10953
254d15d9-dfc5-42a2-b2d6-f208527d6396,1,2384
8b15805d-3acc-411d-9b44-a3fce84603fc,0,13256
88b33152-bb89-49bf-8195-f6addce88b58,0,12983
08cf3d00-57e7-49c2-ae30-7994da5cfa86,0,626
8a97e1ac-a7af-417e-89ba-7f3f9de8d684,1,13191
9d09582f-cb29-4f48-9568-35f367b0c82e,0,15288
aaab7a82-b63a-46eb-9d03-b9fba96ca983,0,16890
03da08b4-9f24-4822-8b2b-4abf27e3c9a8,0,190
b1a24561-8456-4032-9ad4-23a6d5a2b999,1,17706
bb9fca12-f597-439c-885d-ee2f376af938,0,18847
41d086ad-4ecb-48f9-bd7f-b3b6b338f23c,0,4854
3d2863ff-7e64-4e52-bfd0-c71cf596bae5,0,4305
c81c2feb-efca-4f47-9b09-9d0759957ab5,0,20219
2ee27b62-e1d7-4341-bf2b-9d45dc4068a1,0,2776
93efbaea-b85e-4c07-bb97-4f8e92442405,0,14258
a8f42699-1106-428f-90ad-db6a72118122,0,16700
20ed5a77-bb84-4c95-b126-714bd59cdfbf,1,2224
b9c3ed83-82f0-47da-9aed-aaff0034c718,1,18615
4f2c125a-38ba-4982-8265-1b6ff5161033,0,6359
d73509a6-c0c2-4c8a-8e41-4c58eecfc035,0,21943
be56cd05-6e7b-4f0c-ba8b-367e68d8b279,0,19174
9dbb7a32-14df-40ca-871e-410111c45c05,1,15347
4e197ee9-4fe6-4ba7-8505-32003a547f39,0,6236
39552f5b-ee51-4a9a-9028-8fcdaae9baac,1,3852
a40fbbea-4044-45c9-ad15-cfd444552622,0,16101
ea945578-341f-40ae-ab2e-43fad170e59f,0,24172
c9551eed-411f-4e1a-bb0e-7bf68d030fdf,0,20356
41ec1c4d-4c6d-41be-a305-bb43da76ac27,1,4863
734b9290-8d34-4d42-9d2b-1b3bdb98c373,1,10609
ef69f3a7-6460-4030-be0c-c71e3ec49e88,0,24751
8f66472e-29c1-4dc5-86d7-8e0fa67e9f74,0,13761
e23c79f5-4c5d-4682-b770-1b33651426aa,0,23180
bf10ff6e-fc24-4cfc-9b5f-7a156608dc1a,1,19258
8a61a6c6-b600-4eb4-9bec-ea32804c03b2,1,13170
42705f2c-8bdc-4a9d-8e13-864b0a89be21,1,4914
39a77f09-4cc6-435b-90ad-489a894cf6ff,0,3886
15f9590e-9e75-4c47-8070-a741a3fe2297,0,1536
90519cd3-09c1-4c20-92b7-f494a19f0ae0,0,13862
c6d961b8-706e-4d1e-a82b-8cb156ee0938,0,20067
5fb17b91-e490-4f40-bc6b-7955028058c8,0,8249
b0048d9d-6e9d-4a32-b852-12a696cb677a,1,17502
8efbea4b-e25f-4e6d-af63-cad67c29cd8f,0,13712
731a748e-a46f-4f53-84d5-0607e4e2cbc7,0,10587
89358cbf-f24b-4d24-8c64-b6d98b1f53bb,0,13033
b8131ece-c783-4814-9ce7-c0edfc2c9c64,1,18433
b52f57bb-069d-4ec5-96a9-dab220366094,0,18103
7471b0e8-8f55-4ced-b8e4-18a7554a0ebe,1,10741
6e439b29-4d6a-4642-87d5-bd3667789ec7,0,10021
fca2546c-2d5b-47b5-b16f-7933453e08cb,0,26278
76feb952-4a70-4918-8a8d-881eb14bdcbe,0,11023
78723da2-eb6f-4800-9ee7-dd2ddd41820f,0,11175
385c5485-7307-464b-a0b5-a4a6612d8bd2,0,3720
ef626000-1335-4c85-b17a-2c0b98e67a69,0,24750
402de17f-6c1c-4b1c-9ae8-d255ad23713d,0,4643
7ef28198-53a4-408e-8a54-1d421c97edba,1,11931
21d50009-6fea-47e1-8af4-e60aca364ec8,0,2250
16d8068a-6218-4490-af47-e9ad1c67f007,0,1630
dd796b4e-676a-4cfe-ae74-4d003c326671,0,22623
3f9d98ed-1a89-436c-a528-8d34b10a8530,1,4573
585ad192-0e0e-49f6-a04c-242061a59e66,0,7424
5f6f8f25-1b29-43da-9ac8-01970feb489c,0,8216
b1f74e4d-e64a-4555-b60e-8dad24766fd5,1,17742
0a63a331-3e17-4e23-8a9f-f7a4ec850a1b,0,798
1df724c0-ccf5-4299-9037-81b1470f115a,0,2118
0c4d320e-7342-44e4-a634-56f4ca110c58,0,1023
4571ba1f-131f-47d6-a5c4-a5f1e2fb7b77,0,5244
c4090b37-aa75-4b78-80cb-836e281a71b2,0,19723
f42bc96b-8247-4b58-8343-6c4b1eefe7b0,0,25303
dcad1de9-9a01-45dc-831c-5da53ca8139d,0,22534
0696a98e-35fc-4b3a-b708-4be9cb2b9ab0,0,375
a1f31712-6665-443c-b0f9-4fe206e16fb2,0,15855
63bcd5dd-e181-4e78-a2b4-e0a3c6eb963a,0,8714
76160fbe-cc9f-4f5b-842f-760750a13df4,0,10931
558be737-d2a6-46f3-ad06-cd8af95b5d36,1,7100
7580b25b-17e7-4627-93e0-057060fa01e3,0,10862
9ec0a0ac-83b7-4b37-a096-a73a579b6a1d,0,15481
634282ba-24ad-421a-8cfc-b5f45a4649d1,0,8659
86a6c564-e88d-4a30-9dc7-cddbab5773b5,1,12751
6d6ee99a-1458-417a-a97f-fa58e67f0605,1,9921
ac5c0560-0248-45b5-87e0-02f67a81ad15,0,17085
5403a4d6-95db-4b28-a7de-db61e576fc76,0,6921
e6fdbd34-99f7-499f-9607-aaf2bb79b44b,0,23765
a833e04d-2bab-49f7-b2e0-41b989e60c2d,0,16602
5e5e1993-62b0-4413-9534-e79735ebc270,0,8088
aca5cb44-9cfc-420b-a0c4-19f9ef692afb,1,17118
ca882f38-6c8f-4f2b-bff7-8327315257f8,0,20498
342209eb-5fc1-46cf-83af-4beaee1a60b6,1,3222
e969df66-5f15-4a16-9dcb-6889c0ffddf1,0,24026
fd730a34-9615-4497-b1fa-d4d9138056d2,0,26379
5928a120-2f82-4b3e-b19b-8c0340535507,0,7519
35114241-ead7-425a-a694-4f5131f0dc50,1,3337
8a2cff37-2aca-4914-93a1-72a89d8df2bf,0,13147
b2541f48-1acf-4f33-b604-8665fc1517c8,1,17780
6143ebb6-d7d8-4f24-ba5c-325f15d01ff1,0,8430
8956eb86-cc5e-4ad3-a399-b8c3844356f4,0,13049
3705e8a9-bda4-43dc-8671-5f3bb5e1ff8b,1,3556
6df651b2-6d01-4155-a1bf-4808810c586e,0,9980
bb56b84a-b675-490b-b172-39b10b95142d,0,18820
6f31a62a-a909-4710-9a25-44240c65df33,0,10128
193ebe3c-905d-4ee0-87c0-b72999547d3b,1,1906
3c3d0e93-09f0-4be5-9fc9-5f0f3efda96b,0,4197
07f1ae3f-2482-4c76-8801-bc4895b3f46e,0,539
9e1cd2fd-9fa6-4e56-b885-528b97ba63bf,0,15399
34e283d8-3c14-4d47-8882-fb53ec242f87,1,3317
5bc4887e-e2c6-468c-9372-6227649e4fca,0,7787
fbbe59b1-39aa-45f2-adf8-42fba9f99c6c,0,26171
8db71a26-a5b2-46fd-b069-933c7a68e2bd,0,13562
e1e3f485-4ac9-4e4e-b0e0-823582b84825,0,23139
f82e1593-34de-4cd1-8a54-bf7f25f22e44,0,25744
f65222d9-14c9-429f-b4a4-97faa79ad44c,0,25547
93b49de9-9267-43c2-a507-6885e4caeaba,1,14233
64f134d6-370e-46f5-a16e-0c9832f1eda9,0,8862
f7d0ac07-d563-4dde-b27b-0fad32e59274,0,25714
d66016fc-a177-4b0e-bc55-5b24e507a36a,0,21831
4e2e1c21-6ad7-4fc2-a26a-e471e0953df6,0,6250
c5e921c1-4507-4d14-b9e3-3af736b9f0b9,0,19964
4bdc4d16-3c00-4339-b2fe-3a973ab5b2e4,0,5990
4b482568-3c90-4abd-b5d7-421abdc24bfc,0,5917
45b4a690-d6a0-400b-bd1e-80ce669bc5c4,0,5270
b839c760-a39d-4d15-8c87-ab2ea5f572c6,1,18450
40373d39-ef8a-404b-8091-093388f9640e,0,4650
fb64d9d2-da1a-49a6-97b8-c40156481137,0,26127
ead9646b-d109-4ac6-b4f7-340fca8a274b,0,24201
9dcc61a1-27d8-4ad3-9b8b-6af5bf82b588,1,15357
081a54bb-0144-4c22-9909-e3e45b15ff4c,1,555
10363aa1-6671-4c3f-b0ad-d2a7b868ec09,0,1248
a3476eba-8536-4271-a7a9-b13dc3cc8a4d,1,16008
8ed712c8-fe68-4268-bdd5-b2f9dd464500,0,13695
eb2edd8f-643c-4752-98e4-096a25b1f825,0,24248
778e8678-e707-4c48-9c7f-ad4efbe48035,0,11090
41bf80a8-621d-4efd-8559-db86626c28dc,0,4846
b5463e1b-58dd-4541-823a-6b29bb1c3ae2,1,18116
a7078f9d-0b4f-493f-9301-c7182b44ea36,0,16469
64e57607-591a-4a9b-aef7-cf8b53bf13ca,0,8856
8633ac3e-65a1-4f39-8f44-f83647ac43eb,0,12707
c61ca06e-6de9-42b2-bde3-ed71d3632fef,0,19990
6c5538ff-1dfa-4543-9203-ec46c11ab786,0,9788
1792982c-8183-4199-8217-510c92805614,1,1708
e1bde102-40b3-4bda-a8cb-6f8c30731737,0,23124
4f7604aa-98ef-43c5-a0f4-6b4b043bd7dd,1,6393
c23c618f-e18e-452d-bf46-809f17c707b9,0,19500
e672c1a0-d400-4057-b8cf-e3191367cc5e,0,23700
66ca11cc-c381-4e4e-9ad1-72ac03d1b60d,0,9104
21acb261-5038-406a-bb35-054fe557f0ee,0,2243
3ac5424d-8742-4e11-be82-cfefa8d0380a,0,4025
e0d205ec-9cff-4141-b593-eec5c0b5da21,0,23015
8edb8f75-899d-48bb-a367-54ae396ffcfb,0,13697
4ca87727-6eba-41f2-8e2e-7385d0c78729,0,6079
4420b1c5-665b-49fc-b518-35f2b0cc36ac,0,5078
ffcfe8c1-5641-4dc3-910c-573e3227f536,0,26658
fcdb8765-103f-45dc-8669-ed7aff4fd20c,0,26310
41429517-fd3f-4d89-b730-38077c925714,0,4771
23aa3daa-1283-4144-9299-6e4ffab7a8f4,1,2315
1703df50-8138-4f31-bf88-737846994074,1,1652
caa5f43e-2050-41a6-b0d5-2775d1fa6cb2,1,20513
58833be5-68fc-4e0b-8177-bb206480c688,0,7441
a96bb268-a6b1-4dcb-a7f7-eeb51527e72f,1,16758
4efadc3e-4c7d-4bfc-b46e-fe3b1cd31488,0,6340
6a2cac4c-5519-4411-a401-56db23231008,0,9493
26d622c4-c7ec-4952-9210-7b2a2144cb79,1,2442
f1dfb6c6-9b3c-490c-b525-9c2c51252c6e,0,25044
9181661b-2b5c-4310-8313-395549a15eac,1,13988
a44d7678-cd73-4462-8c4a-6a3059208132,0,16130
7861a1ea-f6ea-48fc-9fec-6a45d792bea4,0,11167
3edd91fd-fa2d-472d-8c4f-14b57ff1bf4c,0,4497
16dd5796-1dd9-466b-ab05-e50ae5fafe39,0,1635
5675fd06-eb6c-49a2-b3a3-0df515e9a266,1,7202
e3a261d3-0cfe-4e75-ab0b-1dfd45a9991b,0,23339
f1599b74-dd5c-4a4f-9c6c-1a8d4e4af353,0,24977
e0e1e13d-5545-4aaf-aff7-1fb4267859da,0,23023
a3756692-548e-42c1-b19d-a0d0fbab86c9,0,16029
0892a3a9-1345-42b3-8412-b930fd9066e5,0,604
aaa685a7-16f1-448e-af0f-a06867f78e1c,0,16885
ee674127-083a-4562-a4e6-3ee96bae758a,1,24634
376d0139-7817-4409-8901-6fb073386aa7,0,3605
3accdbb1-0300-4065-8757-94eb3dd213c3,1,4026
4a8305c3-35cb-4306-8a79-c08de742dd23,0,5832
3ba80992-3ec3-421a-97b8-354f1a5dbae1,1,4125
f50616b4-c6ab-44bc-8a70-28464c77c397,1,25393
dc995045-8ec6-4cef-ba20-350c66732a9b,1,22527
406c78d0-139d-4a4f-aa76-0458bcf5b256,0,4679
cfe3d40b-4292-4de1-95b0-0c25f5048bcd,0,21114
66d93c4a-65f9-434d-977d-fed708e2ebf3,0,9110
a20a3112-7585-430c-b648-8d81d301acbf,0,15866
403c8a04-cba6-43d3-a5bb-37a86c1a24fe,0,4653
1769ed43-31b6-4cab-8ac2-4a8e096fd378,0,1692
3ed75b04-2a32-44a8-9297-0e58441f0e8c,1,4494
4d0aea20-5154-47c6-b948-99c1f47220cf,0,6112
ac338f2a-61c9-4664-b97e-23e05c260b02,1,17064
67702847-2e38-4864-acd6-5ca69941ee68,0,9180
ee52c757-3e8e-4e65-9818-52ad4c00622a,1,24626
9b241e6e-2846-4308-9533-d16cceb0b34f,0,15090
a0bc8346-8613-4f29-bafc-b4700ca853f1,0,15708
895e7f0c-8691-4978-9332-5a76119cb976,0,13054
ab2fd39b-2c9a-4fe7-852e-c1019ee3e602,1,16949
3fc13fa7-0981-4dae-8d4d-ff8769f98d28,0,4590
353a3a8c-0b05-4f05-87d9-42d0b069d664,0,3356
8963d9f9-fdf3-4627-90ff-7f0f06369451,0,13057
fab998f9-d187-47be-9cc4-f652f449c042,0,26056
f4f59f5a-2958-43fb-89c4-2f97da2cc0f2,0,25388
f6fc2565-6f6c-4f0c-9a4f-c367ef4cacf0,0,25618
42ee524b-33f2-4f01-bbc0-5d0b1fe77ef4,0,4966
85bf1bca-208c-4d04-9bb9-d7bad55466ba,0,12662
6af28755-0522-4b37-97d8-b931a31b876c,0,9609
1e70a641-8faa-4436-a075-8193b3b541e1,1,2130
df86ce3a-571e-424c-b9bf-1d308a807c6b,0,22855
46f9279c-ce93-4ad3-ac51-de9f6bbadeb9,0,5430
0821fe84-360a-4924-81c6-b8db9d345709,0,558
0c1b326c-93f9-44d5-b72e-20e2be51fd09,0,999
a95a29b0-7b27-43b8-b211-1afda44a8ceb,0,16743
b8d66295-9f0d-4447-aa13-2cd184a700f6,0,18511
4a4018ed-05a5-4d91-82d6-b50c9cf71da9,0,5801
e6ea5843-0f38-4aa3-9edb-f042d8a06acd,0,23757
5a2fc23d-facb-4105-bf35-ba87ccc78eaa,0,7626
87c70c16-fe47-4aea-b6ec-21f975930c8d,0,12876
d16488a8-5cfd-4051-bb2c-d7f7c88009e2,1,21283
fc79453b-0369-4c86-9024-6f12b8d0ec86,0,26261
ff87b50b-d50f-4e39-82bb-325d51927ff5,0,26627
611a6d3a-3c10-4fe4-9bd5-af17ba537486,0,8414
8cdacf7d-d81c-40af-8bea-d107073d0412,1,13467
483d087d-712d-46eb-8f5f-eaa1a53ec2ed,1,5576
48ccd5bd-0c7f-41bf-9b7c-9aa548a04a1b,0,5626
b28a6d18-ae02-47f7-ac74-05b4e453210f,0,17809
da9dde80-836b-4f3e-b36b-0e344c42029d,1,22311
d1b82a68-d825-4d3a-8580-645614eaf16c,0,21320
a44fc6f5-aaf0-46d4-804c-e23c577d7704,0,16132
6c6dadf2-89ea-472c-9020-2c52f7f4cec4,0,9800
8b26439e-122d-4f7e-a349-c00b0a15ebc0,0,13270
8721de5e-f6c8-4af0-a695-356e969f4687,0,12802
5de6b40e-b56a-4906-9878-c07eb7af498e,0,8038
893a7819-3cc3-4aff-ab0a-43b50d947fb0,0,13037
e9b6311a-63a7-4443-ac67-7cccb1b905e3,0,24065
7342b0f5-e5f4-4ecd-b223-63591a9512cf,0,10605
2bd6fd9b-f94c-49fb-b301-88ea19122b6a,1,2649
af8b2dd5-e469-4be9-bdb3-027d7a1a3dc0,0,17447
ed7dc9a2-6694-4d2b-846d-acaecbabd298,0,24540
6f47bae9-705f-41c8-8a28-d5cf88927b0e,1,10146
a4cae270-0a1f-4232-a009-79499a3f2637,0,16194
7abb5955-a52e-4ac2-b015-9e3ccd061066,0,11445
d8a724c3-cd49-48b0-bff8-0f1e158f2706,0,22083
4b85f617-4e30-404c-b9c1-5e9b8776dfba,1,5947
bc6dbf80-6754-4d9e-8bd8-2c225594cf7c,1,18943
a1ea1b8d-697a-4d05-8455-d870bb4d4949,0,15850
e1161d19-41cc-4180-a7f1-32cf609851e6,0,23047
702dd374-879d-4b8e-ad5b-7729f16a9ae2,1,10234
a02c7ae4-7571-4ae8-ae35-5e4121ebd250,1,15651
9b2685e1-a093-4572-a171-07c244436f4c,0,15091
65a8a0d1-7854-4c24-9b5b-7b6fa036c3b0,0,8960
94684625-66f0-45a5-86fe-de050d116882,0,14302
cf49fc43-42dc-458c-99cd-6d20e717fe03,0,21053
d97ae33c-b45b-48b6-b684-b15ed14c68b7,0,22183
adecfdaa-795c-4d5e-8318-7f02f00b9894,1,17260
d5791a7c-c294-4bba-a10d-66064f247793,0,21728
4840410d-437a-4340-86b8-4571051d30b8,1,5579
f2f6d2de-0a65-46f8-8353-3e0304a98732,0,25172
776427e7-40a2-44df-83b0-ce646644d3aa,0,11073
5cc3f4b6-2185-4016-98c8-704f65c568bf,0,7901
c2bf72e6-cedf-423b-9a25-f60e60f678d6,0,19561
d2a1df4f-a150-4276-9324-98faf70280e9,0,21434
f3088d94-d727-4381-ab83-1b2bc54c2505,1,25179
8b6271fd-703b-4eb5-929c-f6371614faa1,0,13293
9e2ddac8-9a4c-448b-98c8-a840a548d0f7,0,15407
e67f2502-11b3-485c-b508-05755838a476,0,23707
3ea263f3-acee-461d-bbcd-9641d9db79d9,1,4471
e5668b84-ad6f-4647-9e15-c15a5cf41c97,0,23562
914dae25-a1f2-4a77-a368-2d5d5907ac74,1,13960
80adb2dd-4b99-4c06-9411-d5e80f42c2cf,0,12145
42857e2e-ab00-457d-961b-cdbceb8a988b,0,4924
ce131105-5508-4ff2-bf2a-1ccd9fe07c43,0,20916
d785002f-cf75-46a9-a944-adfc6f368ec2,0,21973
58fb74fc-c506-4225-a6d2-39435d654e60,0,7491
0889b108-8f03-4fef-9ef3-5ddabde15ce7,0,600
e4953ef6-48c4-4aee-b6e8-57baa785b8a2,0,23450
c8281919-a362-4019-950d-86ab101c7e1f,0,20223
09875c3b-c520-4b08-89b0-a7a7299c37b2,1,715
4a4be7b1-6a74-49d9-b0cb-d9aef48f990c,1,5810
cb77c30f-d65a-4943-9ebf-320c6dde06f1,0,20605
7a70aec4-dd43-459b-882b-112b6974b4d6,0,11414
05fdba93-7205-4bff-ab67-649684bff036,0,315
459ef256-48ff-4456-b5f6-e2383bfbdc33,0,5261
d0579960-5554-4bb9-94f8-e5c6bc598ea6,0,21165
9b788ef2-8721-4f1f-9d4d-8a2e0d65cba4,1,15128
b4dacd69-4df8-4f5e-bc57-07b15181c1c2,0,18065
ac4bf897-0752-4095-9404-1e6ff42a1dfb,1,17079
09eb4d2d-ebb1-4eb7-bfbb-038ffb7100ca,0,755
cb79107c-f66e-4211-8bef-c4f4786a2112,1,20606
6f5756a4-71c9-4c21-9107-b6163537b213,0,10152
e8672361-b2df-4859-9b29-21dc02907d00,0,23927
afeacaf9-b9e4-4f0d-a200-17b94ac64b9a,0,17487
5e461bd3-5247-4b18-a099-ab0a2ba6b437,0,8075
4dc4459e-6e0e-4761-a005-de476ddd78ed,0,6192
0aac426a-b407-4010-b029-34513b6871a6,0,824
3be5c139-0aa5-4c72-b930-eb513765218e,0,4155
72692f34-7a4b-4252-80fb-9d77b6288a47,0,10508
8dae91d8-3c8b-46ec-9e18-ecdec5f7a91d,0,13556
560500cf-ae14-40d2-bd14-5b1ac7f95ebb,0,7151
daaf8316-959b-4998-ba9b-ccceef390df3,0,22317
61e09ab3-94a9-46a7-bd05-6457a35f78d7,0,8495
bcc62394-8f62-47a6-a67a-316558298c49,1,19000
79d6e398-6ee6-4c5a-b924-a082d3c1cce9,0,11349
07afb190-e345-418c-8bd8-ca864b11b6d1,0,511
7ab298fd-548d-493d-8032-103f13d0da8f,0,11441
bceeea57-b739-424a-b182-9dd0876e6cea,0,19019
0b0bd979-ce90-4ed4-8772-b136515e38c0,0,865
689bc10b-a3db-45c8-a409-b8cfe4c60090,0,9304
9f64795e-f4ca-4931-ac92-f5a41b292227,0,15555
9563bf05-531a-4ef6-945a-c7f8714eb6e5,0,14405
97465a8f-81f1-41ce-a6e6-78c2d2f6d7fa,0,14618
32f2b5b8-fb22-4fb1-bfcc-692dd530f917,0,3095
8548b9de-01f8-405e-85a9-8028c8a6e4ac,0,12613
d0eddd98-9377-475a-94d8-6c9663fa8396,1,21235
ac3e813f-0c91-461e-83eb-e3bdac5bb756,1,17074
9038b827-4244-4154-bcf3-2d14c486bf54,1,13850
f4314c00-ee82-4457-9599-d8355c3894fa,0,25304
c70402f0-ac16-4eb1-8339-d952bc514904,0,20082
8956c7cd-6593-48c3-a140-ba1be9fff0b8,0,13048
7d9b4358-60b0-45a6-b564-46b286510811,0,11773
b7637d3c-fa05-45c1-816a-1bbb95f07af1,0,18352
f3b015ab-e337-4e7f-971d-eb7cc3dd4e92,0,25249
4afd6f26-766d-448b-a24f-7e3b7a40dd37,0,5876
72980284-41de-4a91-b722-ab180bdbba7e,0,10536
6a0c1538-4b7c-4149-9a4a-60b79d8e1284,0,9481
ba5b22cb-77dc-4ee7-b18f-8bbed5112712,1,18690
7f153e7c-eb91-4f16-8142-03665e558792,0,11953
b2ad3c85-a873-422c-b75b-f449a7228549,0,17817
7af98adc-d1d3-415d-afce-5c48669955aa,0,11475
806c8f4d-3331-49c2-b2ff-cd52ee2696dd,0,12119
634dc2f2-faf9-44da-a5f2-011870025110,0,8665
ab39973c-ae43-4ded-8c33-678bb4f28988,1,16954
dbfc2da5-fc7e-431d-b05d-9a0b580c357f,1,22461
f8fda695-e674-4535-b484-82f849fdf9ba,0,25832
f29e3380-0224-468d-b0b0-b2ba8892e7a5,0,25134
66dd2ba0-b107-4261-8acd-6a6a782f1d5f,1,9114
45d0e749-644c-4eff-94d8-9f9a04dc7dda,0,5281
a89eb468-2a15-4370-8725-70e8a1ff9007,1,16657
ca5562f7-66a9-4ca7-ac19-1d8d738e3155,0,20478
46b861c5-844c-40be-b390-63008b567261,1,5388
2e2f0137-aec8-4ec8-b69e-15a7813a7320,0,2744
c5c7b71d-8844-4abd-9286-3967a3fe138a,0,19944
886c4c4d-5ce8-4537-b642-21998c20a85d,0,12954
5460b0c1-6e89-40e7-adc0-c75dbe7c9e09,0,6963
9b5ca700-e7f9-4c72-ae12-c1ff11d6b0b3,0,15116
502a594d-1ecc-4536-9fc4-2c95daf4816b,0,6494
ee8af718-99f4-4f8f-87ff-f08dced1bb09,0,24650
b5b76ad2-a31e-4590-88bf-a71507e3df5e,0,18167
f85835b4-bf19-4055-b3ad-82edd40cb96c,0,25760
8c07c421-a313-4724-b05d-642bf2073901,0,13360
b4bc431b-d3f5-488a-9eab-3347264e2141,1,18057
d845f759-bc82-40b4-b5b2-594550b728bd,0,22049
a986ed31-7616-4e4a-bd62-961a7142a3c6,0,16771
15caed66-ea48-488f-8c54-4f6debd7645d,0,1513
55211b4b-62e6-4d9f-8b0b-72525ed68e6f,1,7048
718cee3f-4cff-4edc-92d3-80f0169e3b5c,1,10404
d1a75847-b5eb-4de4-a88a-499ed2406999,0,21315
7c96cef1-38c4-46ac-b935-27c35e2274ed,0,11671
ed86aa75-d0aa-4315-a4f1-5333e280f58c,0,24545
550a9dba-aed6-4716-afdb-72d87315ea8b,0,7044
492a7a4f-42e9-4e11-86c4-12b02bdb052a,0,5674
6cb97627-f00e-4fad-a90e-f9f09ef28d24,0,9839
8ea289a1-434b-427f-aeee-2693fc696bb0,0,13666
43d80aad-ae7f-4f59-97b5-7bcfe1203fdb,0,5050
daa5977a-a1f6-4e3d-9d50-7002d0a3930e,0,22314
91e02fc0-4800-402f-9055-be6f210507f2,0,14026
6a4bcdf3-3044-45a9-98f9-d34bc9d3eed7,0,9511
bfe40d11-6e72-4ccd-9fd4-5534402fdabf,1,19363
37b36218-c174-4940-a7bc-5e5601df63d6,1,3639
e4fa38ea-969a-4476-8f31-1e7a835f2bbd,0,23504
b1b9f018-bc87-4f21-af0e-d56a58eb27fb,1,17716
8a9ac386-0e67-45aa-8a7b-59c288bb416e,0,13192
f434498b-4813-4547-8c48-f658fadc1632,0,25305
6bdde7fd-1ec2-4ae0-9f50-43d2f072bd72,0,9728
31d565cd-7b80-48ab-a86d-c5aaec5b4505,1,2961
b18b104d-6a96-4402-9e0f-64ca63b4f1ec,1,17696
df976027-3267-46e9-8833-9f5f50534969,1,22867
e944dd4c-c9ba-4f6c-9b12-f67230f5cb84,0,24016
1833104e-7288-4643-ab45-55ebf4b800b3,0,1791
f1677417-36ca-4ee2-886b-bb5e7c6a35ab,1,24982
f3219d27-aeb5-4c40-b99b-e90f926f1c5b,0,25192
8336247a-99ea-4b37-9658-3deaad4838f3,0,12410
b01c73b4-b417-4f83-8996-6448caa89c0e,1,17513
e275574b-e788-4b08-96ef-2f26a66cca89,0,23202
8061da34-c7a5-46a4-9534-632a036a2083,0,12113
49515fc9-dc45-41dc-b194-bc623b0dff85,0,5690
48e79fd1-8194-47f1-9e54-d26af27cb1b0,0,5644
b2b15756-fb84-41d3-b8c5-18b425ef54bd,1,17819
88311be4-af2a-4e24-a037-43065987f381,0,12926
097aa88c-3228-4b27-8d30-2071fdb6a37d,0,707
8da2a62e-732f-4646-a470-9a18af1204ad,0,13549
79f1d59a-1bac-436d-91bc-a4c40c141d5f,1,11362
bc788ea7-ec39-49bc-93e8-a9772a778b75,0,18949
ae3f4d88-7880-40a1-aa43-4481dbc330ea,1,17292
7eaa9b23-fc4f-4fdb-a6ec-fc277afbf958,0,11901
266a1a21-27ff-4038-9327-098964c8fc78,0,2423
fea45df8-aa0d-4483-ae67-5ed1b4b05b52,0,26510
37e921ef-53bc-4b10-82cb-82aec4555655,0,3661
a66d3ed0-cbef-4cbd-9748-12f48a463f73,1,16387
3525e9a3-8b21-434a-8aec-f216cc36b677,0,3350
81db439d-2da7-4b7b-b6d9-a3312540c574,0,12272
1b4ccf65-5872-4694-b441-599471b7794a,1,2009
688387b4-2c21-4fe2-9cb8-24a67544a356,0,9297
9a542334-87a9-4a37-93c1-5d642d1a11ee,0,15003
f566c3b0-cfd0-4857-8155-6e4c44e5c442,0,25438
3e3db07e-7f90-4311-b13f-9698c644aee7,0,4426
0c5dc7d1-7022-4e46-bc02-ff9999912edd,1,1031
4f04b42d-85dc-4c82-a50a-4244561d338f,0,6343
097a2839-5587-4bf4-9adb-641d8caa877b,0,706
af7ec0bb-14ed-46a7-83e7-ef677b51fbfe,0,17441
e0a6d43d-5889-4d2a-a853-3b3234ac8fbb,0,22999
daf2da8f-5a61-431a-abd9-f46a3862673e,0,22349
4f1b2e67-df6e-4c37-b9f7-fb295b343784,0,6354
259cc555-42e4-45d5-b803-d00a51e34f5b,0,2395
742fd642-76ac-4c64-a1bb-a47b4c3bf4ea,0,10709
4e6966f0-7a6e-4af5-89cc-652a6d4deac2,0,6275
ccf3200a-e11d-4607-a9e6-4c8e40921e20,0,20783
77bcca2d-6e54-4ce1-887f-f5d2628a7f1a,0,11107
bef1083b-21b4-4583-ac75-9f2ffb41622d,0,19243
72247058-293a-4a90-a972-093fe8f12148,1,10476
5c1a66f5-4feb-4d9f-b550-6d77ab0c8719,0,7830
7ca28929-8937-41fb-a34b-15bb6f150cf1,0,11675
f10111c2-e97b-4e64-8630-89977f6e8ce3,0,24925
bf492060-4373-4c78-8cce-bd36f9d49a36,0,19283
a23af76a-d365-4529-837b-0e8ed2ab5569,0,15885
4c44b610-c15c-4b01-86a4-8559ade144e5,0,6031
d85118d0-c7de-4397-a6da-b60ff8a249f0,1,22053
79718093-ce30-44c5-8be5-e5f55729c5d8,0,11301
eb0461f9-6255-4af8-9d71-0707e043e384,0,24223
fdfce1ff-203e-4b23-a360-3803558a7f7a,1,26431
b085cc58-d5b4-4fb7-9879-565c0e8c1198,1,17569
f97180ce-0316-453f-b683-432af3288c98,0,25887
b0aa124d-a986-4c75-97d1-36c8cf3a0734,1,17582
c37e4ade-605d-4b78-ada5-231c82b72b43,1,19649
1013ded6-9505-4e1b-a923-f263ad013d0e,0,1238
89e23e03-487d-49dd-ae1e-b42efe3ae119,0,13112
c5e27628-afd5-4681-b8dd-ca630472dfba,0,19960
69333c71-1675-48fa-a1d7-5a7d122293f4,0,9371
af45702a-fad7-4664-8094-df145d2e7622,1,17420
f3e2d08e-759d-4c0f-92f5-fb939fec0ba2,0,25272
d9ee5ddc-e3cb-427d-9993-bb00d969210a,0,22245
29b0895a-a35b-4681-9706-71bf3c50f857,1,2566
842ee9d8-de33-4eb6-a79b-c9b28f21f98d,1,12516
da989823-20a8-4d10-bfe6-d513ee83ee5e,0,22306
6f349010-1cbc-49a8-b7e0-4291de92c998,0,10129
695d57d2-fae3-471c-a0cb-a5950b25dc5a,0,9391
7c1b6a02-4c30-4299-ad9f-4bf16f94af71,0,11611
a47290cf-7bd4-43d3-a7d2-a46dd14f1c2e,0,16146
8e7b6b7f-1efc-48ca-89a8-061c17d51a15,0,13651
a00959fd-42be-41db-871b-e1f51da8c162,0,15636
d4d10646-e095-4cde-9f9a-b0d4b4cf6d5c,1,21656
766e20e8-7a3b-4294-a00f-ec635069465f,0,10970
e0bcafb9-957c-4b6a-9e3d-93f7680b10f6,0,23008
b827ba3b-f514-48c8-a317-b84adc9e0b31,0,18438
eaedf844-ed41-41bf-8146-2124e4f0fd74,0,24215
d230bf50-e18f-4b8a-bc79-678edb4e1261,1,21377
45841aa4-bf0e-4f6f-92ef-13b0c35d9787,0,5253
3bf7dcac-a168-43d7-8043-84d21000771d,0,4165
949d2089-ac83-426a-a393-280c98beab9a,0,14327
a4ac5fc1-dbc7-4380-8265-04e05f959c0e,1,16175
76593c1c-e1a7-4ad6-b478-c71e4226368b,0,10960
a1605dc3-9f4e-427f-b060-148a62802d88,0,15797
57dc292a-8273-4eb8-87e2-2faad0a23288,0,7365
7cec580b-d147-4f31-8e2b-41ffe8c940c7,0,11703
62427674-f93d-4db2-b8a3-b86ebd1c63f9,0,8534
ead2eb1f-0b0f-44b7-b74e-bdc309fd5bda,0,24199
0e35a952-7d7e-44a1-b6dd-dd64a3461905,0,1141
c7cc27a7-fb05-494c-8f45-173dba214d4b,0,20172
fb8a32a0-d1e5-4057-b1e0-2c26d5645d32,0,26146
7faa26c0-80ae-411f-a331-6dbc1fa34168,0,12031
abfe2f91-b79a-4e29-9214-fdbf158c4a5d,0,17036
99096098-a4bd-476b-949d-40cf2fcfc2c9,0,14837
80582cf2-79e4-4dbc-bb99-69892d19b04f,0,12110
dff79a56-a9d5-4fa4-8a45-ccd2d0e4c2f6,0,22906
9e53a361-9507-4b07-9b3b-56bad312fb6a,1,15422
dac9ee71-cefa-4f46-828f-ff7dbec0b3fe,0,22333
a69e6362-4832-419e-9a66-0925d3492121,0,16415
55396e70-ab8b-4a10-9f24-a2cda06cb2fe,0,7059
1c6867ff-939e-4096-9738-322c4c2a02bf,1,2059
467e09de-b9b2-4d84-81af-c7b88314b08c,1,5364
1b55fbb3-be69-450c-8144-f058aee6b66a,0,2013
f01452c9-636e-47e9-b126-33be9892fdc5,0,24826
bac6c0e9-9e87-4d76-92a6-e9b0b11983e9,1,18745
a6540b20-026b-44b4-ab0e-2da2ffa087f6,0,16371
c78c8c4a-27ce-4a32-b866-ae029f2b05f8,0,20144
d062c084-46d3-4dae-b438-6490bf34a861,0,21168
f970005f-e300-4102-a486-f9bbf30849bb,0,25885
853ba031-9edb-429c-b71c-b06e77693265,0,12603
ea94af95-b492-4123-9fd7-04ef7ec79608,0,24173
e3dc00b7-5675-4ebf-88ac-42a60e2ed893,1,23368
4d78d3e9-fec0-4413-9757-4cffef1873ca,0,6161
cb946e66-699c-4e62-97a3-4e1f99921df6,0,20619
d0dd2720-7054-469e-b5fd-0f6b9fe14670,0,21224
c3122540-51cf-4fb2-9731-bf6eaf14f4c3,0,19599
7a3db305-5f91-48d8-8b2b-d53022c828dc,0,11391
cbc1d9d4-2cec-4939-807e-393abd4a18cd,0,20645
0cd3f245-763a-4db0-870d-3ee1a3c6bdcb,1,1084
3f8d726c-6c25-44dd-b9ea-e7138d6ca20f,1,4569
75c72408-0029-41d0-aead-df5ba2cbfbe6,0,10892
d29dee03-1ae6-472d-9685-0d3201fd8689,1,21432
cb4de6ed-efda-429e-941e-650cf9f6e33d,0,20585
acfd083f-9b9c-4a1c-8754-9c9b8f599568,0,17160
63301956-6da3-41ae-bf34-aca12c5d71df,0,8652
088d4414-e057-45cb-a206-4dd3bb02dd6c,1,603
4080aa73-18da-4c3f-af21-aa91046c3a88,0,4687
f75ca225-f1a4-4de7-a359-72e2aef59b5e,0,25656
7f660204-2404-4d62-980e-fff31f1f0920,0,11987
11750ff6-94ea-43d0-bad8-f3c3e5278d7d,1,1295
427412d0-cf4c-4a13-b58e-6ffdd004c6ec,1,4917
ce3ae888-398a-4fbe-a46e-8572a4925d86,0,20935
9b0a4e8f-a459-42cc-9a4e-c2599c7454a7,0,15076
ea0fce90-a135-4c80-93ca-b0db1ed05068,0,24103
88fee25b-d2c9-4aa7-85c9-579e0cc40b43,0,13011
d9f7cfdf-0b34-4647-bd4c-5f64d21f717a,0,22249
a1c95a73-d5f7-42b3-9966-682b072c9fea,0,15842
16c5c9f0-e503-46b9-8f1c-1e752c24370e,0,1627
320e8587-ab3c-47d0-9a89-fcc2f5cb5c95,0,2980
afe941f1-3eb0-4251-8f55-6e6b24ee72e0,0,17484
e91e9bbe-50ab-43a7-bfa8-6a602f8f3535,0,24000
c62a1483-825a-4a3e-a487-dee5feeec058,0,19995
96829f8d-34bf-4d5f-bd71-0d4ca9409dc4,0,14539
de7a88df-de6a-49bf-a048-9328a4690c80,0,22733
501410cd-cc11-4701-93ee-11d367dd6e04,0,6484
a8deed82-3273-4c1c-9e72-13bdcee00803,0,16682
b38eb728-d36c-457e-a05c-c81a6d28edf8,1,17908
c6af753a-b070-4000-afc3-c4623b84aad0,0,20050
e1643f4f-42a8-42ae-99d4-f5de6b0b7073,0,23086
660ede33-6ea2-4c03-803a-85748aaa7222,0,9003
a209125f-a2d6-4adf-bb98-5ee5767cb887,0,15865
dfa31b81-2024-403b-816f-20726f9a8bb8,0,22869
64e25ecc-2a9f-44fe-bb82-1da009d38b51,0,8854
dc6e47c3-c3a6-4b05-ad0f-59fa588f1369,0,22514
0c0a5c4b-a671-4ff2-bdaf-3e272ef0750b,0,985
7e500090-9e6c-4c11-b467-ff6d8b734b2f,0,11853
15f01c52-9386-44d4-b35f-b535e81cfec5,0,1533
c322bad3-84f7-4cd0-ad65-7ea7874196bb,0,19606
0ccff729-ee71-4a5f-ad01-ce12ab162afa,1,1083
51766ab4-c931-427d-b8f5-33974a79abe2,0,6632
7ee4570e-5d4a-430a-a27f-e46381e08725,0,11927
632df2eb-65b5-44ed-9933-44b8a91ccf8b,0,8651
eb4f936c-e140-4180-a08e-ac32126fa947,0,24262
33afbbee-65b3-42ae-aa6f-734107fb5ae3,0,3168
4f5d55bc-af17-4774-a3aa-abcbde934944,0,6384
f8b17b97-3187-4fa8-a229-447af37b61b2,0,25807
3874e3f6-0c79-4fc1-a874-1d761e475e53,1,3731
4aaa902f-4a6b-447f-88df-0e186e216e25,0,5843
56823833-5b67-4a71-9021-2669e01f2ccf,0,7210
b52a0018-ca5a-4e53-ab33-b9259b4e6271,1,18100
3cb2bebe-0b95-42af-9bfe-72aeff44f745,1,4249
5902e358-40b5-42c6-8b77-a6a02f9a9e7c,0,7493
b4f13c36-5bda-4dfc-832d-3dad114298bc,0,18074
467a43cf-60b5-4fb0-8d47-ff6e4451e0a0,0,5362
fe9ba80f-ccb3-4de8-9f6b-610f814067d2,0,26504
55a78545-0545-4f31-8c9f-311a3faeddb5,0,7112
a002b5a6-a044-497f-a2ce-2ba0469345f2,0,15631
6e0f6f55-effa-4743-a858-6f2f2e1f4ec0,0,9997
45f51ef1-9ee9-42c7-abc0-45669cdc86ca,0,5301
ab0aa9ce-26ae-47cf-a157-146fa3d90fda,0,16932
5bd07c9a-3670-4a4e-b5be-edc6d8a3a127,0,7794
786700a2-d2d9-4915-813d-17b4a9ad6774,0,11172
b76341f1-7b72-4c86-aed2-9967a0b3c729,1,18351
0300267e-bb80-4c68-b57c-d58338d303a0,0,155
96828632-6f46-41d3-801e-faf8616a27a0,0,14538
c9e42d59-92ab-4e5f-a0fa-c728193684d4,1,20427
b37a7718-a08f-4952-894b-2d1aa600f817,0,17905
7754aa7b-9db3-474a-8423-78924dcc4a33,0,11064
66c7dfee-7368-4926-944c-65e52a372f48,0,9103
4c7abffb-5836-49c4-bcda-5289ee9ff1ee,0,6062
c9d267da-46b5-4444-934c-8a660b0fe092,0,20417
36946b92-64ac-4bfd-9984-e3f9b8b95bc5,1,3506
de3e77f9-be20-421c-bccc-36cfcf1b8d8c,0,22712
4b36b73e-41d6-43cb-b77c-15575083a6ca,0,5905
ef9fa526-2cc6-4950-af5c-11e9624fb611,0,24780
955aa11f-22a7-43fc-a47e-5bd10ceb2377,0,14402
3d8a52f8-3769-48d7-9460-2df223a06632,1,4350
b0b3ee88-fc81-4a0a-acdb-d8c030fac137,1,17587
4010f5c0-3487-4f83-b2a1-c19ff42098cc,0,4628
655ce7e9-2b01-4e06-849a-da6eb968de08,0,8922
245d1104-6524-4d44-ace9-e54f0645a46e,1,2354
3bd6f6e0-c07a-4c22-87e7-53d60de9ad0e,1,4148
35daace8-bdca-4759-8362-477f458d3a8f,0,3433
6495b54d-fceb-4463-8eb0-94dab230e043,0,8818
43a5363f-500d-41f0-b958-3cc8bf47d651,0,5033
c76522dc-630a-4cc9-a2b7-bc7f21c91f4d,0,20121
6180c3ac-645e-41c2-8705-8358b2fcb6d9,0,8459
7ae0a78d-464e-4d3d-b1f7-123bba695bc4,0,11458
46aac4b3-b78d-4b2c-b8ef-a80a001f858a,0,5382
3793db2d-8759-4d00-9609-91ed0c392f81,0,3620
6c8140b2-dfe0-4fcc-926b-d7be2196af10,0,9810
e82c631b-0acb-436f-8050-fcbe1461d553,1,23900
69013279-6abe-4b57-aad1-fdad60abcf8b,0,9345
0523a43b-64f4-4ffb-81dd-1e6be8009178,0,254
d719e1fe-366a-4d2b-a816-f0f1bcf3e4f2,0,21924
e7f182ac-e84e-4e0a-89f9-be61ea3c66c2,1,23870
317ee2f4-c102-4558-b6c4-3a613f01bf84,0,2918
b97e765e-a0c1-4f91-b62f-07df0bae33a7,1,18583
090abf67-66f4-413b-ac4a-bfad36e07e1a,0,652
b6295556-d3c2-4ec6-b0da-fb72a758bf14,0,18220
ea90b602-fad8-4f88-9aca-76ef91ab0099,0,24170
997b0ed4-33d5-4f64-8884-9950391e981a,0,14896
861856a9-56f6-4fc8-9a6b-f0ffc608ce50,0,12701
812f09b2-bdb0-4739-adbd-b62ad8973dc6,0,12194
bf3b8984-8af2-4ca9-8cdf-ae7ea79aa731,0,19276
93ce33ad-9123-4185-9b16-3b759a093027,0,14243
863a923a-3906-42d3-92db-76c900091fce,1,12709
b9ddb551-2980-4cdd-ae55-0b4173bf6087,0,18625
cc77d05d-ebcd-44a4-b1b9-ccd9f0bc9030,0,20723
1c5c3093-5a22-4728-8d74-84846c3cbe72,0,2057
e6295ee0-bb33-49e3-9376-8b78f5a3fc52,1,23662
9e030d59-a98d-4ab2-8870-bdf1499b2bd8,0,15389
159b6cd1-8a7f-419a-a299-db96e99d8ab4,0,1486
af5ff850-f75b-49bf-b348-f0fe44421e42,0,17427
01adfd2f-7bc7-4cef-ab68-a0992752b620,1,74
faee7a7d-14fe-4c7a-bf98-470b48beaf75,0,26077
ad634155-7fe8-43e7-8798-12215f1cb81b,0,17202
bfdffef0-de93-45a5-a743-af5e2b3ac681,1,19359
6ce8af4e-7d9f-4dc1-9caa-7b06b72ed863,1,9861
bbdf6d54-a58a-40f7-b7fa-8f3eaf22e414,1,18871
4151bad2-b56a-4c0a-9794-28b48548e5d4,0,4785
7fadaf95-e9fd-46eb-a96f-5d06326690b9,1,12034
a408f2c1-9ec2-49fc-8dd6-617dd540d512,1,16097
fc0ea5f7-1b7f-4de7-96b6-a9016cec14cc,0,26214
c392281f-30a4-4ec5-a435-3d6e107cc562,0,19660
40090dc4-0071-4de4-b3b2-3dd4fe2c3a43,0,4621
b5926fe2-3848-4f52-86b6-de13de07f9c3,0,18151
c665e628-0832-4584-9de9-4d07da83f25c,0,20022
55261a53-b49e-4bef-938a-3fac17fcef93,0,7050
b4ad7f93-d7fc-4c48-a164-8da23cb88cc1,1,18052
d763258a-72c3-455d-931d-382502e70b0f,0,21962
ae3e1340-6d98-49db-bd58-cebbb4d1a331,0,17290
6a05b709-7bd4-4cde-8702-3f2f6058cf59,0,9477
5bbf0c9e-e651-46ff-9472-5b2c43ecc80d,0,7784
0fff88da-4b97-4a84-8cac-67f093cbbd93,0,1233
d00da2d8-d89f-496b-a77b-e5b51b2b79ca,0,21135
cbd8a653-036d-4f8d-a364-e1c15733f676,0,20655
b6b3152f-ef3f-41ee-b015-118500c0f08a,1,18270
cbde6d62-270e-4dd6-8b34-c968cf5791dc,0,20657
cee68125-b70c-4f9b-b9a4-a005725ab04b,1,21005
24dba8ea-22b9-4a3c-84ce-6bafeab8e6d1,1,2367
343cdfd6-5bfc-4f64-a4ed-e05ffbb9725a,0,3230
3f9c00a1-c694-43fe-ad8d-4a67174bd0b3,0,4571
804cd23d-d522-444b-84dc-1ba5f5ba97c9,0,12106
230cf514-a68f-4a2e-8d76-14756b40d4d7,0,2289
fc56c0ff-ad31-4a4a-bf44-8e533a409885,0,26245
749fbf6d-b0ea-4118-91c7-a47d9d704f62,1,10759
397ddee4-1cf5-468d-99ee-0da97306e2f4,0,3868
25133e40-fe20-4edb-b0b2-5f59cfe353ad,0,2375
4653fa74-8e66-486e-9218-280499b160c7,0,5345
34858b4b-37ff-4130-be8f-7075f3f3b056,1,3265
321cd5e5-6a3d-43a8-a175-e06793dbea00,1,2990
6c3d8563-1b19-4a1f-b5e2-6276e9418112,0,9775
0697baae-e475-4fa3-ad82-51b319a026cc,1,376
ee9c1ee7-38c3-45f0-ac3b-5bdda1fc4223,0,24655
402920d5-1fb0-465c-b261-c4e0105c4a3d,0,4639
673989cb-131a-43fc-8276-710c65ddb2d6,0,9157
74e14225-6744-4587-b10e-3d14272e059c,0,10783
eade2cca-dc25-404f-85a9-3da7772c2b7e,0,24207
65ae78e3-b034-42eb-8bda-e56a3390f317,0,8961
d006c807-f4e0-4607-9aa0-db043d087fc2,0,21131
cbe2cae7-00e2-4255-bc97-84a9a5059ec5,0,20658
f2a55ee5-fea4-4504-8156-0bbac0e6a11d,0,25137
74a8f43c-5b4c-4da8-8117-36f475dc1634,1,10763
c7fcd252-0a5f-4974-b64f-3063b8accc0f,0,20204
f93e4397-1773-4858-8e5d-a449c11a36db,1,25865
8f88e942-6de5-4c75-96eb-edff7ded7a8d,1,13773
e5e4f0cf-58ec-4442-a54c-96d5d29d8f0b,1,23626
1620067b-02c9-4f3d-9b49-a1b7f6f77358,1,1561
c5b0ade4-6a46-44b1-aa80-d07913e41ea6,0,19930
ab9e97a4-c2a0-4ba9-a267-60205ef053f2,0,16996
95a13ee2-7f2c-4017-972a-72287be9fd2a,0,14434
e44c4be2-e7e5-4fd4-aae1-03219d2855b9,0,23418
866339c6-eddf-4b02-92de-9447590a4517,0,12726
3c2270fa-2323-48c2-a341-1ea0d84d7cee,1,4184
8e60fc33-340a-4f54-a8eb-eabf94df6dc4,0,13638
6cbc978a-50ee-46b4-b0b7-5201b50d19b5,0,9842
a39a2494-c91c-44df-b30c-854efb17a96e,0,16045
77930e57-af33-462a-be75-35bcfadd8127,0,11092
d9815385-9c37-4484-8785-92b3eed84586,1,22186
b45e1b50-d497-4b91-9b79-5050fd0e6800,1,18011
6aa660eb-06a5-45de-9819-84da5b02e787,0,9569
7e7618b5-a037-42bd-b9db-d2d3865dfd3e,0,11872
c1265ac3-6eae-4cf3-9880-26fd430312f3,0,19426
77a63356-c61d-4912-8cfc-9eddb705c46d,0,11101
d1313643-a3e8-4299-9186-d36e5e883daa,0,21262
d6faf8f7-90d1-4cd7-9611-c3405c464012,0,21903
9b5f76d7-532b-44a5-8492-c0863a682f41,0,15117
46c2b63f-0a7d-4972-b883-d1d2a3a46102,0,5399
854fee36-d54c-4cde-904d-ab77f5e2e091,1,12615
6c490407-f039-4eaf-94c8-1bff41b09f6c,1,9779
347b3a7c-e866-4835-967a-78f7e3577e42,0,3261
cb3b72b0-408d-45ab-9985-3d40a4a12626,0,20581
fa1dec3b-9428-43ac-9365-128608ce1539,0,25980
46b883f0-54ec-40e9-963a-170936fbcf6c,0,5389
5a8b8255-5810-4011-8120-02e9218e1fc9,0,7663
67b006cd-ea64-4d06-9ce4-e19134e2cb21,0,9203
3a3a2606-8480-4ca2-9761-1fdec9be2175,0,3957
b4760abe-2176-4f4a-a16a-35728c9feba1,0,18023
3416e4ff-a8a4-4822-85ab-2e7e066457ba,1,3217
caa8b9fe-ab6b-49d6-9897-d46833013c6b,0,20514
ebd50daa-0332-4674-8cdf-fa02e558fd20,0,24328
73447d6c-7fc8-4ede-bea8-9636317f4676,0,10607
3434889e-68e9-416d-bf95-ca21275eda5e,1,3228
a79046a9-7861-4fb0-9dc9-ce2e4b11fdb0,0,16535
e474a668-922e-476f-a640-2f5d4bc9e981,0,23438
7ae42d5b-dc65-4a36-8bec-70e1e97590e0,0,11462
5e9ab5d7-c02b-40c1-9b43-bfa862722f82,0,8116
cc7f90e7-f6d9-4f53-a047-95c30af98052,0,20732
595bf343-9506-4548-9751-2d0fec3d6bb3,0,7541
7a39e982-e5f1-402c-b9a8-b9ee5f43fb8c,0,11387
51e7f8d7-2904-4651-a3e3-be6e8d351cfc,0,6674
bc7b5348-574e-49a2-a20a-719d942a9c31,1,18950
bc6006f5-fed8-45a3-b507-fb04eb4ec2f3,0,18935
bc07e6ce-c698-4e25-8392-81959eb36d50,0,18886
f543b03c-a1f8-4fdc-acf3-6225597ba325,0,25418
7bb751e1-6d7d-4640-b48e-fb1ea39b0ad9,0,11554
5b888035-c53f-4f6b-b00e-1550214d108e,0,7766
96f0ef83-4712-4ebd-ae28-d3fe7aa2dda2,0,14580
6aae4dc8-d41c-44ff-89f2-2665110a549c,0,9573
24f3c2b2-ba69-4822-85d0-f292bd32336a,0,2372
8365429f-9f70-4967-85f7-e425913820f7,0,12433
0318e440-ca1b-435b-a04f-fceee5ef279b,0,157
8eebaba1-9c84-4c23-b7b6-6307acc1cb6c,0,13703
e646d2f7-cf8b-4dc1-9f4e-0bbee4e7bf28,0,23676
b481fe48-80c2-4a74-9c1a-ad907dd1f7b6,1,18033
cd95e38b-a837-4b7c-8d00-cf5bfd223c73,0,20864
177423d8-e811-4fd7-bfba-6b77b479e466,1,1696
4e716933-0a3f-4caa-8364-babe0e4a30d8,0,6278
bd88f2af-7d9f-44a8-8004-ea76250dc9b2,1,19076
a3c04f4d-3621-4679-872b-fad6dd79a4f8,1,16066
be9e9eea-96d0-43a3-801e-b39bfd209ca7,1,19207
f86eae7e-2499-4f10-ade7-c25f47cf614f,0,25774
8f8d4853-d810-45ce-9673-1fdeeb0d8fd7,1,13776
9ab34a16-0224-431f-8fa7-9ae9e49ce0c3,0,15049
77e5b5d5-e712-4367-9366-d2a4002d6019,0,11124
8cf3ec03-b1ba-4565-b970-cb96026e5c3a,0,13476
bdef94bc-4e2e-4df3-b06e-126aed15846a,1,19126
c4d45255-9719-43d8-a795-2fa36666cb2a,0,19826
ddb912b0-acde-46d4-9ed8-8b227231f6d8,0,22650
2cf60de3-5498-43d4-8296-21881a7bc96d,0,2698
f661fe70-2fc1-4564-9f53-45504c0b0688,1,25554
b2e8c40e-8851-401a-8a67-892d6cb5276e,0,17840
37b5164c-0d4e-4292-8300-cea9078d8474,0,3642
b272b6cd-34fa-48a6-96f5-d9123499c120,0,17797
bcaabf35-1330-4903-9b4d-2688fba1990b,0,18984
6ab804bc-484c-4419-b791-d2ebada36138,1,9581
4698e391-5722-4947-a6f7-ff1fce632746,0,5373
908a1246-80c4-4f04-9fdd-b6735ac13cd0,0,13887
efd40bbe-cbaa-44b2-9f12-21b887119fec,0,24801
df1179b1-ff4d-4f34-9768-a4abccea5f8b,0,22813
c866e365-7674-4166-943a-ca2016026c02,0,20247
baaa0520-6019-4c73-a2a7-ed2a830ecd50,0,18731
752045fa-b3e9-43fd-bca7-3e553b111c60,0,10822
e3314152-aa5f-4dff-93f8-93dc0bcbe57b,0,23298
b59e042d-0ec6-455a-82c8-658ccb24e614,1,18155
eeb6bd41-6626-4565-889e-0b73d115a6b4,0,24667
e7f64666-2118-4f2f-a1e9-86d9f1eb7573,1,23874
39ec7b31-4066-4173-bc5e-2f733c95d94a,0,3921
f468acf0-c324-44c8-b60f-65bb2ca843c5,0,25330
8ad09776-a81e-4b36-95ed-2fb3bbbe1b02,0,13220
d20baf0b-b7f9-4802-a701-f7d0c9536751,0,21357
a14c9773-4ff1-44e2-882d-6e37a1a5af3b,1,15786
f4d4d49c-57bd-45fc-92e3-bdb587005341,0,25378
7020aeea-d293-43b2-9cde-b6a8a907b996,0,10230
e2656f99-d292-4572-9f2c-2f4e7da76265,0,23198
eb9bf555-1859-47a9-a95f-e86246ce2bd9,1,24299
461f1e66-907a-4bbc-a1d8-5b17b613d149,0,5321
71639ce3-3715-4e4d-8bef-3df8bb5c6770,0,10384
f33fc3e8-fa60-4d6e-8e38-6d87eed0191a,0,25205
e1f89c7c-efde-42a8-ab1d-dd7d59f8bff5,0,23147
3fb227fe-ba26-4682-ae1f-0e19dee31876,0,4581
7c240d6a-2230-41f2-a4cd-9f0d00466074,0,11616
453ea726-fb0d-43f7-839f-8123ee9f88f6,0,5224
cf2f59a5-10cb-480e-b79d-82f31f80d96e,0,21041
f1d27924-88ee-441d-9e03-d37c041a2b63,0,25040
82193858-3906-4c2f-b5b4-8aa1280f6181,1,12299
9ea08731-6f48-4775-8c98-19a2029fcf73,0,15463
79cb22b9-a291-44a2-a1f5-7d51a256e37c,0,11344
529fef58-c4b4-44a5-a424-e28b089c00b2,0,6761
e065606f-3368-47ff-b4d1-ef783e97813f,1,22969
c6ae435f-1c18-4ece-8b0c-3ba0f0125ec4,0,20049
8b1cd490-a9de-4c63-9fb6-3758d1413838,0,13261
535a94be-e39f-4a14-b260-61aca4570c17,0,6841
b2eca3cd-f9cc-46a6-b36a-2902558a7fc4,1,17842
86a492f8-353f-4a6a-8d8c-53bd3333c595,0,12750
1189d740-9839-4a74-8516-a64e767b977e,0,1298
d174137d-e2e4-402b-be23-e1abdc66b645,0,21289
fe503a3e-17ce-4196-8bfd-4f18a4f2280f,0,26463
34418371-837a-42d1-89fa-842508cfb742,0,3233
84f08609-93eb-4a37-9ec8-330de61dcf11,0,12576
5b3b6dbd-73a2-42c7-b3cd-83d811c6502d,0,7731
7d3fe400-3bd6-4a48-a2eb-2ffcfb36e01e,0,11738
b2651591-53ae-450f-ae37-2220cf6108e7,1,17789
2a34d198-3bc6-4a97-9c41-6a51df8e79f2,0,2586
d0a352fb-62eb-4ebc-9dae-ebcca2bda6c4,0,21195
bf70e20e-09a8-484a-83a2-2cc2d9bd9a4b,1,19305
ecb794d5-2059-4087-a2ce-dedf07bac25b,0,24441
4a699c93-97ed-4b6e-b36b-e58088eb24e4,1,5820
ed2a0206-3916-48c9-a336-39e8551c0969,0,24503
88edadf8-e397-4bbb-8367-683723cd855e,0,13006
c75c896b-a714-4b15-9b0f-e688084c7b88,0,20115
adfe4e1e-3a28-461f-948a-2ba9cfe72763,0,17265
36c67a1f-c782-4fae-b8d4-092bc51c6b05,1,3527
a965cb42-5f7b-4cfb-9970-6fe6b80f640c,1,16755
58405e22-b869-4f44-ac95-760bb5d55561,0,7407
d25214c9-1ecd-4c1c-8b0f-6e87a0057f20,0,21395
9c23a9cf-35dc-447e-bdbc-dc85a32f05e4,0,15193
d8ddfa54-02ce-446b-a4c8-a7d20044bbc6,0,22106
d1392a45-212f-466c-90d4-d66e54cdf3ee,0,21266
cca52be8-ee4e-42ea-9dfe-df2ef95c96e9,0,20747
cb863b06-58a4-492d-87c7-0debe67f6dc6,0,20612
c491d108-2231-4c16-b59a-5c788e81e189,0,19788
35ebaf46-2c58-46c0-879c-78cc3e49876c,1,3438
705c3feb-6faa-442a-a321-f8b14d1d2a2a,1,10255
c3414479-5221-4c46-bd60-6dda7e4f19cf,0,19618
586b9e11-ae51-4e58-8d66-b40fc399b643,0,7435
ebdce693-283b-462c-825e-a182c6063a85,1,24333
cac9edd0-67de-4c40-9369-db86097f7e45,0,20525
c335fede-a2b6-4c5a-8700-2b24dd479bd8,0,19612
f5257a21-9efd-491f-94da-5cbce76d8f95,1,25404
cc956272-fef3-4c1e-b950-8e1d05d52d37,0,20737
bf8e0ebe-cdb1-46b6-8b08-3d162dd691fe,0,19319
d6970a49-240b-400f-9c6c-146ad7e64bd7,0,21857
b2452358-99d7-4e5a-8ec3-29d451400a20,0,17770
32520edc-7730-4e75-a132-334f077a963b,0,3015
f89807dc-088f-403a-84a1-8137ce06aa35,0,25794
409068f6-5a47-4048-82ae-4a8a2a0ee711,0,4699
c6ffc89e-d5ca-4107-8d97-c4ea219465dd,0,20079
888dc50a-04f6-4b51-a621-9fa9b374fc0b,0,12968
62d2cb35-a998-4a35-992c-8ab5fa03958f,0,8605
ff3263ac-8016-47aa-ac03-4254bf0f2f13,0,26578
4a83c224-c4d2-4bc6-92f6-0d129e257f11,0,5833
5d886b14-0764-49b8-a6f6-23033107ec5b,0,7998
ea69d57e-6d9e-406a-8d7c-544b54954dff,0,24156
48987d05-8fd1-47de-b575-fff120d3d194,0,5614
afa19db8-5d4d-475e-85e8-3beca4ca8e34,0,17456
747a4e20-847e-4e45-b4cf-2ef247b51f1e,0,10744
3894c863-ff85-494e-b534-6d9b5207e305,0,3748
8c8a3a36-3c8e-4a19-9821-cc7467d962ee,1,13421
42d44cda-135d-4bb4-a654-b688185cdd16,0,4956
d316817a-0747-4dfb-be81-fbf857439d42,1,21477
c5a0abbb-8fc7-49b4-8718-aec8807e8c63,0,19921
f39dd8fb-7938-40a0-b483-a3db0c66bb2f,0,25241
901716f2-fb2b-4d72-b738-811cf337476c,0,13837
120fd100-b447-4ec9-b4fe-3cdd3f0496e9,1,1320
f9c99896-bcb6-45b4-9128-528f695e3628,1,25948
bd0b7f64-8ae8-48c7-8753-aa128fd773ec,0,19026
29991625-4807-479a-b5eb-fa1b3a4b5c0f,0,2563
7066078d-0568-4411-b20a-09d0c9a87ffd,0,10261
baf525a5-daf5-465e-ba60-b779cce1e576,1,18774
2db5d817-4f4c-4773-afa0-ed3cdb3a5035,1,2722
dee054ff-0e1a-4167-b814-cbf339cf689c,0,22786
95c66d37-862d-491f-b82f-cfc8f18e3e48,0,14456
b71f4358-f597-4193-a80c-ce223f708bf1,0,18313
8f719c99-d7f6-4e27-a5f6-3a259dc60b61,0,13766
1444c58d-80d7-4262-9cc6-9a7af55f43b7,0,1398
93ac49da-e6a4-47ce-8855-3d71a3bc7748,0,14229
f992640c-368e-4af3-a315-6240af940587,0,25908
328335a7-1521-4a38-bf82-34db1d2e7de2,0,3042
47755c72-c865-44a8-846e-5b69e0142638,0,5489
3817e718-4a42-4d67-a34a-ab1a4b9d52b3,1,3683
7dfe6d14-a31c-483a-be83-7a705e45719f,0,11817
a2d27e14-d9c0-4596-84d8-c526b0afc9a7,1,15949
ddd47a8c-0f59-4024-a9c4-91fedbd42867,0,22662
f676d04c-a1cb-4714-a17b-e3bf1ec329d7,1,25563
8bc6dd29-efc9-4ffc-9562-2f35b815390f,1,13333
38cc15d4-75a7-43b2-8c0a-78f31c035860,0,3786
540511c4-5373-4e52-a935-dc20814d74b8,0,6922
c292bdb0-2fab-4498-86b0-0cf4e15f1e03,0,19539
da69ffb8-40fa-49ea-b11e-9ddff40845e8,1,22291
89c65de0-3fdb-4eb0-bd98-3456a244bfd9,1,13102
94487dce-0045-43e5-959e-3e3bf9a9ab9b,0,14288
06efb50a-e30e-4e44-b323-c228c66d80a6,1,419
8f7dc6f7-f0f8-4d45-b806-8600d5f642e8,0,13770
38bfa17d-a04b-4c4e-ad07-fd8c8a730596,0,3777
cb70436a-d8f1-4e8a-91fb-38062ce35758,0,20602
c25a0315-3648-43df-8a74-8d10cbc3451a,0,19517
4550930d-9300-4bfe-953f-0b7ebb335417,0,5228
624f699f-6866-4ff4-bb00-01d37f46946a,0,8540
dcb75f58-6982-49d5-9a12-75ea9c632d56,0,22538
4bf3a128-5f17-4906-8604-ca0ccdd00c37,0,5996
b4dd880c-d830-470d-80b4-afca617a4261,1,18066
576d42dd-fb6c-45f0-8245-1808f0a8b07f,0,7310
cc1fb26e-b016-4f4a-b91a-46e3ec715dac,0,20683
c48681c7-91e0-4325-8b2a-fe2e7bdebe83,0,19781
e0604aaa-174e-4c09-b2b0-e814fe1f00b3,0,22965
6ba9800e-ebf3-4fd4-9fa7-1022883c4f21,1,9697
9d021f29-5ab1-4713-a377-3cd80baaa477,1,15284
37da81d1-ca9e-4ad3-90a2-cf7af05c4def,0,3657
bb0e687b-e508-4420-8b69-86be037e79bb,0,18784
dddcf2da-dc3a-4d1c-98b1-2ae1a2670e3f,0,22665
b16c19b5-4e46-498a-8cbb-22fb5b3c0124,0,17675
a450a1e3-e46b-4b1a-a8d0-c07c894e4190,0,16133
e40edc41-e99f-4900-ac4c-c9c0fc3c4c3a,0,23392
7b2ceed7-c717-4cc4-b311-d58da6fd8fc3,0,11492
cdd90da1-0fa8-4704-b75e-ab38320b14ed,0,20890
39ccfb59-c36e-42d1-94eb-5186759d33e0,0,3903
db2db980-95d1-48f6-837d-aa9ec8aff9f5,0,22372
1bdb5d23-e594-4556-a8dc-0017e6bc5bf9,0,2036
473d36f3-2deb-489f-8f67-e6ec63f29bd7,0,5464
f4290e1f-6a3b-4691-8e1c-5d721b045964,0,25302
3fe6b56a-16de-450e-82b1-5257bbdbbfb0,0,4605
7155cc69-7556-4535-8ca2-a0f4ffb6c892,0,10373
863e0a4a-8eaf-4dae-9a9f-fe81a437b27c,1,12710
c68e5b90-aeee-4177-9fbb-d9e58d0ba2a0,0,20036
8fcbeb06-391d-4a82-b035-614d4e6abbc8,0,13803
09d21970-3207-4817-ab35-b26bbfdead9e,0,744
5c9364c7-51da-490b-82bd-e7078e9c21f2,0,7888
32e9a5df-2282-4204-8355-030f26816f33,0,3090
505cd489-6d6e-47da-827d-81270e582660,0,6520
55e596a9-102f-4550-a9a4-136a31bf300d,0,7142
1c2fbe4f-6785-420d-a7ef-d81b84ff45ec,1,2051
71d57bca-9142-4f4d-b35d-7c6d1da6ed6c,0,10442
44c3f553-5e5d-4a75-852b-2f8b8315270e,1,5160
5904aef8-6b8c-4e45-a8b2-8ed4a369079f,1,7495
824a4fda-1ff7-4ab9-bf6e-21fe6fa37f67,1,12314
c42f4515-1bf2-4f63-a815-fa2e5bd45016,1,19741
8da4b592-16cd-4e51-98d1-66217d84fcab,0,13550
53944b3e-99f2-4a21-816e-a85673595b26,0,6867
99fea771-32df-4faa-a102-70ef7c659898,0,14968
7845cd45-c899-4220-ab6d-e969ed2e1cf3,0,11157
c21157da-1f74-4966-ba4e-c144d8f5da2d,1,19480
a95f5aa0-dcd7-4e08-ab91-832ce6f25055,0,16747
d9f275f9-4f05-485d-8401-810b9f07a13c,0,22247
3208e231-f146-41b6-b726-1d4267728342,1,2978
6ccf77da-c917-4fc1-8bf7-f0e7bfd3acf4,1,9848
8a6d3ef0-a0ba-41a8-886d-b262b00880c3,0,13174
0bf1767e-263b-443d-935f-489fe858922b,1,973
8b9684d6-8084-4405-90b9-7add2120fd71,0,13321
8e0af3ff-6334-41be-bb99-a72ead8bed87,0,13603
52026cfa-1c22-406d-87fa-15fab5fdd35f,0,6692
c421103d-4327-4bb1-87ff-51b87f7eae6e,0,19735
540e62ff-190e-44b6-90ad-9cd2ec2cdb0f,0,6927
e4441dd1-485d-48e7-ad2f-a5e58f250cf2,0,23414
7970b714-abe9-44e3-a10a-223c15f24753,1,11300
bf8609b1-a24f-4129-855e-fe3a0862da91,1,19315
08fda39f-ba68-45cc-9bbb-d416b19c6dc2,0,646
3e80e9c7-8f9a-4da5-b084-6f3d364d6010,1,4453
074767f2-05df-4e74-8ba6-f7fd568f9279,0,466
79168e4a-a98b-4c27-affc-0fade7c2aed6,0,11265
c7e8d41f-b515-4bbd-b152-2c9c1b0b0151,0,20193
ad9b415c-e277-4e69-a35c-8d41cdef93b3,0,17234
366b30d6-2c8b-4985-978b-b8cde00f4377,1,3487
dc4d3a01-94f5-4e5a-a843-1c60dfd8b352,1,22504
ddf67528-4268-4315-95c6-6f1560ef536f,0,22678
b145a972-a2b6-4dca-b98b-37d41f7c371f,1,17653
7fe666e4-8253-47ae-b859-490436f669f9,0,12053
cf1e95d6-373e-431a-9280-1417bf007915,0,21028
87095dc4-b834-4f72-84a4-1574202bdb72,0,12791
aaa75c43-b169-4831-a539-f6fb2b173a05,1,16886
f070577b-8f5d-44b1-8cc5-f4c5d64a0476,0,24876
6c29e591-6b34-493d-9aaf-b005ef16a677,0,9766
00436515-870c-4b36-a041-de91049b9ab4,1,16
6dffc01a-6230-40c0-aa0d-196ce0c995bc,1,9986
fc4131c0-41f9-4f66-b044-0e805f939a24,0,26233
37fd6daf-9d93-44a8-8818-20a423de28c2,0,3672
b99dd9a2-7611-4752-a972-11a231a1deaf,1,18593
74b3eae5-6d97-4d52-ab1c-20d9be51b413,0,10765
4b42e5ba-47c2-44dc-9ebe-9c43d4ace958,0,5914
462660b4-7813-4a43-93ea-e889f69f9c2e,0,5323
0e5397bc-f36c-4427-89f7-d95f31661c8a,0,1147
1079ba63-0681-45b7-b1da-fe11ede2b9ae,0,1258
f21cbf1d-6943-4840-8de8-2d407e638e65,0,25068
6300afea-0530-4954-9fd9-e228e527449a,0,8628
7d5502bf-2958-4bc1-a34e-d0b30f36f5fc,0,11749
346fdfbf-788e-4791-95f2-f986208c7796,1,3254
30c7ba0d-6b34-4a40-a92e-493c756d924a,0,2869
8eac99ab-25bc-4ad7-97cb-4fec4ca1305a,0,13670
0638126f-126f-4f53-befe-538ff87597c6,0,341
f4bad3fc-bc93-4634-bed9-a9977f6cec56,0,25364
f5b3b276-d93a-420e-a8a8-03f22bf850d3,0,25479
3f350a20-291b-4a3c-8e7b-72b885f19ec9,1,4537
f25e47fc-ad80-44a0-acb8-bdf668d70a66,0,25099
6769d4a8-086d-42cf-b9e6-f499d5877a1e,0,9178
3a4afbe2-c1e5-456c-b594-b5bc17b4afe2,0,3968
44cb1e82-07aa-491a-b55a-ec03773ecad4,0,5164
e4deb360-4f7e-45c8-9412-5936ae022362,0,23488
8ee80e18-162f-46f2-bd7d-5e7cc9404fe0,0,13702
37261c45-c1d3-4e6b-9d3a-a2ca48b99db8,1,3570
d23e83dc-9a91-4281-a0c8-6ff6c6927d64,0,21385
ba6d52f7-d113-48aa-8adc-49f963ed8979,0,18701
af387f75-2b11-4210-8ca5-aeae34b354c5,0,17418
937caf29-fe3b-4fbe-a859-1d3843c4caad,0,14201
5611941b-09f2-4f1a-a383-9053bd749e27,0,7158
8886e5a9-1d22-4dff-adae-d977755a57cb,0,12964
1f20a7b4-fc0d-49fa-8cc0-ecd516509372,1,2156
2d6d00a6-a1e4-4423-879c-3fb846daa88c,1,2714
aff537ef-bb27-4c87-b297-7fd9a4520442,0,17491
25976248-f2f8-4d8d-9f4a-18fd50a53981,0,2393
680d309d-3aa5-4883-ae61-1b211286f5a4,1,9249
ceef121b-c068-439c-9143-5f16cff925fb,0,21009
d3322c96-f312-465c-acc5-8eb8bc0be0ad,0,21484
a0999072-21a9-4898-b391-5990998eca20,1,15688
a34a19f6-2c94-4e4c-afe0-373e16cd7dfc,0,16009
b93bc9fc-3863-4ac7-a097-c8977df98d4b,1,18550
a95fa8cf-d65b-4b38-a8f0-cce5c5568de3,0,16748
8ead702d-e231-4ef8-b53c-41c81e44235e,1,13672
6d3d7fb2-4059-4297-80ba-2756ab7494a0,0,9897
984afed3-af7c-45d3-b202-4788f9522b28,0,14742
511880b4-8d08-4931-a8af-3023104f1db9,0,6599
a9ef6dd9-5784-49b6-afa3-61395acbbd17,0,16815
573957bf-09b6-40d0-aca6-389696465e7b,1,7290
ec7d75e8-64b9-4d83-9e16-b763811f40e6,0,24408
90debc9d-2e7f-4b46-8f67-a8f5d645e965,0,13920
e1e66bd5-538f-4df2-a386-153645f88ea0,1,23141
6e2174d4-d2e8-421a-9577-109160d053eb,0,10005
86936d5f-73fb-462e-bcbc-5815879cb3d6,1,12742
695fc74e-72d0-4bcf-a9a9-a75e99fb7306,1,9394
54e479ff-15e5-421a-aeec-1f3974427b5e,0,7030
b7d63692-4cef-440d-a07d-49ceca4724ae,1,18397
4ba09dcd-acd3-4ef2-9b27-7cfce5adf04e,0,5965
18355293-df7a-423d-957d-6ff93432bf61,0,1795
bf787ce7-869c-45d1-877c-9d04394bfbe9,0,19309
a7bbb7d4-3dab-4510-81b6-d79020126058,1,16560
f1665ed1-c647-4ed0-8340-5e9f88c6b257,0,24981
7e403391-3766-4617-90c3-ce7dddcc826a,0,11846
17c89271-2986-4e49-be3c-b925e0925515,0,1739
48030d29-2d30-47a4-b978-7f231637b436,0,5548
ec32088f-f33e-454f-bb07-43283d05194a,0,24372
ba2a7072-eae8-4e2b-9afe-71e94b09e13d,0,18669
0824dce4-e0fa-4129-adc8-224c6afa6bc2,0,561
59263e7b-3048-4612-b840-b5545dfe42fc,0,7517
44a0da59-4642-41d1-8db4-5d2fd45318ac,0,5137
561fa541-182c-4aea-b63c-c2820164be2e,0,7164
0bdf0a38-17a9-42e0-935f-f9240e1fab77,0,964
f66e2981-44a4-4526-879b-ad517b23d02c,0,25561
334096d1-00c2-4288-a9d9-62b4c6ff3c47,0,3120
1af01c2b-ade7-4482-a406-4e1c24335f1a,0,1993
615faf3d-7097-4b8a-a131-3b1d29cae868,0,8442
e34146d8-441f-41fb-88c3-17e747badabe,0,23302
6b7e32d8-0a3c-4050-a6eb-7db2e451c4fb,0,9680
779fe5a2-e9b8-47ff-8067-ddf1b04b7db4,0,11096
53891a86-1918-410b-8f0d-2170706be8a2,0,6861
67b78cc2-ddb2-4a2d-a595-20c126309a5d,0,9205
ac251548-5770-476a-8987-c928980312c5,0,17056
7d3f2d28-c21b-4a64-940c-c635176f35e1,1,11737
de377cfa-51f9-4e1f-997a-0eafe8eb2ef2,0,22710
780b0f92-0dcd-4506-80c2-b48e5f30155b,0,11136
44028c6d-e912-4542-922a-730d77e4d2c8,0,5069
7a1ddad0-eda0-4ae1-872f-50960e5abeff,0,11380
948a5b14-8b18-4709-9405-c7c0b3e7e0c3,0,14317
51b327a3-2d2c-40b5-b601-3dc75ba3c314,0,6648
1fa9f43b-3f5f-4c16-8731-c88d71ee6e0b,0,2183
fbda4352-4269-4a94-a8ab-3b65fe4ef9a0,0,26184
042bde1a-88c1-4ae5-af0c-1a409e1e09ee,0,213
413fe274-bb56-4206-9966-602859a51944,0,4769
25310577-2bea-495f-b73c-7eff7954571e,1,2381
b3a287c5-9fc6-42fb-93c5-310515024948,1,17916
5bfa4ba1-9ea6-42c5-b44f-1a58dfe648bf,0,7813
3db844f1-9d7c-4072-a982-bc35e05ed46f,0,4368
01b15f07-1149-4ff8-9756-bc821e41b97c,0,75
5333966d-cb93-4e51-b882-ee5502cf6486,0,6820
ba16fe59-6c9f-42ed-8138-ae8dc68c99e9,1,18657
87bc496f-9b7e-4282-9cdc-95f848908c84,0,12870
5623a68b-8f2d-4295-bf4e-2f3a471cb84b,1,7170
4b575da0-a26a-4d17-873e-f733cf70a03e,0,5925
6f09685e-be6c-452b-8523-d0c2df6b03de,0,10108
eaefa668-e01c-4729-8c02-56dd413c6f1e,0,24217
7c545810-e2b5-4849-a2ff-893075f28192,1,11634
19b1f7ba-bd40-4e8d-813d-da977b2306b3,1,1948
6c499ba1-df4c-4b47-b81e-34ded09a9dc4,1,9780
6d462751-b97f-48a1-b09c-192c5e114825,1,9903
6467764a-7c47-4e5b-b558-589878b8c369,0,8786
f1c09395-da36-4feb-9884-b9121e115e75,0,25027
89aa5c47-f644-4add-a711-6c66adb39003,0,13084
df215f73-bde0-4d55-9e55-8d49ff3ee2f4,0,22819
f5ec1010-b315-453d-a163-2cc716ab182f,1,25509
71231f52-c755-4f52-956f-eab77b9434f5,1,10350
d903621a-9a92-470b-bc66-e0287c6490ad,0,22123
490878a2-3121-4346-bb42-388438010ee3,0,5658
cf419e9d-fc26-47d7-a05a-7d8444846724,0,21049
c6da6f67-a874-4fd3-9726-898bbb502d76,0,20069
5f8ed2f4-791c-4eb5-a0fc-3d5437f3ceb7,0,8233
d1c7a5ae-e734-4f8c-bebe-66b8f4f65a36,0,21326
51f85d4c-7d59-4657-86f4-96a24ebd1549,0,6686
17ce3ada-4124-4b81-bf9e-47433582852f,0,1743
8b12b694-e947-45da-8feb-3bc3de58b0bb,0,13252
857c6181-8392-4a98-bb1f-f128c97ada7d,1,12628
769f98fc-59c7-4f3a-af65-80a75b679923,1,10983
628cca99-9eb5-43e0-84ab-8a8f113aae55,1,8571
c3ce9cfc-2c8c-4a24-a966-1f79ad820fe0,0,19695
e33f2a56-329a-4f88-9b38-ed09ecfb9fd6,0,23301
c60345b4-6001-48cc-841d-db3a8be7b905,0,19977
c71a0252-4801-4555-814d-4c0b0c7e46ad,0,20085
91f34f1f-94c6-4e47-b15d-92bc905d81f5,0,14036
5d5f2759-c1af-454a-86a1-5f190fa0f001,1,7974
0affd017-4c75-4cf8-9c30-e33c5d853f11,0,855
7c862dc7-c1b1-4d7d-a2f3-16bf6d217bfb,0,11661
55abf5e9-a924-4ac1-b397-d5404b421b79,0,7114
c99e4ca2-87c7-46a3-b741-77e9bf50218e,0,20389
8476f1d1-b4a1-4ba9-ae61-6bc6742732ce,0,12532
ee695084-676c-48e9-a0d2-77945c936577,0,24635
74c5ce0c-9bdd-43e4-a004-935f6ff9ad2d,0,10772
e5f292ae-f1e5-497c-b0a0-68f1aa2196b2,0,23634
379b5fc2-ad30-4dd5-be88-a633ff87649c,1,3621
4c69056d-3f72-4730-ad37-b76d2817ef86,0,6048
41e4abf6-897e-464d-9cec-ed3c51d8809e,1,4860
529e2bee-075d-44c3-b82b-e51bf1b3990d,0,6759
9eb1671b-a64f-4133-a7e8-a1f08657fd06,0,15473
9a30433a-c79c-4f15-8be7-26adfa92943c,1,14992
63daff08-6af1-4f59-b438-773c688af1ee,1,8727
a7f3e1fa-fc47-4b6d-a377-8a4ee4bda0f3,1,16579
c358e0be-cac6-4918-8f61-1953178f0ec5,1,19629
c6527a62-0c6d-428f-8242-9acab8f3365e,0,20014
b501b40d-18bf-4b25-a0a4-f93634162375,1,18080
07290e87-0c95-4daf-ae97-2f7f971f23c0,0,447
fd50c07e-0b74-400f-8657-076e7841fb6b,0,26357
15d3c938-6ccd-4abe-a49d-5fb469a1ea14,1,1518
caa51ac7-d37f-4405-8cdb-81dbd4e03726,0,20511
00f08de1-517e-4652-a04f-d1dc9ee48593,1,41
6959d16a-58f0-4866-b7e0-a26263a7ca8b,0,9388
32307e74-5fa6-4aaf-acef-474a8807faec,0,3000
ac9d8fd5-2dad-41d8-a22c-31013afcdf48,0,17117
60073261-5aca-4a8a-9036-957a5feaa35e,0,8293
768e5ccd-aab3-4971-8df8-814380ae77a8,0,10977
cee43c92-f71e-4e89-a9b1-cf320da0067e,0,21002
c8c4962d-7bf8-446b-96d3-d5417cd3ae0e,0,20293
b0469327-31ae-457e-b1d8-31d1a99fc0d6,0,17534
96f4322f-311d-4f94-8ae3-4876b88c1e96,0,14584
9a51d840-b1dd-4856-8c50-6e4c8d09d185,0,15002
1ffee791-10f6-4b8f-bfcd-35220e8e0003,1,2196
44dc24f3-2954-4a43-be42-eb8d52fd252f,0,5171
0749e0ce-a84e-49bf-9275-a1ebd9281e3b,0,467
93dae4d4-9f5a-4554-a882-6e4d3e9b39c1,1,14248
72388847-3e0b-4c42-b7a0-abcd6bebdb3b,0,10488
fbcdfaa3-ce49-4186-968e-fc4cd26cb80c,0,26178
d557290b-bd46-4038-8056-c90688655890,0,21710
7a1faa41-252e-44d2-b019-63ebc8dd4ee2,0,11382
7a543f64-6596-4944-ae8a-d21cc0644823,0,11401
07349035-d546-41ec-813a-612614536f5a,1,452
7cc95413-c3e4-45ef-b047-4021529fbdb4,1,11689
84c1ddab-f181-46c8-b111-b055ad42e6a5,0,12565
ae5d10d8-1ed8-456f-886b-8689db2a0ee8,1,17307
ecb7579a-e9c6-45ad-b414-be2a29b0c025,0,24440
a004ce1a-4907-4d76-b520-0f31e1eb00d3,0,15633
bf0e824a-1729-46a2-b1cb-13eedd6fe3d1,1,19257
cae093c2-7650-41fd-a646-6069d04acc41,0,20536
d72cd242-ad82-480f-acd1-e1b3a793cad2,1,21936
0b00fd58-8071-4e60-b9fc-00bc3cd4ab26,0,858
3f797a7b-4239-433a-8131-a1e3585712b3,1,4562
55b4a70a-1818-4c64-bcd5-53b17b76496e,0,7120
a885cd60-df31-42da-bf0d-6a422db89a76,0,16641
0adcbadd-6b95-4692-bdfb-6a03d51af237,1,839
4bb8ad0b-398b-4eb9-8430-ad73bcc19727,0,5978
fafb820f-cd7f-4a19-a24f-f294e69a0f87,1,26081
f3ec2418-1739-4222-9c09-7c204c88dca7,0,25280
4998b1ac-db66-4e5a-96ee-10bf4662c057,0,5717
76edb41d-33c8-4e20-994d-3419abcb1db0,0,11013
025d196b-cfa4-44a5-9e31-0f73dc3b318f,1,128
7f3bcf92-a1de-4599-9472-30dcf7eca210,0,11964
e8e70916-040f-4562-bcc0-ce9f5df4d14d,0,23973
04cdd736-43c8-486a-aa76-9ed39feea7b7,0,236
8f5002f2-7cad-4334-a14a-12e67ad21792,0,13753
9e3268e6-92f8-49f4-b703-cb797ce60ce5,0,15410
d4e1dc31-00c9-4339-b0d1-ece6d32b13fa,0,21668
51c42643-1a55-4d9f-b9cb-1fd6846b22d3,1,6656
987849ab-4f8c-48e8-b28f-ccf5b9ae704b,0,14756
8d420869-5632-4a1d-9b75-c913472148bf,0,13503
db73aa5b-f6b2-4f92-8c38-cf7ee7039415,0,22399
6b4df581-a18b-4c24-9865-afaf52be56e6,0,9651
a962cbf0-73ce-4066-afaf-69f961bbb389,0,16752
4c9e809f-5e6a-4998-a593-ae01152c4ef9,0,6074
3fb5525f-edfa-4217-81f9-df59b3e94135,0,4583
e4568bcd-57af-45df-b172-5758cc4643e5,0,23424
a095a3db-8ae4-467f-a3b9-b7d6e2f62fb9,0,15685
dd3a7be3-2f0b-49f8-b82b-aacb2826be12,0,22589
f0576862-a1b3-4029-8ab0-d7dae5d973f7,0,24857
417f0770-5f45-4634-bdfb-273b6077e358,0,4811
bc4f2fce-e1dd-4d50-bdb5-103c25f46c8b,1,18923
000db696-cf54-4385-b10b-6b16fbb3f985,1,2
085a25eb-1ebd-4bf1-b320-7833e7c37553,1,580
8d5561ba-42fc-482d-815b-8799fcdcc674,0,13514
e4d397e0-c74f-49de-ad68-0f736bc69ef8,0,23480
67bb2550-c8eb-405c-a96c-7e820dd247de,0,9208
98cfe171-a88c-4386-9142-2e67381ab225,0,14806
456b9f50-58c8-4260-a3f6-513485bf45d7,0,5241
727090e4-885c-483c-915f-475c7c0b8aff,0,10512
e01ef6c8-20f4-48a3-8917-686da0e5b454,1,22926
3f5b6009-5a85-4778-85e2-c7579e00d1f2,0,4551
0b6a7730-a747-42ce-ac00-f3dcc34df307,0,907
adb9cdaf-babc-4e4b-be90-42246e609803,0,17239
acac72cb-3594-49a3-ab09-5908346f2a11,0,17119
4494a1b9-2183-41df-a6fb-4a63ac49b78d,0,5132
9c7193cd-7ae9-481f-afb2-55e72375d6d0,0,15232
69145580-38bd-4aa6-8ca9-0efe12d787c6,0,9356
94cfda4f-e0b9-40cb-b489-2630f6ed45f2,0,14355
e31300d4-90b0-4fa3-8902-30c225b9279a,0,23282
c43a6acb-158c-4023-8cc1-e82d0df8d879,0,19750
fad8d98a-d6b7-4d1e-b9a2-3f9415c0acb2,0,26068
fec89f9c-205d-44d7-99f0-9f79669f45dd,0,26523
7307072e-18a7-4a88-a45e-44702e1b63ee,0,10574
1f29d0c9-e758-4b71-ba67-38eb605a9dd4,0,2159
d4b2b93e-696e-47fa-b197-160a35534b84,1,21636
1623088d-9f8c-4910-b681-c81fef043fa3,1,1564
1f61f7dd-64ea-4e69-a59b-1b9624421f93,0,2169
3a0c80db-3411-4547-8822-01f6e746bc51,1,3932
7a778501-8cae-4471-a4e4-fd9afd50d154,0,11421
01cd2ba5-2baf-44b2-bf15-ee57e1ea4599,1,85
4f204cb1-cc3e-44fa-921b-317f31b474f1,0,6356
780f59c5-1e76-4082-9519-d7ed2f4c6620,0,11137
02f6ab3b-7793-4d67-87e3-868911a399b7,0,154
9addd7f0-dd54-47db-b70e-bc9baffe2b14,0,15060
54807679-7768-48a7-afe1-00f751c713f7,0,6981
c533a5ed-72a3-45bf-bae3-1ed9595a9bcd,1,19867
b20f3c7f-0af4-4a22-901a-32584fbeea28,1,17748
715c3fb0-fb2c-4814-9049-222141652fc4,0,10378
bca6d69c-5695-4660-bcc2-2e5f4e479135,1,18979
bc544ab1-9e98-419a-8638-6bbfce8f7357,0,18929
e5450e59-4119-483d-aee2-1d30b44f8fa8,0,23546
ae14b8c5-43a3-481e-b92b-7e673ed78a06,0,17275
ce6329e9-f7d9-4212-b6b0-22150330c6c4,0,20947
1f0ef178-e4be-4ec3-b44a-232ef178f5e9,0,2154
6c25a83d-62e0-4336-9175-da386d28d78e,0,9764
ec36d295-1e54-4de5-9b64-241cbd1aa0d4,1,24375
9a1ad872-6fb4-41d4-9a48-6dd6d7958d5a,0,14978
6b671caf-55f0-4b30-84f1-51703f09b892,0,9671
89306dc8-a4ee-4679-b183-984ddd00f2fc,1,13031
e6bdf96c-ec2c-4b88-9507-2ba8172da1ae,0,23736
cd719fb3-6889-4f24-99a2-55c4c379f154,0,20846
0cc09b0a-1afc-4492-929e-ac53f15286b6,1,1076
6099324c-1fef-47a1-9f1b-b2e8f2a110a1,0,8353
5f46ec60-1942-423a-9a58-1856218d94d8,0,8193
c6da5d4d-b527-4207-81a4-1a3ca149411a,0,20068
cc548ac0-8784-4430-86af-02e1c6bc36c1,0,20711
fb3d62c8-5eba-4aa3-b904-4bfd270bffa6,0,26108
f8cf5335-860a-4248-8ee6-fa92dde76ab8,0,25816
bf1a0294-0d43-4d78-938c-24c0e426544b,0,19265
a5333c4d-fa5f-4266-9778-f0fd9655fbb3,0,16253
cfdfb1e0-9486-4cf5-94b0-5613ac403847,0,21113
742d5090-857c-48b4-9812-277ca12303e9,0,10708
bf12ed15-4eec-4580-b5e9-bcfba65e1a7d,0,19261
db731c7a-f5dd-4d85-b734-8b13468e726c,0,22398
db1b996f-6204-440e-ac67-213522774cb9,0,22363
0b9736d7-413f-4fe0-8ff3-163c290e2679,0,929
e70b90c8-6afe-4da2-936a-c72ccdc371bd,0,23775
6c1c7f04-a78e-40f5-836c-4f41d4b300b1,0,9760
d6d3bd8f-5dd8-4cc1-b269-8398270f4a1b,0,21879
db750e84-7776-440f-a985-84f5fbfd010b,0,22401
442e6d5d-41a6-40aa-92c1-d997f8fea5b5,0,5084
5c794c00-6e99-4ddf-a6a3-934e5ec618f6,0,7882
5c310247-ebb8-4dc7-8a10-44f928c5f4f7,0,7841
6fa98716-9ba4-479d-bd41-332cafed8a05,0,10186
65e28de8-c685-41a8-bfe0-9f2f0d51d35d,0,8980
c56be61a-6daf-400c-904e-ce946d90be2f,0,19894
c0dd2290-7dc1-4589-8061-57dfdfa23a4c,0,19406
578d7a7b-a762-4713-adc4-35d476c97a75,0,7327
91ffea2c-cabd-4e92-9250-9498ecbd424c,1,14042
ed727929-f8f9-4e74-99ee-3b02103bd9ab,0,24533
4ed3a113-8f50-4871-8489-1e1a17a243ab,0,6320
e45705e8-3f37-4498-9efe-108a597947d6,0,23425
f2b864ba-1e99-4c8d-9951-1c12280c9779,0,25147
fefe9ff5-ec06-43bb-a70a-8a7b4b16b3bd,0,26548
97edfece-bba3-4872-88cf-6d257d180879,0,14699
809195a1-4267-452c-bbbe-7157ff1596d8,0,12132
3e439e6d-97d9-40b8-b201-794a5ce5ff1e,1,4428
ed22ed38-a90b-461b-bf5c-5e765c946d63,0,24496
32b54814-6d30-4cbf-9d41-e6c98f3fe375,0,3062
f1e0800f-dcf9-4ed4-9b38-56d6281386d6,0,25046
e3e58d0d-54af-477a-abf2-8c1d11137114,0,23374
01cfa23b-cc98-43af-a61b-56915f90b7ef,0,86
9ee5d70d-a1ca-4fe9-af45-27dc20017d27,1,15497
cb971b7f-4d67-4df2-957f-15c688fcb9c8,0,20621
fa50cff1-1e10-4912-9f08-247b8ba7fb04,0,26003
a50278a5-b357-4c86-b4ba-fdf099178f69,0,16226
d937f102-cf15-4beb-accf-5514beb70f28,0,22152
65e2146c-7f83-4206-b996-0ee955b6f825,0,8979
b7734503-5808-403e-96d7-5ea55a96a1a3,1,18360
637bea6e-a296-4d83-b68a-7cee48434bdd,0,8690
f9103466-b110-45d8-a51c-96017068fa1e,0,25841
82e7f34e-2d4d-47e8-bd42-0a8dac678265,0,12369
f880d2fc-8720-42f4-b72e-0755aa82b94a,0,25782
a752bc48-905e-4b77-b2ab-257f09b1b8b0,0,16507
e8616f2b-7518-4c87-850d-98db6b1d8a7c,0,23919
d70cf6a3-da4b-4ecf-a93a-62eaa70312d5,0,21914
aabc17eb-8303-4d12-9222-f2b2c07371e0,1,16895
5fc756b1-4714-4631-b9e1-f365b59cd8d8,0,8260
2c7411ab-ce18-469d-868f-de850cafa9ba,1,2669
ea1e5c39-8d0b-4b4d-ba6b-4c3fae623e0a,0,24109
d66dc3af-efc7-401b-8857-351b5b24ab9b,0,21837
1e334125-d0bf-4229-bf47-c7739ec3bf5b,0,2125
c742dbd0-c775-4bc5-a2f1-a45d191473ce,0,20102
7b94c8f7-7f99-4499-bb56-9930bf999e7c,0,11534
475dfd8f-333d-44db-b8c6-d7a1e91c67d9,0,5480
4039a6ff-ff73-42e2-a21d-359ba7177f7d,0,4651
11827075-47dd-4f3c-a7b5-aae992cce35b,1,1297
839f232a-8968-463f-b9b9-3cab7b3c05ed,0,12453
a5b6b5d1-0653-4a3a-9ac1-facb59853275,0,16306
3c313509-8707-4fab-be4b-770fd8cbdb07,0,4191
58f5b64f-97a6-4126-a66f-c56d307e3e3c,0,7488
88363702-59f4-4dc3-b3cc-316b9216fdc1,1,12932
699aa162-5dfe-487a-a8e5-5ca7fa3efa20,1,9432
8e64e543-299b-45b5-abfb-deee03fe9736,1,13640
9c24de6b-63ba-4f9d-b517-10b362a0446a,0,15194
15ff926e-919d-461d-8c5b-963eefa253bc,0,1541
b753fa88-2247-4354-86e7-c0031fe11d13,0,18339
fbbd3b4b-eab1-4bc2-b588-4caf9420d34f,0,26169
c3c2e187-9c3a-46c7-a7e2-6434580c2d99,0,19691
c9401b1c-b019-4a75-b399-1bc073ffe860,0,20348
5313d411-d611-4c8a-af40-0f075d6d96f6,0,6809
9b632dc8-487d-41e1-885b-052d16bc9799,0,15120
ce76e195-c9ba-4669-ae41-d81fe95979e2,0,20956
5a6172a3-2b11-4e63-a8d5-f06829735f32,0,7645
ac34a830-57ce-4390-9076-6faacdedd54b,1,17065
c64261e7-83fd-462c-9a54-f88196d6ce6b,0,20004
cd60ad78-1b2f-48f6-bdaa-6bf401d8ce2f,0,20839
91dff5de-1005-4c66-8787-530f1599d8d1,0,14025
128edd9f-2ec9-4746-a9bf-bad7cd400539,0,1335
88358016-0675-4303-ade0-bde075c709d4,0,12930
d0c1a7c7-028e-4410-b8fe-2afcce2102d0,1,21210
483eb36d-93dc-4414-9af1-f9e10ae2754b,0,5578
d234a5c6-698b-443d-9446-9326464fb349,0,21382
f403aa91-e52c-41b5-8d86-af6c5546cbf1,0,25289
a8e750d1-fda6-4713-ae72-35893c0e9ffe,0,16692
63f71157-7db6-476f-b320-ba2fcbe2543f,0,8737
92c10f10-30ce-4da4-8c80-0610a0647d07,0,14113
ba1649bf-15b7-46ba-b841-7aeb71f9e4c6,1,18656
658f18d3-69ea-4ee6-ace7-d179d441036a,0,8944
f919d3cb-dc68-46b6-8c29-2d3914fbaec0,1,25843
7cd222a5-4714-418f-80ac-20f42c738363,0,11694
d7634be8-a024-44a0-933f-c8831de69342,0,21963
612de393-7238-4bcd-b45f-04feae29b257,0,8424
490fba93-3449-45f7-abe4-49a948b00fd2,0,5665
91ed648b-829e-468c-8054-c6dbe95a72fe,0,14035
70d2139e-967a-4fa9-b44d-b1515b82af4b,1,10304
cb94eec0-0a33-4d52-ba03-ee9b1522d061,0,20620
b091d2a7-572e-4183-8dfd-acf6ae5e3e86,1,17575
fc6f309f-f4b2-45af-bfee-c756cabdd3c1,1,26255
cb180632-6290-4847-82a4-c414de97c73c,0,20562
ab9eccef-dfdf-4fba-b1f9-fccdda382eff,1,16997
ffe4707d-517c-4ed0-8a9f-3ad149748991,0,26670
17db8400-909f-46d9-8d94-bc33309bb0ff,0,1749
d3118280-e424-4e8d-9236-9628ca99c1a9,0,21474
1907a293-8503-4525-8f47-370e2447385c,0,1879
05bb6f8d-453b-4e56-ae92-2600e058ba65,1,290
bf19620d-8c98-4295-9c6d-907b059377ed,1,19264
68dbe4c9-2671-4c71-8a42-ab6dc868105f,0,9329
d173cb76-6a90-471e-bb22-dbe16573ce6c,1,21288
aa85ecc1-f7ae-4a76-ad20-aa660f99c186,1,16874
bec35362-40e8-4f43-99aa-8d1eec483456,1,19222
07c5e2ff-fd3a-47c7-936f-33f34d11b41d,0,518
65b7888b-af92-47e8-afb8-44365bb4ac8d,0,8963
62396bee-3db6-4de8-a78f-6a0c4a459421,0,8530
8b978a1e-ee31-449a-8689-22e4eedd2151,0,13322
682bd80b-cd68-4e23-be69-e50c1e5a2617,0,9264
9e9cf557-f329-43ed-8095-dc66bc667c28,1,15459
dfa37727-e289-4b2b-bd21-c6a4da9652e5,0,22870
ef4ba083-5049-4aae-a909-f44216563953,0,24739
e5d58e52-f77d-4fb6-9aff-9fc5715521a1,0,23618
db16297d-c849-43b1-bcd3-1bd4fb2ff37e,1,22359
0409d9ce-34d6-4ef9-8a80-6f01f68e6762,0,204
3d59faf9-6b80-42e5-b5fb-95048344c92a,1,4330
018951e6-9fb3-4e92-8ce7-e3a018daf93f,1,65
810c9bac-dab2-4cd3-9a1f-93760791b040,0,12180
8e287c3f-3484-4a12-a58d-ac4a4c077bae,0,13615
b8d7b42e-8dc7-4330-a8f3-db52852f1714,1,18513
16d8d1b9-1430-4043-acb3-d3938a354028,1,1632
9d1146b9-b1ff-4c38-a732-4806401891b1,0,15290
cc8f4537-b7d5-4388-b060-c1bacebcffc4,0,20736
d8df4536-4efc-495b-a6f0-af4fca6f8b7a,0,22108
356ed546-ec57-4502-8fb9-1a9b48b6d83f,0,3382
9430f1bc-dcc0-4b50-9b33-7ace83fb31e9,0,14276
d5230fc2-375f-4fed-8b13-7c7f65c8fc60,0,21684
de1939ee-0d5c-4eb9-a39e-e798e314b8c0,0,22692
d3fbcb3d-b39c-4c8b-a23d-ae786dc11bfe,1,21558
f02b8370-0e08-47af-b4d4-6dbb681f219e,1,24838
ae02d3a3-4d01-46b5-821e-cea87be7ebaf,0,17268
564879ba-67bf-41f9-85a6-49ed920c0e8b,0,7188
d861ba7e-2b09-4606-a81c-b47cfde2b4c1,0,22058
45e249f3-bcfb-4a4a-af37-8252b32e8f8f,0,5293
6aa91b16-a440-4c42-8bbc-44b03c25d1ae,0,9571
553dda5c-4818-4c16-816c-26796f375814,0,7060
8075b09f-57f8-4e9e-bcf8-94dcc5d6fddc,0,12121
fff1cc9c-3895-43be-84e1-a7aaef21002b,0,26676
ddf22c92-8391-42a2-a93b-66fca45b502a,0,22677
0bc55dd2-15ee-4f8e-94a1-df2e8dfffd89,0,954
a6ba154f-16a2-45d6-86b0-63f9cc8aacec,0,16436
8686cc31-c196-4e84-ae85-fb902f55a75e,0,12737
ef40aa15-7730-42c0-a1fc-be52cb8c30ea,0,24730
9fe0022a-4549-4a65-9909-95c686b5c666,0,15616
ed55f8dc-45a7-4416-ae94-847bb41a35c3,1,24522
98755f70-c41f-4221-b193-b24a24a52384,0,14755
b25f283e-c7d0-47b0-8daf-17e79407866a,1,17786
70e0719d-3ab0-4e00-8cb7-e8d85ef6df4d,0,10313
63ffaa0f-b764-4d5c-8462-8935d6389bb3,0,8744
a41c6dd6-ff07-4e46-8001-283256ce4c01,0,16109
d3d0536b-d0e8-4e2a-a803-03c7d42d454d,1,21543
908a9eb7-dc6d-4113-ba9a-28a50140563f,1,13888
dbcd7b8b-bb6a-48b6-9654-08b9d877f5d6,0,22451
d7b49f1d-1642-4c0a-bbe0-0fa81a8e520a,0,21993
5a5e64b2-2a06-4a60-9d1a-fb6c4b6efa55,0,7644
ec974a27-be7f-4cc6-87aa-f182a8cd03cd,0,24425
4283e25e-331f-4154-8e81-971631788c4f,0,4922
42199284-134a-4ad7-8725-b21a97e166c3,0,4880
8a7f6b8d-5cc6-4da6-a47e-c247341f44db,0,13183
44b51d39-f606-488e-ab50-fb45261664c3,0,5149
91fc2006-9134-46f4-819d-24893059183d,1,14039
ef605eca-af37-4409-9043-6ff34392fee5,1,24748
d9c8036f-9942-4b13-b35a-1318336ec283,0,22228
cebe35bb-d11c-44a8-994d-587d157c0e30,0,20990
af575d0d-7e63-4f8d-9919-3a8da381d886,0,17425
50ccf4b3-fb05-4e21-aa6a-73f93ce2f33f,0,6564
a71d3def-7297-4a2b-9695-cb6c77a28bed,0,16479
022b7bbd-963b-49ea-afd7-b6b7986da555,0,118
d8ff6d7c-a0f3-4fd1-9f2b-b7da898a6690,0,22121
6b269514-b5c3-4506-a004-4bc3375807dd,0,9636
73385708-ae66-49e6-b211-5e62bc2baf0b,0,10601
8a6a239d-428c-4e35-a479-44272702e98a,0,13173
8f2cdbe6-7e29-4c40-ba7f-54d3f64d10e6,0,13736
98a15e74-4b14-45b5-b55a-76f4149eb53d,0,14775
f218fda3-c484-4836-867d-b7ad037bfe4e,1,25066
1149a2ab-1e6e-42a3-b850-27486c330a87,0,1289
67311adb-0491-40b3-9938-17ac0aa61fb5,0,9152
56dff625-b5b6-4d61-a007-3fe790027f01,0,7260
af2b931c-2fc3-42c1-9093-52256df224ad,0,17410
e5083984-ce39-441b-a37a-ec0b902947a9,0,23510
f3cad617-4b5e-46df-ba12-a0d2f434468f,0,25259
86540809-99a3-4255-8362-524ff64cdbba,0,12722
9a7bcfc0-6ccf-4d8f-9b02-ad56448761c5,0,15024
fa532a37-779b-4d09-af50-553d103ff4d2,1,26005
5d9ae0aa-09ad-4271-953b-6c19749af5bc,0,8005
69e38864-ac4e-4475-b29c-b48462d16b35,0,9463
7464e292-ecd7-4806-957d-dbab928c9579,0,10731
c5dfc1a7-4669-42ce-af9f-62c3d8322049,0,19958
43450dc4-b305-41fd-98b0-0fca3c3a407c,0,4991
8feb2bb2-88e0-4796-b5c5-005159a8d8d0,1,13817
85b36d29-0d52-4fda-87ec-a11c1bed039d,0,12658
d916d38c-327b-40b6-b56b-b1c47cfddfce,0,22130
5fe6299a-dbb0-4090-9811-b80fe23eaa4c,0,8277
306a9ffa-7084-4014-b8aa-2675c0c02770,0,2851
4ba4e26b-1f7b-4639-9cb9-81033dd9bca2,0,5968
0e3a2225-066f-4aed-90e1-70663f739d9d,0,1142
3df4ad7a-a371-43bf-bf9b-14190c08944f,0,4393
47c78742-4998-4878-aec4-37b11b1354ac,0,5523
0c4016ab-b81b-4266-b6f3-b13465b8d10e,0,1018
c27d0e06-ef8c-44ca-b4cc-a4113b723570,1,19528
1101cedc-35e2-483c-9326-1f3232b88f06,1,1278
cfc7e223-b50b-4204-973a-6cabce3072a0,0,21102
3746cf34-b723-47aa-a0c7-22b63cf958b3,0,3589
ab2122ca-8213-4b54-b15f-66fee8aff602,0,16943
7717aa11-1334-49d2-aebb-bd0ced0833e9,0,11035
bf22d387-1425-4f8a-9bee-5e0a55d82494,0,19270
a229da82-a0d0-4894-8df0-55f3d5c6635b,0,15881
7804f265-34c5-4efb-a378-3524b4e119a4,0,11133
e6475ea0-5265-4073-8465-ef3091c9963d,0,23678
01ef449e-d493-4db2-9162-d83c69f90f40,0,96
83bb8d1a-8486-4ee9-885d-17ddffde40fa,1,12475
ae4cc69b-20a6-4a62-9fb3-c1767fdd37c6,0,17298
54edf544-8651-4be0-8d4d-a6811f8d689f,0,7035
d271740e-e146-4b6b-a66d-5827f0ab68b5,0,21409
dfd5309e-412e-475c-8e8e-25f31f7d1091,0,22889
87f8135a-b41c-4e39-83b1-ffd421057f82,0,12897
ecc176d8-c3c7-43d8-bcd8-355bbfb84971,1,24450
957f244a-9680-40f3-8b04-367fcad6e6dc,0,14421
e9b72499-2b88-4a6d-9901-31957a5ccc5b,0,24066
853ef66f-999b-4ee1-821c-39ab2d744d47,0,12605
01aad2a6-3b93-45e3-bf37-2d73348cb6fc,0,73
0b18dcfc-c526-435b-aea8-d8038aa224ef,0,867
c1cf3255-d734-4980-bfe0-967902ad7ed9,0,19454
fe8ce5ce-10ce-47b5-aed2-77094801f185,0,26499
76561551-efee-4492-bbd1-8465560ab1ed,0,10958
6df98c27-9d92-44de-a408-b67f5570add2,0,9982
97be853a-7fc0-43cd-85c3-a92ad92e5350,1,14680
ffa54bb3-2fb6-4010-abbb-3f43a2b3d0ce,0,26644
bb6e3490-e500-4174-9884-a98bbb945e2c,0,18833
41c5cb4a-4ebf-4774-b088-c14ea99f734d,0,4853
079fa565-0c4e-46a2-9a3c-f6341d97fd5c,0,504
35dc2301-0e1e-4d37-8926-350cd1be37ca,1,3434
d0c50711-45c6-4515-b5ca-c63f9ec5ee20,0,21211
e6fe983c-945b-4e1d-b43c-c4c43c267d59,0,23766
a1214924-2cc5-481d-b329-bdacded69ff8,0,15762
12c87e1d-a199-4308-9075-732779ab5418,0,1341
ba2d4acc-03d3-4cc9-92f2-2f9a1bb21adb,0,18670
938f5f0a-19b1-4d7a-8e88-1d23212d8cf3,0,14213
9893bc9c-042c-4f2a-8ca9-ed5194060e82,0,14770
b0faed22-33fd-44c0-aeaa-de2a99b46d4d,0,17612
a0ca289b-6e0b-433d-a45b-8f86044e1ae1,1,15719
b3ea1c2a-4e81-4fce-99bc-b7b2297d56d3,0,17948
400ca4f8-95cc-4c78-acbc-c86ec651ffef,0,4625
d5d7c95e-0682-4b93-bf0b-5dff2fa91a92,1,21767
f060ad29-440c-4662-ad71-e69516a3c42e,0,24865
52edd24a-15db-449d-b0c5-8051eab5fd1e,0,6793
fb274a38-8da7-4606-bbc6-dd05bab75d97,0,26100
d5431b84-9bf2-4758-badc-569e71ee1f9a,0,21702
de5105c4-cd8f-4e63-9a4e-7531b3f3c939,0,22719
bfaf4b4c-9f74-4411-8b48-207ecdc5546b,0,19336
db90a12d-375f-47c5-95be-681f39fff74a,0,22415
c9e3428e-c3e9-41a2-86c4-f7f489c7d40c,0,20425
da9b4d92-3ec2-4d32-b382-58af8873a1cb,0,22307
850b9f56-6ae3-49bb-9cca-fb6cfe333b3f,0,12586
6c72a2a3-d56b-4dfc-9968-675d72d86836,0,9801
d7782dea-1200-41a6-9281-c5daf932b652,0,21968
40e6f86a-3b32-44d8-962b-4302683e123c,0,4735
df7d2eeb-7bca-4501-b435-13ae3bd80a50,0,22854
9e1f1160-8d17-47a9-9d39-9524496f8c48,0,15401
4dead6d7-4f3a-4ac4-9ca6-772104bd4d23,0,6212
4373ace5-2e1b-4e0e-b221-8370a4a48768,0,5019
c5e3881b-9b54-453a-8761-4c2f88978616,0,19962
5951d644-7d41-4dd0-8166-0b4a27745cf3,0,7536
063fed6c-4ecd-4a74-8f0d-c7a906a3afa4,1,345
03682e3c-d601-4e35-9ba5-06e85bba5c7c,0,165
b70fe4cd-9d95-484b-9c83-72a9a912231b,0,18309
f22ab940-5bd1-48eb-b62d-9d698f09ecb8,0,25075
9e58a954-94fe-47bb-91d6-772163873124,0,15423
5416b34b-b77a-4529-ba4a-4e7243471835,0,6933
efaf5da6-2c86-42e2-a411-eb7f0388f5d0,0,24786
909719b9-a1af-41a2-8ce3-bb99200a5cb0,1,13891
3d643bc7-85ea-4684-88f6-4e2ee36ff46d,1,4337
aa84a0d3-5d4c-426e-8ff6-2616ae13363a,0,16873
740824df-92ff-4b09-a8be-dfd3eff172a7,0,10688
42128d1b-b90e-4dc4-9587-a032fab6a58f,0,4877
3170c2b4-aa5a-4e6f-bf27-39ee0a2a416c,1,2910
cec94a19-38c3-4848-819f-7899f0dcdeff,0,20993
f87a8977-f5a8-4f0f-9502-0abe1bbd04ef,0,25779
9461a656-28f2-418e-bdfa-a5e336f907df,0,14301
47167140-49c9-4f83-b630-f0fe4f53a935,0,5441
bdec4043-8799-4964-88ab-8b13659f6742,0,19125
b697ecb0-3185-4ea6-a460-c5357b452e7a,1,18261
02363fdb-4cd0-4631-b3d8-7a10fddffa28,1,122
7bc47a67-f93a-4f3b-82dc-0131ca37d205,0,11567
3c51d6fa-6fb9-41b9-b723-25121b75c306,1,4206
cb685e37-078e-4752-a285-e05c51c67ee4,0,20597
f90f1f2f-7ae1-4260-8774-fed4be51bc9e,0,25840
e1297bf9-390d-4d7e-b902-4b02005a0d4f,1,23056
96db28af-42ce-4b34-9ac4-e33cfa7a1706,0,14575
c3684247-6b04-4a3f-9d76-be367107295f,0,19636
e4c86dea-bead-4ce3-a23b-7badd00d95b1,0,23473
abc7cc15-0123-4640-a14f-aba7c6451520,0,17010
a7e875c8-2f8e-4eb1-bb43-5a5f7d206ba9,1,16576
33eed7ed-1ee6-45d6-b5fe-a1cb92196847,0,3201
d0024302-d967-49d3-9b91-2d6947c4fc1d,0,21128
7fd7ff85-31a2-4ff6-865e-610b81265b37,0,12046
eaa3d7ef-603e-4e17-bd9f-f466de942f29,0,24179
00322d4d-1c29-4943-afc9-b6754be640eb,0,14
3550d703-f5ef-455f-bba2-76dbe8b954da,0,3364
71ecae41-9818-4f71-a2c6-9e237efca012,0,10452
934548ab-edf4-4606-a0c8-2a787b222aae,0,14172
4e60231e-3d1b-40b5-bbeb-d8b136cbad6c,0,6271
ab65a8e6-f03e-4e93-b049-e02cce3e973f,0,16970
8c9b675c-aa0c-45c7-9540-f022a78466a8,0,13431
8a38f81b-8ab1-4ea6-906c-5d803833ffdb,0,13154
8b7729cf-8961-452c-8b03-926516ac5c90,1,13304
c48497e9-8a9a-4af3-92bc-cb4bbfa5f19a,0,19778
4566ef68-f103-40b7-bbd2-f5e620191c0d,0,5240
b52ab92c-9e5a-4db9-98f9-5334f2e409a7,0,18102
3d9fe022-f01e-4685-893c-6f6f6eac2fa1,0,4358
32d840e8-6bee-4e0b-b942-f18304166ca9,1,3080
ddcd7ff7-bd2f-4b84-93e8-4d389f34e2f9,0,22659
af111247-46cb-4cf0-a65f-cce25bdc0e2a,0,17400
f581273f-c436-4c7f-8a6b-5c973b749e58,0,25453
e013ecb3-5731-4e14-8fda-3a476d1a02c1,0,22921
fd4114a6-c100-40e7-968c-ecc8dcfdbcf8,0,26346
6160ea7b-2653-4a89-be6a-02cfbcc651f3,0,8443
bf294753-f056-49b4-9aab-a486265a98bb,1,19274
fffcff11-d018-4414-971a-a7cefa327795,0,26682
dac89109-37cf-4959-b49e-19861fae19a4,0,22331
dc40caf5-2e50-4a2a-80b2-7f1561caf411,0,22500
7812e0b0-c149-4bd3-a957-a78848024780,0,11138
386334b4-06db-4a66-a7f1-9d0a6d9f2cdb,1,3725
bc84827e-f1af-43c8-a787-961139eb9940,1,18956
32c3e235-1885-4aad-b4ad-2ef8583fbb78,1,3071
3574c226-b39c-48d4-ab38-362c4e52ee82,1,3387
1574002d-50dc-4515-ad32-310e465592f8,0,1467
7f70dbbb-f79d-4614-af60-98a8b298fdb6,0,11994
e3cd4296-8b0d-4dda-af6a-d19fd7784c90,0,23364
e6955379-383b-4931-9e00-c5e9453a3616,0,23716
abe23a5c-46e0-4320-86d4-3655779e8559,0,17026
6c481cad-cd2f-4688-aa41-da745b5540e1,0,9778
4dbc6799-0777-4982-b20d-094b070218c2,0,6188
acacd8c0-68d9-4ff7-ae58-80021e4e08de,1,17120
ea22a725-cd82-43de-8185-a35285f7555b,0,24112
e3000385-7818-4730-98da-8285b6eeac72,0,23269
fa171602-fde0-4256-8b12-8d50dba408b9,0,25975
55d4013d-62ec-43f1-a1dd-f8aaafe63efb,0,7132
1b2aefc5-a9dd-4f84-a314-3acec56df761,1,2003
d994ee3e-7228-4375-b566-c842dc3c0d45,0,22199
ef5e20e2-5a3c-4201-8541-7fa1f0d6b65c,0,24747
629e7870-ff09-4de8-b5d2-1c36baf22ad9,0,8584
9d4340fd-9d0a-417b-83bb-3d132f3f9f96,0,15309
9deec23f-8bc9-4957-8b3e-be5c7abf2e87,0,15381
b94ef581-b098-4fa2-909f-96f22d6fd446,0,18556
8acabbc7-d6d0-4f74-ae5e-a5a01fcb4c6c,0,13215
bdab9178-1161-44cb-a754-07107092b61a,0,19101
68afbac1-86dc-4ff1-be69-f936a9dfe342,0,9314
d3a2879b-bca0-4b60-89f7-37defbf1b092,0,21526
dab4352c-affc-423a-b943-b42e0291117a,0,22322
7b43d32e-133e-46f6-8698-6767d0b48d5e,0,11503
7fa5c832-11ce-4342-9ea2-1806fb0988aa,0,12029
a41249dd-3195-4d4d-bcaa-7ea2178e2d68,1,16104
fc246d66-ec6a-4aec-9477-c0366d1c1b09,0,26222
823af3dc-e88f-4c6f-8590-ed623d1306da,0,12308
07dc2fb6-61f3-4d89-aa58-2780fb5f29f2,0,532
2fc6c353-a51d-4eb7-ae51-d971f12a38d9,1,2816
a2ffc052-7922-4c17-8943-bf011cbb6be3,0,15977
33596fbb-e758-4e0b-83ec-3b8b7faeae6c,0,3130
900c9d52-e475-425e-9188-cfd15028c26f,0,13828
90851418-d975-4858-9396-2a03b31ab76c,0,13884
9fa98c4a-50fb-46e2-bbc9-67e9c177a088,0,15593
8f803ad2-923d-4cd8-8a43-345714ce413a,0,13771
601383f6-7a06-46c1-ae17-cc09b61a8c5f,0,8295
82475321-76c4-44da-8799-38399abe8037,0,12312
7d4e9bfa-97fc-4412-9fd6-d3bedb26340d,0,11746
510e5114-b9fd-496b-bf21-2d679ca3a0c6,0,6598
014b7b58-f641-4477-8bbc-ae6f337745d6,0,57
3642d117-1150-46a2-9e21-1cc388f1db2f,1,3470
75a7036c-3e9b-4819-ba0c-e8594eb80af5,0,10877
7f822f92-f1e5-437d-a2ae-226042e22721,0,12007
42122fc5-12ce-4840-ae13-5f70fffdc6e5,0,4876
e574ed60-29a0-4557-9ff4-59cefb52207a,0,23574
ad95ae75-d5e0-456b-a375-43efc5c21ee1,1,17231
cefe76c1-d7c8-4f95-830e-6491791f208e,0,21017
33ab4fe9-ce46-41c0-9074-c7ef83765af7,1,3165
fe7c2f5b-2ca9-4773-9a30-611108c59bc5,0,26487
f2ac8239-1afa-4024-877b-2b8167066232,0,25141
b2f114bd-c0cf-4c98-a929-ac5add3103b7,0,17845
8b7e354c-b6b4-4abd-be33-d09ee32e1458,0,13307
38158e52-8b85-4a90-b09b-92cb9ebaf70b,0,3682
fd579d75-8819-498e-8b87-113557c9c9d5,0,26361
5b45ba37-72c5-4b45-aea5-458978cd9b39,0,7737
0bd68d89-6a56-4b5e-b2f5-1be2d3665f97,1,959
32cb4127-e504-417f-a30d-e072601d86cb,0,3075
93caa1a4-e457-4ac5-b1e3-c1b7cdfdac50,0,14242
8b869cb7-6ca0-454c-a9c2-cda67d8762f0,0,13312
09c0e0e5-e269-4d0c-89ea-59d1a77e2097,0,736
0b8c48a7-3158-4df1-b484-b6f677ff9612,0,922
e9390be0-f3e1-4cd9-a3b9-72a80884caf1,1,24010
d0e2c444-b8a0-4bad-a77f-6ca32cce0b10,0,21226
c8ec3767-eb38-4204-90ac-9c1060aba938,0,20314
b1545c30-6521-42a9-9d74-66144ec64ae8,0,17656
3dc396fd-061b-4fbf-9cf0-19568f74e737,0,4371
0c0181c0-c009-4387-b087-d314a4ffcba2,0,981
500a067e-6a9f-486e-8ae6-41a079aaa239,0,6478
afe0f263-112f-4a63-9069-7143ab15e71c,0,17478
70923e9a-cabe-4d97-bfd5-542f5a78bb01,0,10277
ec525238-c296-4a6d-a351-ce760c7111d9,1,24390
fbbe6a9f-8940-4d3d-9fff-2f94998cad65,0,26172
0b494528-53d2-42f5-b9d9-8965b551db52,0,886
e28ed2f3-6562-4464-aa3a-5958339ea040,0,23214
84b210e0-f18c-4d66-936f-b93a6c861e81,0,12557
e3e70d50-298d-4aa6-b191-3346131325cd,0,23375
345e85a4-6f43-422c-b472-61e36c37faa2,1,3248
7897d5d2-f56c-4fc0-a036-f9b6f69933f8,0,11200
a33882f0-bccb-4c22-8104-deae4a3b3b4c,1,16003
3fc3e7fb-1fff-4ad0-9900-8874ada57d05,1,4593
6e0d9ed7-09d6-4089-b214-2f6c0f45913b,0,9994
da2199a1-8bc8-4d2b-9b7d-baebe75c0f0d,0,22266
3e5b62ec-4b34-4f62-bb84-7b67421cb37c,0,4437
ea6c9011-6973-44be-9788-6b62609f63cb,0,24158
0ad17cb4-c693-4ac1-9bfb-8e7660c265a2,0,836
9a413336-413e-4fe3-a11d-4bc2114260ac,0,14998
db636411-60a9-48b4-aa4c-a18e3a2445ee,0,22392
714c666b-bbdf-4cc6-bc9a-ee5566814c8a,0,10368
4126caff-aaa9-48c1-8873-94b05cc5aa1d,1,4761
e5f10650-f97d-4671-9954-7a579b593ea9,0,23631
b3cbe758-859f-4ace-8968-4953ca48dfc7,1,17933
bc27110a-a1ca-4722-9c7f-0bcd7e0b0961,0,18902
b09b696a-55fb-4225-a856-82a4db44d6a1,0,17579
f770d37d-4f5c-4b0f-afdf-ffb9198a603d,0,25662
6367e27d-7360-41ad-9410-242939c0f29b,0,8681
363a77dc-eb92-45ec-9872-aaf32a4bc920,1,3468
819825bd-1bb0-4eef-9299-e2ae28531c2f,1,12233
eb168d38-e24e-46ab-a20c-0b929a612355,0,24233
d636486a-ef0b-440c-8a1a-90345ee01db3,0,21809
cd8de9ad-7056-4e16-9e82-01f2f7d34f57,0,20862
b47a751f-a3d5-4c63-a738-ca2b7761c58a,1,18027
e047d647-ba4a-40cf-a44e-41b4a3982945,0,22955
19f688c5-33bc-4fa3-ae34-7cf1fbd06eb5,1,1957
2456d8c4-83a0-44cb-a947-7d6aa7df6fd5,0,2349
cc99e584-342e-492c-b4f0-1367ee3c0991,0,20740
0725cf2e-03d2-4e38-90e1-a9a85da37276,0,444
710bf650-e8ea-40bf-9962-5c25257e51d9,0,10334
d71cf4ee-6343-4781-9638-d27a70caae1b,0,21927
4d64af6e-6810-4ca7-9b78-c8868a6ba248,1,6152
c9508c43-8f00-472f-ba57-c5a249d6cf59,0,20355
9d244e11-444b-4add-84b5-52e277742ca6,0,15297
bd4dffe6-898d-4d23-b5a1-8efd7d2d5a19,0,19055
3f5b6322-d585-446b-bd58-302af95f771e,0,4552
bb6cbc52-ec52-4086-80d4-976d78842d77,0,18830
f93b6a95-294a-4daa-8dbd-bdad1ac5e631,0,25861
7bb922b4-5e41-483d-bde3-6ae4fdfc5ab8,0,11556
de4b8b65-c08e-4a3e-b6b9-c97897098baf,0,22718
8e97558c-5b68-4738-97da-914acc1ef509,0,13660
c02e993c-7642-4d8a-aace-988c416ec09a,1,19381
edfab0d2-53e7-4124-846b-ab531dd2ce80,1,24592
ff65ded6-dcb8-4e16-a3d2-50b5393bcfa7,0,26607
0c860336-135a-4eed-9269-105f65dc9a4d,0,1045
b91cfa19-392f-4de9-9b0d-c59e3d8e47ca,0,18537
fc66e937-7626-4dba-b8bb-a1d8d0ed8188,0,26250
5e9a4de3-dc31-4395-a1fa-4f5209023cbf,0,8115
68f63380-e0f5-4797-bc2c-0aed51888125,0,9336
6b08de96-be8d-4b95-9714-229d7a4f5a88,0,9620
369fef8a-d290-4b0f-a4cf-02b2690bb9b0,0,3513
a8838c08-0f37-4672-9bd2-62e084606a66,0,16640
98b52fd3-0c75-4302-b759-c731b7ca938c,0,14783
7a8d5297-913a-4306-8e8e-3b8f413bf3d4,0,11428
17581b7e-a0a3-463c-bfbe-8a435811bab3,0,1684
e1a2fa74-c4a7-40b9-b736-ae393f558e45,0,23115
6cf84d5d-3048-4f72-a0a3-efe474f9a22d,0,9866
ef180fa1-e605-49a5-8ebf-4ec330096488,0,24712
2f200e3f-8e4c-4675-948c-8226cd65163a,1,2789
4ea84608-4977-4fca-9d5f-3434a309f774,0,6300
0d9b1283-fc24-4fd3-a520-bc5d563e13e1,1,1110
6542c163-7ccb-406f-8278-b27ca52ef90f,0,8908
89af4d95-4a0d-4fb3-a4e1-75d470fd3cbd,0,13088
c39c065c-40fb-4920-9f9a-36ccbb212c0d,1,19665
46932ad7-92fa-4a2a-a2e9-251e67854f2e,0,5370
c720d329-5d27-4900-a028-60ee274c4a78,0,20089
7092a623-6d2d-4ecb-abed-be46296c4d7e,1,10278
417250c8-7d43-4b73-bc68-e792d57b7216,0,4801
35609af8-6f52-4e48-9de7-e6920b24885e,0,3370
c2d5032a-d589-4c4f-a071-74f3899b3968,0,19579
a03313d9-fc3b-47a5-9d59-e74514593dab,0,15653
38f2df56-b804-4c70-811e-b01f1aac0216,1,3803
c1e3eb82-c55a-471f-a57f-fe1a823469da,0,19459
e7372a72-f654-468e-897c-b02668d484f9,0,23790
08dd362a-d27b-47bd-a763-5e07f49f4584,0,632
c236d6e2-1fca-40c5-a0fe-a91ff60883c9,1,19497
3f8122e4-246b-4a06-bca6-60368ebc660f,0,4568
eb2c1c14-a3c7-4fd5-876e-1f8af72ceadd,0,24247
a6ea817b-0493-419b-a3d9-02d6a33f37a7,0,16457
08af877f-f833-4d4f-b64c-24e014d63311,1,617
6d8f5728-5f3e-4c19-a951-c87a6d957adb,0,9930
ccfd476e-b3b6-4fda-83a4-ca66790a1334,0,20789
6cb10b66-69aa-4bd9-9001-20f8355f818d,0,9836
e9693914-26b7-4b3b-ae63-e55494ec4b5f,0,24025
cc3a4a05-cbc6-45fb-a5df-6b0675c6836d,0,20697
ba185597-bb80-4b69-938e-4bff4b87d366,1,18659
93fa8cf3-124a-4d7e-a06d-a0d836831e0a,0,14264
7106dad7-902b-4707-994e-f13826548929,0,10330
25518fc2-dbc0-4c43-858c-e5a3b8e6c892,0,2387
5a09e3da-1f9d-4cda-84e9-d8bd5818daf9,0,7611
45fbaca3-7b67-4e9a-bc9b-a960abc26e1a,0,5308
9a1717e6-ad2b-4131-b00a-f3f453eb8b6c,0,14975
e83277b2-4bff-4a74-a53b-87b09601b7c5,0,23903
44f10d11-3736-4b77-8212-7fee444f0fc8,0,5188
a27a0fd2-7256-496a-a67d-4dc795c68cb7,0,15910
6e6c01ff-6fcd-4753-bec3-71116c3ecfdb,0,10038
14f29678-d258-4cef-bd42-352070353966,0,1428
f37885af-d611-402f-a662-7e9d6deb5bbb,0,25229
e6dca9e9-e495-4f6c-adc1-a24edfa5dcd8,0,23748
03f075e3-c8e8-4401-882e-645ad489926f,0,197
7494b723-ecdd-4aa6-8e80-833e43943d7b,0,10756
0ae6a60a-7657-4fa4-8f64-2aa088c4cd7c,0,844
484902b5-1206-4588-b1e3-696fea217b35,0,5582
6d05e276-4fa2-4959-b2ec-b471c3af2d5b,0,9873
6d5d18aa-9418-42fc-b2bf-80bb4dec0291,0,9911
b7ee4ef9-cc0d-46e5-aed9-4dd961989f49,0,18409
e6ff7db5-b9d9-4401-88b3-a24d497b760b,0,23767
6b203978-2068-4a99-96e5-6417859f2b08,0,9632
4880bbc2-8849-46b2-9a94-339ade77668a,0,5606
59fe506f-d41b-4231-ac3c-41eeb98199cf,0,7602
069554dc-f5b0-4947-be4c-873dd6360b5a,0,373
22e76fb4-c74e-4cc3-820a-832a4467dac6,1,2283
e3ba02e5-1912-4517-b468-7db374cbb8bb,0,23354
d428e8bf-6ef9-49dd-9cb5-d9b11fc6e56e,0,21574
40a62ccf-a9ec-46a2-a349-f72e4f8d4488,0,4705
1c807df9-7cf0-4f02-bb16-7ad88384ef2e,1,2063
35c0dbf0-11f1-4f62-b5ed-ef58ea4d6c04,0,3421
15ea3d73-122d-4273-83e0-01f62d801ca7,1,1530
35d0aad3-1463-4a9b-b411-f552a10db72b,0,3429
7c7e5e3e-6ce8-4789-a17d-d9c333cb1df8,0,11653
42ec6e0f-5c03-4bf4-8719-debae069bade,0,4965
0a48e8eb-2c55-46ac-82b0-9bea6c5b7872,0,786
4461fe8f-936b-429a-828c-1c5dcaff6984,0,5107
7f7d1b89-90d4-404e-bcc2-9c0dd6cd9072,0,12002
699e4f22-4860-407b-a380-61ed56827fa5,0,9434
b4da9839-8720-4068-925f-1f7f2234604a,0,18064
414f23c1-9c21-41e1-a52c-8033420afc91,0,4782
b6842ff1-c65d-4d13-af2e-57b005c9d389,0,18251
d6024c37-aed4-4195-84ec-ebd718d4ff01,0,21785
dd7bc1c9-d71c-4bde-9f20-12abdcc33283,0,22624
56bea3ed-36f7-44ff-bcbd-d6bef00a1c9f,0,7243
9a947d6c-0564-4daf-9a54-ef3a3d5a0df3,0,15034
88b1c846-be22-4ef2-84eb-52f20a37dab3,0,12981
e53279c9-a466-4e8c-9299-b42e2b4d0ad8,0,23532
c23938ed-c7b5-4c60-8028-efefd5e67315,0,19499
ef7badd9-6de6-436c-ac89-d77e4cced196,0,24761
e432b7bd-aab3-48f1-b186-b859cd01c60b,0,23404
f5450bad-6d77-476a-be6d-f574d4617127,0,25420
a2521980-a2a3-45eb-a592-15cd62c9ce75,0,15895
2feb2bad-6b36-4067-87f1-54d39235e3c5,1,2821
577dc65c-4ec2-4aaf-acaa-d1bd30b083db,0,7320
eaeb935a-7294-4dd3-8bf5-73ba781d28af,0,24213
6b7e80f9-5942-4227-a88d-bc97820711af,0,9682
3f2c6378-2869-4f4f-86a8-c83cc15d8580,1,4530
0c248828-72e2-43cf-8622-b5775c421fb1,1,1003
6b36b729-a050-42b7-afdf-47aefddd81c1,0,9646
18372cc7-ef38-48c2-83c7-6b9e17ac5797,0,1796
0f87bb25-447f-4c72-b91c-f85824435051,0,1210
86401948-d976-41b5-965a-120a8cc3899a,1,12711
065b79b6-9a76-4b92-9417-de09b3d97cd5,0,354
c658d5f4-1e04-496d-b231-80588b0b092f,0,20018
ea934f35-5c3c-4d50-8bb7-d0ad15d48a37,0,24171
16d84b55-672c-431b-932e-a2d790ed591a,0,1631
a715e748-ddc3-476d-8650-d8173b5bb897,0,16474
2beb8746-4e01-499d-ad6a-e29e7b30ddf6,0,2653
52bde5db-7f54-45d4-aaed-5da0752cee60,0,6773
38bcec1b-934b-4122-85b7-03eb838288ca,0,3773
6fd45bf7-e07a-445e-b853-f871d9281630,1,10199
6635be9a-ebe6-4c2c-953d-2ef1f8d65df1,0,9021
40a9013d-45ab-4bb8-9ac1-639423934199,0,4707
f750621a-0f9d-4dea-941d-a2c52a8aba72,0,25650
b17151b8-561e-48c2-851d-5b41df2668e5,0,17678
9e908660-687d-4c75-9b1a-d18400f52ea2,0,15450
7c622f41-c326-4138-8305-8b5d51f456e4,0,11641
7d9e7d82-aed5-4fa3-878b-8073834a7277,0,11776
78e4c1ad-8adf-4620-acac-7675c7da1ee8,0,11245
c4d192b9-64a4-455c-94fc-64a874ea451c,0,19825
d4e000af-5843-4f76-90b3-0b387d860142,0,21666
9f586862-a0d0-4980-ac2e-7a82c9d4c30b,1,15550
637d6326-e32f-48c0-82c9-aa1defe176a2,0,8693
3d340335-7343-4c65-b23e-4ff5abea13a0,1,4312
ef7c0927-0502-4561-8c53-389edf299a03,0,24762
0a74badc-f221-4017-96a6-055ee057b57d,0,803
08e31c62-d3bb-4f18-8e78-78e276494ba3,0,635
a60ea99b-fcba-4bf6-9ffe-c5f700e50792,1,16347
8b82e8d6-d69f-40b0-8ff1-0ab4a2e85bc7,0,13309
5d8dbcf9-0d68-4aec-8638-b0a9f45d71d6,1,8000
54c40643-1f30-49e0-ac48-2093df81d968,0,7019
5f60e810-6c24-4c0f-b768-ed371e544a10,1,8208
958f4388-559f-482c-9b7f-33eb9d64ea61,0,14430
41bd41d3-1331-4945-aa6c-4352ea3ed626,0,4843
3c2f796b-7183-40da-9bd1-4a6f81dbd1e5,0,4188
1d542f61-b3df-439b-bdbd-c8b38eb8454f,0,2097
f6c2c26b-7d88-4709-a874-e85c65358c3f,1,25596
c52238be-8bf4-42d2-98d1-361fe0447b14,0,19860
78440075-3cf6-4504-8c4d-e4987839a192,0,11156
4dac5e8e-a897-4ead-b6c8-78e65dafad3f,0,6181
589b6a07-9b6d-4945-aa24-658ad0221d60,0,7453
6dfdf6eb-a00d-427d-914b-281b4ef39dd3,0,9985
1780225b-dcb2-4f59-ab9b-d85c91a4ace8,0,1699
657b1ec2-8f10-4070-bfde-db020bbdb2fe,0,8935
8448316b-3072-4d30-a9d1-cf0b32473fb0,0,12524
392effc2-fa31-44b5-ae75-8503cdb81837,0,3834
3f9cbb35-7549-47f6-838d-c079cb86bb42,0,4572
c8cfffb1-c177-432d-b1c6-ff554b0f7658,0,20298
01c0b605-0a82-401b-9649-81252304ac45,0,81
62efcd0b-fabd-4057-8ebf-4ea4c960ba1a,0,8619
956dfc4e-a4b7-47b9-ae27-199b3e2fb864,0,14413
f98182cc-5969-4b1e-9905-2615b2de36c5,0,25899
642da3d2-2da6-4973-9406-9d88c0f2f2c2,0,8765
7781ae62-9313-42e2-9d82-9fa82b054195,0,11083
d09cd5c9-7f1a-42e4-aa26-aa7cedac3f62,0,21192
f521abd5-47f2-4360-91f7-dd6d8bf2c8d0,0,25403
e7e77f9d-5f86-4e86-b943-015b4a85ef67,0,23867
df2f801a-f8db-45b0-94a0-5e82ff2f3646,0,22824
8952992e-71c1-4ccd-96a8-2f439a57da5e,0,13045
81d9ec7b-fa93-47d4-bd0a-5b7f4c7d8db7,0,12269
ff7a9337-c12a-45a9-ab7f-3d7ea08e1162,0,26617
944d1326-6304-4b1c-b52b-a17df7fef124,0,14289
ca822d74-4d24-43d4-8082-370b66e39f14,0,20497
65634398-84ef-4ccc-b958-702862c4d4fd,0,8926
72f5ea03-e82b-4062-8e3e-32bdd8d3229c,1,10565
43592a6a-8325-4b01-8651-1cbf2257923d,0,5004
a2ec10cb-1516-4a3c-8b78-d7a355de1837,0,15963
dd9da177-d95b-47b9-8824-0152a07b47ea,0,22641
5717252c-482a-4279-9456-535d39f333d0,0,7278
8be6c294-7297-4b1c-947d-11816b0ad1e4,0,13352
70c1019f-e519-4bc3-9769-1344e65e3b38,1,10295
10f8e8da-3c33-4c68-8c10-bba18360b166,0,1277
5b72c6d2-e7eb-44a6-b625-78d2ec0008f2,1,7756
ccfe6591-558d-442a-8b8c-af6967cc099d,0,20791
0ea2d36a-4ab7-4b82-b446-8be5c4089df6,0,1161
5772e6c1-1117-448f-bf55-e57599fedcde,0,7313
e77a7c87-8989-4dcc-8dc4-2e7cc98a5cc5,0,23818
931dc0ce-081b-46ea-b9d7-0e72889e73ea,0,14153
b01c0d6b-11ad-463d-85bc-f4e4f1dfbc8a,1,17512
76cd7cfe-f17e-43b2-96b7-3ab1e1250f5c,0,11001
6404bc57-dd68-4931-836b-8246d1e6cf14,0,8746
1a007e73-2048-4948-a4c0-ef745246bc76,1,1958
35ab0be2-1772-4ef7-b8f9-45e5e371ac11,1,3411
f11abf44-b267-458c-ae67-e1167124f5e3,1,24936
eb063533-8cc2-49d9-bf1f-0aa07b26dfd2,0,24226
a2ad563b-6e82-4724-9016-e4033be97e4a,0,15935
6cdd079b-2995-47a2-b440-8d89b141afc0,0,9853
5cb09dd2-2485-4bbb-af1b-10d8df848687,0,7896
60d42b93-cacf-43df-813c-5e1034312e7f,0,8381
b51c3c24-f9aa-4039-9fc1-527a5567dff6,1,18092
619b2035-d95c-420d-8722-caec8512902a,0,8466
78b1aa25-d59c-40ec-b3e8-70bb4da045a6,0,11212
df90e020-b740-4732-802c-22c3e7252e69,0,22864
83126b29-c67f-4296-bf41-882b297c7cac,0,12387
1875e3ae-e7d2-41af-8305-61f7384cb19f,1,1822
ad5ee674-ba0c-4cbb-a21c-7b79b7301111,0,17199
83eb118a-7a4d-4624-afb0-48f6358fd586,0,12491
095aecad-1618-4b23-b7b9-342c25c4666b,0,687
58358318-9163-40fd-a05c-e883e0e7d815,0,7405
3f8e8216-fd48-4f9e-909a-bd0cd15b752b,0,4570
8c6d10af-ba51-4f65-8b0c-83017eb324ea,0,13408
6bb76d7d-19b0-4f43-b5e8-7b050118a72a,0,9701
183bce98-efb3-43ff-9879-fbefaa4f17ea,0,1798
95c36604-3772-4682-a875-93bf58e96727,0,14454
4b6cf439-a0a3-485f-8de9-950ee632cbca,0,5937
911a46a2-4371-4012-9f0c-c3b2b323c4fd,1,13940
4956c94e-ac73-49a1-ac87-f0092e7394d6,1,5694
ac1f192d-7a24-44c3-9175-819291bd4db9,1,17049
88fc0fd8-9814-48d1-b6f7-830ea7957183,0,13010
569e6728-9748-4db4-be57-9e5278c3cc71,0,7220
a5194c02-0772-4af3-bf54-73865383e620,1,16236
22c1b139-cb5e-41cd-83fd-7e06d6f4038e,1,2278
cdaa07d4-4234-4cd2-b9bf-abbf5aed1bb4,0,20872
1352a7f3-1f0d-4f1f-af05-daa5d7f8624a,1,1368
553852a3-72a9-460c-84f0-78ecd84bbfff,0,7058
3c9b55d0-d7a4-4ece-99e0-3393bf619e70,1,4244
ff0ae1db-fe69-424e-8851-27216b79ed4c,0,26556
70f79c35-d01f-4a9c-9fe1-87133892682a,0,10322
34591201-fa13-4dfc-809f-bb3cb8ca7665,1,3242
79ae041d-6f41-47b0-b82e-02e78f7896c0,0,11333
b9cd9ce8-2450-44bc-8e83-9cab6b7b35ef,1,18620
412dc6c0-afdb-462b-8960-469360bc4564,0,4763
b5a6e376-eb68-485a-a08d-a4cca17cbf9c,1,18162
4082a2f5-6f9a-4dd7-b7da-03de99f68bff,0,4689
3fbd4620-cd61-4c5d-a067-aa8025df7430,1,4586
a7c39046-12db-4454-a2d8-c9c624992b5d,0,16564
99e65aee-18ad-4ee7-aecc-64f4decdf3d9,0,14951
35926045-c5ed-4db4-9f3d-2e77bda01d14,1,3397
8b1ab06f-9e86-4fbd-b34b-2a83bd811ab9,0,13259
4923a208-0341-4b6f-b355-3c537a3fd7d1,0,5671
8f4f0c03-bccd-420b-965f-c58d21690b12,0,13752
8390a996-c93b-4f57-84eb-89e21f580147,0,12446
0817d40c-ca56-43f4-acd0-349e5e2fdc9f,0,553
6535af98-4b8c-46bd-8ed2-3afb6c811466,0,8903
e37fd2df-ca9d-481e-bb73-6a85eca02ea3,0,23326
0c5d4987-8535-43da-9236-481f372dbf36,0,1030
09afc58a-053c-420e-b379-e331aec15a7f,1,729
3fa88194-1c6d-47fc-bada-33164240735f,0,4577
800969a5-1ba8-4909-94e0-66a997fc6fcb,0,12072
126de93a-1209-428c-aa3d-790991cd14e5,0,1331
d184ed19-d81a-4168-9e45-21e1332390be,1,21303
38bc3079-03e2-49fc-b73f-bb0236c3a676,0,3772
c44c6b39-ad2c-4b37-bd08-4b3ab81166a8,0,19760
aeca7c41-8768-4f70-8bc7-5427c4718782,0,17362
8d465467-46da-4d69-b364-f9ee71789607,0,13505
02cfa7d1-61e0-4d9e-8664-9a7469ccab76,1,144
610ea636-e9df-4a9b-a396-867c06d10cb1,1,8408
35677465-3a7b-4356-b4f1-36136cd7186b,1,3376
a28266ba-94b1-4789-88e7-e7a1c4bc6d0d,1,15915
d1c9fdef-cc83-40d0-9ae3-b5b072ff8012,0,21327
3f781ca6-d1cc-4575-b4de-055f562ad88f,0,4560
ae01a62f-cbca-4f9d-bf40-2962929e5e0e,1,17267
2e776901-d47c-4d8e-9b8c-04587230ef92,0,2754
d930e2c7-d19e-4bb3-8d6b-87fb14530443,0,22147
8361600c-fe3d-4d7c-9f1b-1cb043713c0a,0,12431
efc7bbac-8adb-4422-9249-282df5ccb6c9,0,24791
aef87dc2-a097-4683-9fb1-d1af6838a16a,1,17387
b776a863-b1da-4a7e-b688-b9a6ce6c3e75,1,18362
34fbff70-fa6e-4709-ab07-17f739fce394,1,3325
9785f111-2f91-4137-998e-6b2e516bc97d,1,14649
56a10b62-f721-4bbe-805f-3a90af981515,0,7221
a38da508-e84e-4ba5-9977-1558133d8ea8,0,16039
ed386e07-da6b-479a-b0db-a1a40f9bd068,0,24514
b461f0a1-e81c-467e-81f0-1af5a42ef9cb,0,18014
b2ea9c20-0653-4f5b-91ae-d91d7ff91339,1,17841
f94ed461-a19b-48df-a5f2-261b944ba1e9,0,25872
0bf44996-58da-4a12-8be1-da5c9b009975,1,975
b3ca76ce-6f5e-466d-95ca-e7402f7c838b,0,17930
0918aae8-b873-4510-b975-c6e87df90f58,1,659
cb3816db-93c9-4d0a-a163-eb40363c45fe,1,20579
f5b67371-5425-4409-9065-3ab3f48afbfb,0,25482
f10aaa2a-994f-49e8-a195-6c6473ece2ee,0,24930
a18539dc-1902-4410-83c9-7614b9e355a9,0,15816
f205733b-e90d-432e-a318-186294f2a9a3,0,25059
a828d5f4-6b94-44ff-a5c1-77bac3c92685,0,16597
ab79277e-58bf-4eab-86d8-e8ee65b8f2c8,0,16982
c3fcd182-2988-4a51-bdb8-8096300f89b8,0,19716
7e249711-25e7-45a1-aebe-2c22c47abf78,0,11831
98834026-d9fe-4aed-89d6-f175dacdd81a,0,14760
9a3512ea-820e-481e-b0fb-2b4a53dfb43b,0,14993
a4808358-a5f4-4023-a7a4-0c23ee970206,0,16155
d50f9380-dc8e-4edd-9fb8-81bd80c57866,1,21676
a232cfa5-b1de-4178-9de1-d506c8db2f62,1,15883
6b2e1586-e6d6-4df6-89ce-06d8f4698cac,1,9640
91a1fcf4-0f60-4f78-a54d-9ed780eef3a3,0,13997
0d4dfc2a-e868-49b1-87ed-b2308ad0e1b7,0,1099
9827c59c-1bf5-48e1-b433-520f2028fe14,0,14728
41031005-492c-4ffb-a230-28e9bea97dbf,0,4746
6c85088d-fb54-4a14-bed4-1f328274482d,0,9815
8732a404-be54-4ab6-809f-b92b3dde6e63,1,12812
340af340-aa8f-418d-a73b-3c11814cc1c3,1,3213
72831387-4c1f-4398-a638-803ad559e2fd,0,10525
60c0c818-99b8-4297-ba6d-c19f55e6d77a,0,8373
bdfd8e85-cf42-4353-add4-2cb713d87bd5,1,19131
34f16115-b927-44eb-9880-b413b65421fa,1,3320
6981c52a-f3b4-4927-a733-82597d09d2d5,0,9416
91c9be1c-db9d-4d72-8f1f-8669976b65eb,0,14013
bc00e781-40c5-43fc-8eab-ce02aa9cde99,0,18881
3eb94a9c-7597-4c32-8ec4-37d3889fe317,1,4483
bda78d8f-77ca-4806-a095-e0df852f821f,1,19098
2aae181e-a4b7-47f4-ac47-e99001b9008b,1,2604
a99a8bbb-e577-4012-803e-27c3c37ab4a9,0,16778
ba0e4666-cf09-4ba1-a758-f4960ef162c9,1,18648
b309f00c-57a1-4926-ba6d-1ce13a673cf9,1,17853
a5d08f61-a1ee-4eed-a6de-82ba287e662c,0,16319
ce6b3cf0-d5c0-48f7-a7fd-616b58cd11de,0,20953
7469db63-0c15-4e73-b6c4-9df8c2b9dd6c,1,10738
82d4330a-d429-4adc-b0f5-0b2afba4fd2d,0,12367
502c2b00-1c60-44db-a1b7-a3ae9f23d968,0,6497
3bc84e99-82ac-4945-8d31-0bc0cffe91ef,1,4142
817a8977-7598-427a-92f7-57833c22e5fa,0,12221
c4e42d3b-258d-4bfb-b4be-ecf121d08ef9,0,19830
d0fee7f3-1d7e-436f-b294-316c06ab88f4,0,21241
e3fab001-eee9-4edc-b6be-9a60c912e2e5,0,23386
eed03b6a-68ff-4c78-973b-6609fb159c47,0,24682
c18b879f-fd67-4cc1-bb9f-176e44d63a1e,0,19447
5ce13fa8-b9ea-4011-a920-b12cb5d8224d,0,7915
7b419b53-90ab-4d8c-9ff7-bcd9905c7c60,0,11501
576449ae-263c-4519-9094-854e86ca9424,0,7305
96759468-38bf-4bbc-b54e-476eb8aef2b4,0,14530
b0c8314a-a3f5-4d1a-aa52-516c06a757ca,0,17593
4a7c218d-1374-4f0e-9c6a-97599dcfbdc3,0,5827
5eb47a71-a037-4ca2-b9bb-d8db4bb27053,0,8128
33c88ecb-1aee-45d1-ab06-1ecd6eea7ae2,0,3181
a8f1b7d5-0949-4a09-8719-45f3ae1495a5,0,16699
823a9297-1c70-4f5d-8f10-b33205761ca2,0,12307
a3d33192-5887-43f2-8599-57cbcbb72d48,0,16073
f5cb4b26-5821-4b91-90a0-629f4f0cbd2f,1,25495
7e85e30f-0fb5-4c8f-8e03-10459ab7b4eb,0,11881
d3d4bde9-54bc-45fc-9021-1d5a0a834c49,0,21545
0f510183-11b0-4356-b8ae-24ac9e3814c4,1,1194
16939adb-3468-4e45-9b87-0ec9a8b0f2ea,1,1610
6f5ffab1-0aba-4307-9318-860fae535d42,0,10157
ceae50d1-5854-438c-8cb1-0579e376e286,1,20981
770c117a-75c6-4b1e-8ee9-f28a7014adcc,0,11030
ac58847c-9f1a-4248-85a1-58ac5d10781a,0,17084
e22e763f-0b4d-408c-94ca-2d0d740a4bb4,0,23175
f0d89c6a-e677-42d9-8a56-ef6227a771bf,0,24904
b16bcbb6-570b-450b-a9e5-b1e3663205bb,1,17674
bd922118-0adf-46a7-ad0d-ee10fbc7b5be,0,19083
cb02fb32-08e3-4d2c-b81e-75fb77019f78,0,20553
33c80447-e65b-41f8-ad03-523b78048641,1,3180
344b53a8-61bc-491b-bdc4-f63422c192d1,0,3238
bd9537e5-1460-438d-a6f5-7515205231f5,1,19085
f68d03d0-4afd-490f-8132-06e2103b690e,0,25572
da12c340-e233-404f-af44-ec897b6052a1,0,22260
cdd0eb7e-f9e2-427d-adb3-7a208e120c76,0,20888
c166b86a-0542-4e83-827f-4f607f44a547,0,19440
8e8d3c64-c380-4cdf-94f6-e8853424a978,0,13659
6c2fb392-4762-4aa6-9878-ac6fc82ff6a1,0,9770
de0ee373-dd0c-4f75-aa2c-c356d203696e,1,22687
7bc30abf-9799-4f83-9ac1-87486e1a3d4e,0,11566
6ec8cf52-32f7-4995-91d2-07b4d6bd9d1f,1,10075
eef875e3-f6ce-457d-bb4f-7c42bf3cce09,1,24701
53e4b66c-e135-44c5-93eb-66d19b4f798e,0,6910
6e4e3b3c-402a-4254-82b0-f59dc70141ac,0,10023
57b7c911-a726-457c-b588-0a1ffdf0ad5f,0,7351
7191407b-65df-4a48-8cb0-560eac8a025e,0,10408
83a73e2a-2cab-4411-96e0-c7b154eb41d4,0,12456
cee1b9c9-5f37-45b3-b897-6b4306fc5a09,0,21001
eb67aa12-22e7-4c47-b70d-729373418d04,0,24272
7c1d3e58-174d-450f-9f19-caad0cdce430,1,11612
46d4f816-7025-45d3-a04a-659aef134db0,0,5411
3838db1d-2236-4c84-b6bc-2c81606dd34d,1,3702
38395193-8ed1-4d49-9f3e-4d9a2418eaed,1,3703
366de153-5cd0-4a35-b09c-4409fdfa81b9,0,3490
a9ea9ab2-c479-4b8f-8c87-3c9b8a4e88d1,0,16811
b3f75ca9-beaa-4760-bde9-f9ac7c9a8748,1,17954
4023ed72-e242-476f-a00d-186d537f7db6,0,4638
c20d2fc9-39c8-4907-bab8-9acd583be0f3,0,19478
3a711453-b25c-4239-9c8b-080070a8afcc,1,3992
8fefb690-a1b7-4948-98a6-088e5dd8b3da,1,13820
a46a6f15-73a7-44f6-8604-b585539e94b3,0,16142
74815ea3-8dc6-403a-ad91-2f50e0c02a52,0,10748
af652954-95f0-4406-a5bc-aa1e6d19bfe4,1,17429
9ee3b37b-f1e7-4b02-8f8f-a8af4ce3990e,1,15496
a67dee22-6255-4c02-b0d2-d3cc0903c833,0,16395
95e5ccc5-4358-4c8c-823c-eb48c6a9558e,0,14468
4b8c3f3e-19ba-4883-866f-bdc033d40d87,1,5951
d99949a0-341c-44f0-8ea9-290094ca6715,0,22205
b04dd37b-535d-4b76-82f2-ae8a84289619,0,17537
3f5d46e2-0430-450d-ad40-6b905b283b5e,1,4553
ba54e255-4d76-4f33-ab14-cbe9ac42c5a5,1,18687
af48ed68-8d92-4d14-9cc0-f594d1db596d,0,17423
bc376e0b-3c4f-414c-b2e7-1a085e87976a,1,18908
652cf0c2-fed4-407c-8bd7-94d7e8787b35,0,8896
fdbecaf2-b5b3-4e1e-9229-e8b766adc59d,0,26403
79d35ee0-5b92-43ce-ab21-69f8addd7cb1,0,11348
fab48811-4427-4930-a5d0-527c202208aa,0,26053
02c2331d-b3fa-4d55-bf86-f0efbd589c86,0,141
96eb8a3f-3a19-411b-8e77-e1469391e867,0,14576
2490b2de-41fb-41dc-a73d-7e946c86124b,0,2359
738524e2-9e98-43cb-8c56-b480a2a0ae2f,1,10630
4c53a757-190d-40b5-9d98-cacbb547874c,0,6035
6b1c5aa9-639f-46c5-91c9-186952430ee7,1,9630
683a9328-c359-4f83-a337-1173ecf72dc8,0,9271
d4a11137-89d8-4859-90ce-920aeb2ab53b,0,21626
96b48c09-f6d4-463d-a8df-6179f4e53d44,0,14553
c2c3e54f-e498-42dc-a9db-4c0179b2c1ce,0,19564
fabc44c0-d909-4102-adea-187645ba3b5e,0,26058
908d0efc-973e-4880-84e9-fc1b0a892461,1,13890
a3ff8160-0b83-4f41-9880-201c7981a2e5,1,16094
1b5c50df-36c2-4b74-85f0-84925fa63ac1,1,2016
7fb3786c-5045-4a90-981d-c55b53d4d5d3,0,12035
d9757da0-d3ec-4b3c-ad3f-a258b10339ff,0,22178
d3f1adaf-4431-418f-a2a2-682a8c112a6d,0,21555
fd2af0f9-4bfa-4f2a-87c4-4ba774e2fcec,1,26337
1678b850-2b76-4d6c-8f8f-bf1503e2d761,0,1600
175d97a4-f76d-4c1b-a5f3-882575b0a304,0,1688
084db3b9-8b5b-494d-8e81-7b6b98de6287,0,575
3ae783bc-9fd3-4e66-b9cd-101a43f122bd,1,4036
eca100c2-8ef4-4fe0-acf9-56ca986cb760,0,24428
f150f95d-ae2f-4fc9-9207-4a6e26cd21a5,0,24974
2dac040f-71c3-4bd3-8d4f-4320066e2d04,0,2721
ba278d92-c5ff-44f4-b1b8-7d3454df7e54,1,18667
a8d21d6b-c91f-4ed1-97cc-9f5b9f138146,1,16675
43cb7923-308e-494a-bd52-669d816d46df,0,5043
1aa03e26-b635-47f9-bd58-8ed0a8e5fa50,0,1982
b1a36998-390d-45e5-bd85-21c2c33690f3,1,17707
5916277a-cbd3-4bdf-a0cf-56fc667f9bc8,0,7509
39d6260d-397c-46cc-bdac-c8e908a91f6e,1,3908
cfeb791e-5a3d-41ee-a55c-c3886955d027,0,21120
019d950b-dd38-4cf3-a686-527a75728be6,1,67
100fb3d8-99c5-4723-9385-11b236f9aae4,1,1236
c3b0adf1-3768-412f-a3b1-7a7f2a6dc928,1,19678
c957ddf3-2ce6-4022-b747-6e92b5401342,0,20360
af019f8c-2e4e-4568-82a5-d878c7c82823,0,17390
38f85ed5-7251-48e9-8c52-234be2e3f9f9,0,3806
9ddb317f-89c1-4c45-8c04-96fba95a0f89,0,15368
5cf7f474-7d2f-4e7e-acb4-c4d152fdb478,0,7922
af98dfd4-7155-481f-b07e-fbecf6ddc40d,1,17454
f5ca8de7-148f-4136-ba0c-14014c6715ed,0,25494
6a64e1c5-e1ce-4624-8532-a7d0109ca2fa,0,9527
d96e0480-194e-4f3c-85ee-ecf9e38a59cd,0,22171
db67501e-2171-42de-8dcc-8a3373055c9d,1,22395
bb20b32f-809f-494c-926e-ddad4436f5c2,0,18796
cc410edb-e28f-4fad-b7d2-764fc9480007,0,20700
34baaab0-0f22-4556-b860-97e1c18d0583,0,3297
44b62adf-2f05-4c3d-9bde-ec2994668c3f,1,5151
b572006e-3f9e-4608-b27c-1e492ae63734,0,18143
af863aa9-a9a6-46a7-9180-96339865ef2a,0,17444
b00af36d-5f79-48ef-937c-4b3a9c1f7dd6,0,17506
d6675589-b0c0-4fb0-bce0-16c34553d732,0,21835
19b7a326-bfcf-4ba1-818a-62faec88e01f,0,1950
31460e18-fc20-4b1d-9c80-c9c266f9f9ba,0,2887
cfb88e62-c5d6-415c-87d1-7be3238de1d5,1,21093
2baa8ae3-27e1-4193-b51e-68e2a1cc516a,0,2638
8a108521-47c7-486f-b172-f1c3c3252fc8,1,13135
f0123546-61c0-4c34-9488-36cbfc3c3937,0,24825
ff5efd4a-0777-41b9-82c7-b73b4073c509,0,26602
c6c32242-6418-48b9-8458-6f7a812bf844,0,20059
c67e19ae-3f15-408e-9186-767a4c8e3bca,0,20031
35fcd0f6-0832-43b4-b902-82eece7b808e,0,3446
18f5bbd2-65a0-43a2-9b49-90e3f3c0f141,0,1874
d55144f1-7b8b-424a-b460-5a7051abd301,1,21705
739d9cfa-978d-43ac-b635-6a782c52a307,0,10640
72e5e42d-dddd-4ce2-90f9-ef9edbeaa549,1,10561
e2e89418-6c0e-4f50-a2d9-6cd5e58feef0,1,23255
1d57c801-71b4-49da-8933-2cabdc927fef,1,2098
39693e31-b11e-4cd5-a626-2862cb0ede1d,1,3861
5d1bd7da-95d2-46b5-8e3e-126de41e1ebb,0,7940
6fb0791a-7bf5-4a8b-9bc2-dd539b6de2db,0,10189
539e8500-fc58-48d5-9225-c0cf87cfc8bf,0,6870
d3996f51-ab5a-40dc-8faf-49f93eadd0f4,0,21520
433d7acf-f1ea-4d7a-a8de-c36168a111fd,0,4988
4703da4b-5d0c-416a-9ebe-39d1776bf593,1,5433
5547386f-fee7-4953-ba93-4c6198e6dff0,0,7066
be789252-fbee-4153-9373-ae7d1fc37f3f,0,19189
6e74d273-9bdb-4fb0-8a0c-edfda365df2e,0,10041
5585e87c-0877-4ddc-92d1-be45efff4176,0,7097
f1289fe2-6bd8-4a9b-9b07-fd78ea5125bd,0,24947
728a62fc-4310-4aca-9d68-72c8a829d69e,1,10531
512a0183-2955-4ddc-8376-f07ac0eb6860,0,6606
3ffd6f8f-a701-46b4-8720-806cb7332718,0,4615
0c6fd4d2-e97b-496f-922a-dfcfbbc1c1ad,0,1038
c6538cef-9563-40fa-bafa-46697e5259fc,0,20015
93916d01-6260-4e66-a3be-6d16ad54c59c,0,14215
44875737-1f1d-4856-8832-54d442080439,0,5124
e3961779-7dd7-487c-956e-2f674e9b5c71,0,23335
eadd617b-818b-4692-8c47-13ea979ad296,0,24205
7e278b62-38c0-4c4b-90a4-12a75778f0eb,0,11835
0716e0cf-3822-406e-bfb2-c064cd471019,0,440
b2b88ddb-9195-4d34-96fd-6f99b7f556bf,0,17821
bab8d182-b9fe-4db9-88b5-042153c4406e,1,18738
41e6698f-96a6-4072-ade5-e018a57c0460,0,4861
d4c56b1b-b36a-404b-ae2f-df1680b80020,0,21649
bb1715b5-51ff-487d-ba71-669de8e74652,1,18791
96c9dc7c-7962-47d7-b7c9-3488f5ebc45c,0,14564
759f55b1-8bd3-4695-a4ac-6ad6336abaed,1,10876
cf2747ec-3be3-4841-93c5-c92a34a023d2,0,21036
6325a116-aefd-48b2-8ab3-f10f2e24f4b2,0,8641
55c25b52-0043-4763-b889-3f5f44f01728,0,7127
f8cab9e0-ac0e-4f61-a888-19561e6a73af,0,25813
afa1bff5-3158-4bd5-bfe4-e85bcd3577d7,1,17457
b17ebcce-1181-4571-a1c8-f5089cfc6fb3,0,17686
3040d9d7-d895-453f-887c-616c10531960,1,2843
c551cbd3-693f-4e0b-bab0-d6265894974a,0,19882
fcdcd7db-09cc-473d-946d-1e27cbd15297,0,26311
eb98571a-e1f0-400a-b8ff-17c4bc332c06,0,24297
ea3b4c3b-22e5-420e-99af-daad9b460133,0,24128
803c7f34-9b41-41b2-8cac-1b78147e3c32,1,12091
8b7d8e04-1edd-47f1-bbaa-4d24fc2bd64d,0,13306
e4bc0f9a-f9cb-4489-8b2f-7ab1197f148b,0,23468
d1a0f88c-35bd-4d9d-8b5e-c2641761cb05,1,21310
f9b2b7a0-fc18-49c8-8ed9-7108ddfa1dbb,0,25932
d5915e55-c9c1-42bb-ad84-6ff7202aca34,0,21744
ecbe84f7-1283-4131-bea3-d8b380179c47,0,24446
41259843-2e8f-41fb-9d3e-b894e54e37f9,0,4760
199bee4a-bc48-44a4-8dbe-7a0fab49324c,0,1941
4799182a-1587-4b92-809f-cbac8ddbeb51,0,5507
df8f2c22-ada6-4e53-9609-bc70528c5999,1,22863
875d345b-02d4-4072-8aba-3f126efe070c,0,12830
c3813fdc-0307-4e06-871f-435cb90a561e,0,19653
91c93f2d-91a1-4723-809a-1a224bc7440b,0,14012
e76caea6-1cd8-4c33-b65c-aa012fdad5d1,0,23810
a030aab1-4f95-4169-9e9f-e2f2a3dd9a82,0,15652
f574ff99-c50b-47e9-95fa-03d5eaae7069,0,25443
f7efd4bc-b7b8-4da0-bd04-291c912e98e8,0,25723
e0c4de6f-0915-498a-8b42-84d181ae4ecd,0,23011
b415c445-79c8-485e-9612-cc12b2772bfc,1,17975
2a1f4a9f-7b41-4f50-bce3-abd130a42a69,0,2583
4b99e3a5-a6c0-46b3-b59a-10c4df80d2b5,0,5959
e1f2638a-2e0f-4f09-87a5-e48efd23a2fb,0,23145
5d35aa33-9d71-412e-88d4-5792c7fd216f,0,7959
095edab1-09c6-4f83-931e-f0a33b77639c,1,690
ad79750b-c1c1-4fa7-8e9a-4071c4926922,0,17212
de72e2b8-170e-4d2e-90b6-f139427b2aca,0,22730
e0138115-e728-4c8c-96ea-02e18d47a6b1,0,22919
ce6a770b-48df-4bae-9ff1-b00e9503e2df,0,20952
7dd3c24a-f0bf-4a6b-89c0-ccae17748457,0,11795
f70553b5-ee4f-45f4-a023-0d696aeedffe,0,25621
962a22c9-c1c9-42fc-a46d-a2c5ecfd481a,0,14503
aadc5c44-f71c-4975-8946-d5e8b484441a,1,16915
4e6559b3-7e58-4344-8f63-d175e0807d4c,0,6273
5607261f-5c02-4b04-932f-a0efe4235c5d,0,7153
f69dd7b7-4787-4e31-adb2-2dd626ee8da8,0,25581
cafc742c-28b3-427d-9fb4-4421dcc166af,0,20549
d3dad6bb-8d1a-4542-823a-ba12bf6a5124,0,21547
dbbc4ab3-e75a-4efe-85e4-7dd6b391c1a0,0,22437
2178c094-b206-4fe5-a9ef-d84540996b89,1,2239
4de7f61d-0216-4103-8866-fbfd04ff4c44,0,6209
e30028a5-ccf1-4afa-8cd8-5b6129483e96,1,23270
490ea083-4a8f-4726-863f-5767f4bc489e,0,5664
554f03bf-99bd-468f-9e88-a069168dacca,0,7071
68644ba7-8699-4b76-aac3-6237c3b2f20d,0,9284
a7a7a9f6-3d31-4626-8777-fa2003adb972,0,16545
ac39f865-a23c-4f83-b174-da88497fb3f8,0,17072
baec024d-a216-40bf-a988-bd229ae5cec6,1,18768
635058f5-90a8-46b6-8c4c-0989a3a82afb,0,8666
8b59638e-0f63-4999-831e-2f73b51a0407,1,13290
961041ed-849e-4253-8d6a-97a8aa29b2d4,1,14492
546156f0-9e90-4410-a515-3fdc807950ea,0,6964
4cbf9e2c-47cb-4fba-bf9a-5c982fa0c5c2,0,6088
8d091d33-6dfc-431e-b459-995016771709,0,13486
ff551276-6116-4e99-aeb8-e59eb8f6ce0a,0,26597
aad5a7ee-f327-4444-9a29-f279d3832286,1,16911
da09251d-fc80-4177-b9f8-d36c60c24e80,0,22257
8445fce3-aa62-44de-aba5-3750dd837d8b,1,12523
5e2f33ad-024f-45b6-925b-692d1e3b8f45,0,8061
dccf4ea8-192f-4749-91e5-63defbc74f29,0,22548
4f8f7982-c649-4a70-aaea-5da9c9f9db2a,0,6411
f29da87d-abd4-4141-96d9-e48f95ca67ab,1,25133
6b046125-28d7-4b79-8db4-8b0dc38e53a0,0,9617
5582616e-31dc-40e4-a852-7b37cb616d8f,0,7095
583240d2-445b-4bb3-bb9e-4259263fa763,0,7404
f5efd30f-e604-4179-8be4-7ea3ee48e5a3,0,25510
db567cb4-b9c9-4ff9-b8b0-8c33ce7dd4ec,0,22387
f40574cd-4fc5-43a7-a2e8-8bf66093c80a,1,25290
18126f50-a0dd-4ce4-88c9-fbd285330be9,0,1776
cdb87544-e69e-46e3-b8f4-0244f7365901,0,20880
05744f1d-2fa5-41ce-85d3-3df6a7302064,1,275
888ae986-40d1-4796-ae6c-fd57260b62bb,0,12967
6e2aacb3-74b4-4909-afd1-5e9765df303a,1,10012
78dde3fa-b019-4cc6-aa77-2a2935675890,1,11240
e9771b87-2f33-412a-9979-0ed9b52a08d1,0,24032
3b636d43-b04f-4609-9af5-d987d3e12f98,1,4097
8bcbe2a3-800a-47b0-8a2c-279c56eaf372,0,13340
fcac407d-3950-41a9-b7f9-3b201b33a7b1,0,26283
84a0590a-8a58-4a17-8e56-fa9229652d60,0,12549
dc265f1b-aca5-44d8-91a6-8aa4d7f7ae2f,1,22482
daa20234-a75b-490e-93a8-ebf8dad56ba0,0,22313
5557e72e-07cc-4279-8912-2c319937c4f7,0,7076
e444b79e-a477-4668-9a69-7b5ade5bb214,1,23415
6dc49720-b500-4b82-8909-08bc243ea4df,1,9952
6986d39a-4bb8-42f1-84ce-51273becda79,0,9418
4b571918-f5c4-4472-930c-f80cb09d0dcd,0,5924
68abf087-9790-4441-b12d-75ebc081ca4b,1,9312
33a39200-fa81-4530-ae1e-274ca204f3ea,1,3164
14a7fbc6-6661-4382-882f-b2aa317cadc0,1,1416
a70544fd-cd5f-4650-9008-224672ccd7b6,1,16466
a8cbaf5b-ae3e-4af6-97bc-857fe0da5c14,0,16673
64b8ea51-056b-4fa3-a1cd-8913f49424cb,0,8834
bb7a3a54-44b3-48b3-8856-cfbf9dcc1f75,0,18837
dacfe895-db4c-4459-8a06-c498d1388179,0,22335
5952e12d-5aac-4b4a-bd32-3a12d025cd85,0,7538
81d17f2b-3d30-4d6c-9ced-744602aff677,0,12264
fafe3297-b07c-4955-ba8e-1657cf57ae8e,0,26083
0b8e881f-67bc-4021-a02c-0087233e43aa,1,925
9f888f62-3d5b-49c5-aee2-e301c2f9604d,0,15577
e88a5ffb-0c53-4d5f-9a3e-a9be06b2a7c0,0,23942
3dcca19e-860f-4d58-84ae-51b5cd00adde,0,4378
1d832dea-40e3-44f2-a282-6347a6733941,0,2107
e4dce044-ebd8-4b56-bed0-e7ba7f837927,0,23485
644662c0-c18a-4f1e-bccf-f0b222d99f59,1,8775
7d1e6da1-5022-4c18-8287-2ba20b8825fd,0,11722
a2da4f19-8ba9-41fd-8454-5f08165314e6,0,15955
36d55e8a-0fa3-4af7-91e7-725bbdbd442e,0,3534
6e451fa9-5349-4bb6-b4c5-5b96fa2551d4,0,10022
96f34fa9-0e56-4fdb-bfd7-781d8c453bcb,1,14583
8af8df8b-d98b-4e5b-a025-891708527dc7,0,13240
99fb4f16-8f58-4393-a53b-43b5b73c8936,0,14964
34e84fe0-d532-47ef-af4f-250f9ef1c020,0,3318
373a5932-9260-40b0-9762-f5420f1fc4e5,1,3583
a281a261-8435-4861-bea0-0bca497dc5a2,1,15914
4dca2422-fef2-491f-a80f-9cc90838f178,0,6195
faba5858-b8e1-478c-acb7-0902932f834e,0,26057
a94efba3-4b22-4033-b2bf-046dc59402d4,0,16739
2c7b3f02-3fe4-4d33-88d5-413fcf18b118,0,2671
abdd57b2-8bbc-409a-853f-885215db8c6c,1,17025
7c7882dd-3eb3-4c39-a0ad-3aca02cd7afe,0,11651
59ab729f-018c-4bb5-9858-befe89c74fcf,0,7581
ff6ac9c3-3271-466c-8274-6a4076cc6732,0,26611
fa90de74-1515-4fa1-860b-b98ca8f96639,0,26030
e457e363-5309-4cd0-a242-6b7af7c329d0,1,23426
b79b76d3-6bd0-4102-af73-4251f313e907,1,18374
df5f8626-2afb-4fb2-87a6-765fbc2eff2e,0,22845
eb1bddf9-083d-4349-9392-f17ef4d6c0b8,0,24236
668c7bea-ca06-4131-9567-33078f889aa0,0,9063
f6ddea00-5bbf-46ee-8606-634dd5237657,0,25607
b3a3b915-ac17-469c-87af-b7982ff3326f,0,17917
5192122c-e2bd-46e8-8837-7dccf497dc54,0,6639
8d58af5f-0c64-443f-a65f-52128214c093,0,13517
f7793f41-fe23-4e09-8bef-6394b56bed37,1,25667
d8959a46-82c0-40c4-8358-8fdb37f03c25,0,22080
7802355b-3429-4966-a06e-df5c0d14dacd,0,11130
06b1975e-066e-4430-bf60-c0a9d82cfdc3,0,386
b948e09f-c02d-4192-8926-27b9ee3ead2b,0,18553
be55fd48-82bb-4996-91fa-b81a37f0db6b,0,19173
469bc7dd-4d57-4f31-9852-dc3374575583,0,5375
78e07bf7-ade3-4e95-9789-ca28f424b0e1,0,11243
6777b153-5f07-4776-9aa8-40eafdbba610,0,9183
e58662f6-d072-464c-ba02-bd9631a74973,1,23586
85682fd3-9d19-4b37-a663-6071cbfb82af,1,12618
fd8423d4-6067-4c67-8530-40e0c492b35f,0,26388
e2f41c0f-bb51-42de-af29-06131ee15117,0,23265
e6479fef-f10e-4fed-b880-ee938b804fc8,0,23679
ecbf2243-ebb0-462d-99fc-01cb417efa17,0,24448
5673f2ae-da70-4301-b2ba-dfb6e9f84085,0,7200
d72dedce-c6e6-4d67-8507-9e2bf16dd853,0,21937
dbc3d286-4339-4d27-963b-4fb45347d053,0,22441
76fc7c09-6987-449d-a6c6-50b1579a5d1a,0,11022
abf964d4-7b8f-4ba2-80cd-318e6878299c,0,17033
6fc2afba-a9fa-4c41-bbe4-05723d7187c2,0,10191
8b3e3522-90f6-43b5-ac4c-7b871580da3f,0,13283
35c10804-455b-4753-aaf6-72cd9a4916eb,0,3422
71748061-b4ed-4953-b0d8-bf6d87d30071,0,10393
fcbae9af-e49f-4501-a3fa-c1cf3962272c,0,26294
4f93c4a5-c309-4c1e-b71a-58c2f3b38353,0,6416
0c647889-f16e-4d22-8445-cc59707f26d3,0,1033
99b2e6d0-1637-4270-b95b-7d1135165f87,0,14925
4c763e47-7d5a-43f0-a072-1a292807b260,0,6059
15fc910a-efe8-4eaf-994c-b79f87cdbffb,0,1539
89bfd631-73a1-411e-8c47-bbdd53a9cd75,0,13097
ea77fbc2-8d03-40a4-80c1-fa08ba118d1b,0,24162
d0fa7872-9743-4a81-b75e-4d8973e064b7,0,21240
3af5bffa-441f-4ab3-8ff6-1c8c9730ee0b,0,4045
98e6b228-3bd6-4bfe-be77-12b6567385d5,1,14816
a5df2a4d-ea25-496b-942a-2145905f206e,0,16328
ce258cdf-531c-40f4-9a61-f79f3b59f652,0,20927
d8199d6b-6115-4d38-be03-2ed16e5a52c3,0,22031
2a9035ed-ec09-404d-adc3-d37688adf50a,1,2602
f7bf7dd9-76af-4fbe-bfc7-a524691da76b,0,25708
6d3f2555-82f6-49ea-91ec-2b70fe3fb7bf,0,9898
fed7456a-7a16-400b-823c-771f5fcc4f83,0,26528
d8509499-477d-491a-9398-5853ef52296e,0,22052
33df5e75-0b13-4c2b-b217-a0b32e3fc396,1,3195
e1bb57c4-4177-4ede-a723-98a0bb60f481,0,23122
b89ae0ff-5e01-482f-9c6d-6468d734ef02,1,18486
23bc2cd7-226a-4248-81e7-59816cdb3446,0,2323
e7b3b69e-aa81-4f62-8c7f-24c3a2d5cf69,1,23846
d9b9ecb8-e27f-4f0b-8a22-822243272131,0,22221
0a97ffca-0d28-47ff-92ea-bf7144a91b66,0,818
67ee3f8f-2619-4800-bedf-15794758d155,0,9237
c208db34-d893-4a2b-9cf2-45490f5b78a3,1,19474
dabb0b4c-d5b1-4bf9-96b9-1b93ce79d1a9,0,22326
a15fd96c-be59-4a81-b253-bea26b1b20b1,1,15796
472d62fe-7182-4496-b8bd-211ee7089683,0,5454
7c84bee5-a16e-48c7-b84a-6b61b0d62ce9,0,11658
3dc65186-d1b8-4e7c-b785-0160031af658,0,4372
ed5b8fd3-20e3-4b3d-8044-6332cd15c2dd,0,24524
c25eb1cd-f672-41f5-8ef9-c09ea5d48b37,0,19519
18d7168c-8b0f-4168-96f7-b60be52712eb,0,1864
fc534c8d-f310-48bf-a650-e7d452853105,0,26244
5249ea47-1f7f-4d38-802e-a2ff4c419563,0,6714
5db19a66-a763-4a59-a431-65ec181c22a8,0,8014
afa5b7eb-938a-4c84-ad90-0ea94ffa6878,0,17459
39a544f1-29e2-4af5-9b72-40c75ded4020,0,3883
4226326d-50f3-40bd-b703-3a050f528eab,0,4883
acd35df7-0450-4696-8e83-df3dd8cb8ecc,0,17139
bac5d49a-c506-4db8-b9e6-e3bec2f8abdd,1,18744
053f237f-c835-4067-8a74-a0b7641bdaca,0,259
9a4213ba-f410-46a1-87f0-56e0d4b9e767,0,14999
4e0296ae-1440-4c05-957e-3177134ee108,1,6226
a07f3455-53d1-45b0-a782-de5b5ebb17c1,0,15675
c743e090-068a-4387-9896-4bf2dac9d049,0,20103
6111379f-790e-4957-9729-56ac4bb53d54,0,8409
606aba72-d0db-42d5-97e8-c40d88673dcf,0,8335
f8652adc-fea7-4f0a-be71-ec8bac772822,0,25766
a782d9c2-e190-4e03-9310-5750dba6ff81,0,16531
195033e1-ab56-4857-8b68-ef116fa576aa,1,1915
fa2b348b-d8a6-4435-97e2-a8c57b38b11a,0,25988
cacb0df9-62e9-41f7-9d3b-95c68a396788,0,20526
54539347-4e0a-4b42-af9a-420d5f0c95e7,1,6956
69d59bc1-1925-4149-a138-217606d1a41f,0,9456
78620ea2-436e-4355-8e61-3500f3d8ab70,0,11168
4a4110df-1301-4559-8702-4bcb1c9f1764,0,5803
b21e0de5-4fee-4584-9ee1-31af96400c21,1,17754
44935d17-068f-458b-979c-a032fd6d7c9e,0,5131
f3e00cca-4e89-4cf4-ad1d-5e799e32ab51,0,25270
45f17f68-55c9-43ee-a693-f2a2687b8bd3,0,5300
a3dd7d4a-87a2-49be-b5f5-cb35b386bdd9,0,16081
695040a0-f7dd-46b4-8eb5-5dc87290e43b,0,9383
63583781-88e5-4ac2-b4b1-d7d8541c1a45,0,8671
63286766-81ba-45ef-bfda-4fbd32fe90ad,0,8645
c4988ca9-812e-4edc-8e86-8f0cbc81e077,0,19791
5862283f-aab7-4574-a235-729db2f8e377,0,7431
01a6eaa6-222f-4ea8-9874-bbd89dc1a1ce,1,71
36c6e858-3acf-46df-8b0a-9b452885f85c,1,3528
806b6a9d-cfd7-4f32-85a8-8dfc916b4fab,1,12118
8fffd6af-9fa5-43fd-ae64-e74655077d8c,0,13823
59689a6c-7752-4b90-886a-33e23171d8f3,0,7549
e18c7203-a029-4cf4-8151-2bc2460c390c,1,23102
3a9ec087-6741-4338-b944-524a15b14733,0,4010
b68eb02f-6ce7-4752-9205-8b196d34bab1,0,18257
091e90d0-bdb7-4815-935f-5b52b93ddbe6,0,664
503882fe-30a2-4aa6-a838-a8d450cf9130,0,6503
7141543c-bad6-4e0d-935b-18f02c81ab3c,0,10362
6d567876-497d-4d69-b558-bbc31d9bf5a4,0,9908
8f6a34af-b058-4adf-9232-293a721232b7,0,13763
873e1556-1944-42e3-9267-c3bad3387973,0,12816
f593cb8e-047a-48d1-b1f5-7d637fb94ce6,0,25465
38374ff9-e61d-45eb-97b9-ce4282402198,0,3701
8dce2b34-cb04-44ba-ae80-cfac94f0b830,0,13573
7c6a67fa-5eea-41b7-b3a6-23770ee6bccc,0,11645
4da91342-5977-41f3-9558-335811f39d74,0,6179
dfd43eeb-47e7-4c48-8418-4ec3c75cd13a,0,22888
4f7c7705-738d-4ab2-818c-1fadc70c1fee,1,6398
8d85ff98-36a9-4763-9238-1fe184b8409e,0,13536
8e52b303-1920-4d5d-8487-d86fb4e3e315,1,13633
b1129974-9d1d-4329-bb38-9979786102ca,1,17628
33dbca25-e1c9-4bcf-a8a7-4fa716e8a53a,0,3193
097771b8-ab5e-4b23-8116-6d674a688c88,0,702
b440e00a-6791-4d75-8204-94ad0dacfe65,0,17996
e7fb60b5-0a61-4951-996f-c1585c2b3aee,0,23877
dee545be-7a2e-45cb-8f4c-5edce22e2b00,0,22788
0ec6b85a-de25-4870-a100-0d7ca6c798bf,1,1165
b607b534-48a2-445d-8579-29ef85752d16,0,18200
fea3d4d9-e3ee-495c-a59c-e3db137a0644,0,26509
5b024386-a742-47b1-8ca3-2a8629c817ef,0,7708
6d12a702-5d01-4e7e-8c58-d39eacc3dfce,0,9878
16923fe0-5e98-4bcf-92e6-65d10161660d,1,1609
7a905cf7-0676-43d6-a515-174068cb7991,0,11430
e5a3ce34-5ab7-4974-a7d7-2e2206d06a83,0,23597
b8eef91b-bbe7-443c-9e05-b756108d7344,1,18520
9d6ffb9a-577b-4605-961d-54f164d3fb29,0,15327
cea67661-c13e-41e4-b501-6950faf473cc,0,20978
3f375c9a-9059-4886-9275-165281dd41b0,1,4539
f1559788-b9d8-4b11-bb3f-ee2e8e8600d0,0,24976
16729ed9-6a28-4b2d-a7b7-adcbf82ba1f3,0,1595
b17e8b6f-5d4a-4224-8017-ffb02a1cbabd,0,17685
37a5ce8f-bf20-402b-b8f6-5c9f4c32c7e1,0,3631
5a220a92-bf26-451f-826a-6886460f7671,0,7620
f30e0c38-d83e-4ce4-bfcd-c72211d1fd56,0,25180
228b3dc1-f78a-4ac9-b213-2a416583d063,1,2267
7967055c-7c0d-4d4f-b27d-5316bb78bc50,0,11293
652b519d-5eb4-4abc-93f7-15ae661a431f,1,8895
02e93c9a-c063-4bf2-9fa1-cb26692d58f8,1,150
ff42dbdc-285e-457d-aa3d-725638fa083b,0,26594
e54886f4-c110-4606-a543-f628b8cff558,0,23549
9ded4d8b-5e88-4470-bb20-1d55d76d6658,1,15380
8a2ff8f3-6c66-4d64-9fd1-59fc17c2d59e,1,13150
b1e65c1c-79cc-4b8b-920e-c972bc296790,1,17734
b6ca7798-2841-4889-b4c1-61a89eb006d6,0,18278
f86808c4-51eb-423b-978c-25a176edaffe,0,25769
66dc3433-430a-4625-ab04-ba239d8af9be,1,9112
7c822b45-dc68-44f8-9ff4-f8d0345615ca,0,11656
cafd9da1-9949-4f69-a89a-2abd616daa27,0,20551
ad161e98-3d85-4e8a-816b-ea0f2fff4612,0,17169
3b1bead0-08fc-4f1c-acad-7fef601ebeaa,0,4058
94305323-9811-4d8c-969a-7432981a7cea,0,14275
34033f0c-2a11-41f0-bd6b-116d3a2c3495,0,3210
9af14d00-2e50-477a-8d0e-2e2c59f89188,0,15070
ddf07744-2aed-436d-85ba-f236bbd1b4d1,0,22674
23aa6468-59f9-4ace-b656-9fea8d64764a,1,2317
def7d5e4-d3cf-4374-a021-cff683363c78,0,22797
38943e84-044b-4faf-b4dd-cf4a0215cc8b,0,3747
4dcad495-9d13-448f-8a59-ec62aab113ac,0,6196
fd4af787-7516-406e-8f06-671e28d791cb,0,26354
ad463d4a-996c-4f96-90ad-1bb3594e5a90,1,17187
555644a9-de6c-42c8-8cb8-8cbe73826155,0,7075
468feb51-e690-4ba0-967d-62dec940b671,0,5369
a8c437c7-4363-43d6-a6f9-47d242e15a4e,0,16669
dab1d37b-27b2-450e-9833-70d812c73cb7,0,22320
78a396fd-20af-4384-acdd-c9a6ddb8c1ad,1,11207
fb9e0b1d-d3b4-4043-93de-b721ab144f5c,0,26151
b26a717e-608d-41f1-ac9a-33450bf2d7e5,0,17792
9943ede9-e63e-444e-9039-a563119f5359,0,14867
3ec0d348-9d0a-4f8a-8dfa-45e576ef62cc,0,4486
7a3c813f-4ca4-4cc6-8cf3-f973e83d8fc3,0,11390
638237aa-b0d8-47eb-a48e-b6913d25d7ed,0,8696
4d123b50-632a-4f16-b209-86d305c1ee89,0,6114
f50fec1e-9b9e-45f6-b3bb-a97d3fe741db,0,25397
cdf983af-3943-471a-a111-661ffdde8691,0,20906
63192a6c-02ba-48a5-932a-bb82aeacb1bc,0,8635
a19de51b-0471-43c7-9f7b-4a8f83fa87b1,0,15827
ff781779-1ab8-43a8-914c-070cbbd97967,0,26616
e5cd05eb-a35d-49b1-aed2-838d58d17b48,0,23614
8dee40b1-4d3a-4d8b-853d-5651925b0ffa,1,13590
c605e5f8-83e6-4828-8ca1-38f6fa34cfc9,0,19980
c90a1623-b7a2-443b-a20c-a3915df8dac2,0,20330
16fff742-c937-4b49-b7bd-b6d9f7b75847,1,1648
ca6ed544-2804-4f23-97a6-5a9f4814e7c1,1,20492
7dc67964-ab75-474b-87f2-f9368833196d,0,11787
bc34f68f-0c2b-4e9e-be5e-377f531a1207,1,18907
0c594af1-df7f-4956-aa0c-5861ef0d8a21,0,1029
ae214082-c46c-43cb-9c12-66090fa3d011,0,17281
439e1c42-2ec3-464b-81b4-870e2aee5ba8,0,5031
d935283d-7cad-40d3-978c-a7b7649e0916,0,22150
60ea902b-a46a-446b-8692-c6b803775ee1,0,8389
e02f00b9-c031-4ca7-abc6-97da619b08fb,0,22942
01ef1712-90a6-4946-ad86-fc76b0cf2d3b,0,95
96104512-d05e-40ed-8662-eac31c9c3c28,0,14493
7d307751-cb49-46ca-8abc-bb1462fb2db0,0,11726
c4ac804d-a939-4bda-8397-5e7b84cd9431,0,19802
35a60fb3-459a-43a6-9c1f-066578ca5d63,1,3407
80417722-2a5f-4f1f-b11a-31b66619d56b,0,12095
94fd8652-cb5a-40c6-9c5e-e429de9e8715,1,14371
b64f53f6-a558-4d6c-99d7-50287d3b3773,1,18232
75333cce-9a88-4907-a6d1-b3caf070393d,0,10829
c62c2faf-5d84-444c-b9e9-12abe38d3dac,0,19996
0b7b500f-b677-4c7b-8331-f24c3e8aa9e0,0,915
f53ee77b-da21-4d65-8ad3-97561e829092,0,25412
ace45a97-b369-4a52-a8d9-fccf8ab5c010,0,17147
fe7a6470-894d-465f-ab6b-205d7f91d9ab,0,26484
a2961d70-7b12-4eac-bb33-8567bba2d3e9,1,15923
7be94ac4-d568-453b-87eb-9826b226c4b1,0,11585
9e93f99e-9644-4578-832f-48fb8d4cd39c,0,15453
bf9b012d-915c-4026-b989-c05312833b38,1,19326
7fa10f67-8c38-4027-b7f6-50887f85ad43,1,12026
72d9122c-a3a5-4c75-8218-a5255eb5d528,0,10553
8daf7359-53ce-4607-9257-1d7e70ff1801,0,13557
b9c412cd-9953-427b-97fc-e97cfbd1b465,1,18616
0a62df77-7459-4acc-9cca-a62c2cec4b0f,1,797
a76fabc7-5486-4713-8ce5-40144a613279,0,16521
07c7047e-1be1-43ba-85bd-75f8d9434757,0,520
f31a958a-66bf-4ccc-9fd7-79bbb9d17e7a,1,25186
aba15334-5b65-45bd-9849-e453de3129e2,0,16999
8d837773-a674-4af2-b401-2b3216586c5e,0,13535
e18d7296-ec3a-4fcc-b20f-98f4d90af21b,0,23104
f0ed1c78-9ea1-4ef8-b85d-3d3dd8d9d0ff,0,24912
4a699891-c95c-473e-a54f-3bbd324b1e4d,0,5819
a7d395a9-9041-4b02-bab1-eef31037ad78,0,16571
e1346f9c-a77d-4a4e-80cc-d19768751775,0,23062
c4e96c53-34f7-4607-bab4-45e982079b2b,1,19835
ccd4fd70-2e93-48b9-ab78-09fac3251cbb,0,20769
bfe41d70-219e-478e-85ba-9c8226b572f4,1,19364
ea01a4e9-c066-4eb1-8f0c-1e859e25512f,0,24097
4ca04118-3898-41b4-9b59-d2ab2608d928,0,6076
56a60ddd-66be-4e4c-8612-8916e2efedee,0,7223
762178eb-d2e7-4bef-a2c9-6d88c4b7b3a0,0,10936
87c9db93-c4b1-4488-9f8d-d94ea473973c,0,12878
56dd1ee4-9568-4763-9a1f-36b6df629329,1,7259
ac9106d5-8cbc-46b0-b27e-8c998b04ef51,1,17113
0b0b36c6-fa59-4cca-b939-aec774926e48,0,864
73872731-6970-4490-a23c-afe09c751429,0,10632
5275e216-8aeb-407e-8580-c6aba6632c6d,0,6739
67a4830c-2869-4f28-b4eb-c9b76d6288a3,0,9199
5b7fa41b-2591-4fba-8d50-abcf9a62cbcd,0,7763
73ff8055-3881-4c61-b700-396adf5083fc,0,10683
db943ed0-fd26-4741-959c-4f0b2b0e61a6,0,22416
e755dc4c-11e7-45ff-b07c-3a297a67f0ec,1,23802
79795f56-4d8f-45a1-9eea-8e9f87dea646,0,11305
b6503833-91b2-460a-857a-b4921da4b68e,0,18233
3c8f377b-05a9-49e2-89eb-fa03c711acb3,0,4238
a7afd170-9f98-46c0-8efa-1d1f24dde75a,0,16551
af31012f-209d-41cf-a2f4-4ef1105067c9,1,17413
a8d85d30-72b0-45c3-8234-9544fbb60c09,1,16679
45cfbbe3-3a5b-4c2b-b243-835c617c71d8,0,5279
4fd64d6d-20ef-4dab-ba56-3cef7362bfb9,0,6445
b5c69c5b-e88c-4070-afa8-ab647f9899fe,0,18174
b0f36ca4-84c4-4f1e-8f3a-5ea439cee63e,0,17610
6a6a1253-1b0b-49d2-ac38-f5823de76c9a,0,9529
16100182-5312-47a2-bd58-4d2d52abcc49,0,1550
6f6afc4a-cc1d-49ba-a986-c170e38c7c00,0,10159
b288e186-5de5-47d6-a20f-ddad34f1e05a,0,17808
87c29c2a-db5a-46ba-8112-fe4a09a6e58e,0,12874
6e9ba3d1-a0ff-4847-a865-5c649f319aa2,0,10051
d4532e6a-a432-4fc1-86d3-28025329dfe3,0,21589
4940e376-3c36-4d41-bc51-4ff62ef5e989,0,5682
db5399f8-e0cb-4208-8694-a7136f9ac574,1,22386
d72fd7cc-f4fe-40d5-b7b6-3ef63d807d4d,0,21938
e1955e14-131c-4fcd-b49a-adb3f5dc1d6e,0,23109
34cf21be-6985-4848-bde9-43d6d850630b,0,3305
c28f7725-70a7-4b55-953a-44d28ecdd4fb,1,19537
8d56bf18-c3e3-4872-9fc0-a3db283b0cee,0,13515
a296a62a-3e82-4766-b9b6-c27d29a07ab1,0,15924
3d8c988b-436b-4a44-a2e1-88dee1351ae1,0,4352
df1ace69-26c5-4b38-bdb6-2ce6f3a60b74,0,22817
6690649e-0fca-456a-8da7-a364b0acde85,0,9067
d9c71093-3567-4889-ba68-5c75b41cf014,0,22225
5f8240fa-94df-47ed-8f8c-3eca1f92bc28,1,8225
56a7e256-00c1-4053-97de-13565831b48d,0,7224
00313ee0-9eaa-42f4-b0ab-c148ed3241cd,0,13
d6f738cd-5f62-40b1-8410-6940add3ece8,0,21899
70d6479f-edb8-4b7b-b6cf-00f85fdeb87e,0,10306
d58bd53a-c69c-443e-851d-479a78d1c9b2,0,21741
cd7158ee-b4bf-4255-a916-c4f49aa5dd44,0,20845
e66b040a-ecac-4667-9022-11e11d10d1ff,0,23695
4d4d094c-5e86-4815-95a5-315b732710d7,0,6138
1f447431-e2b3-4d18-8c22-30684ab71ffb,1,2162
63fb7926-b7b4-4bbd-b47f-5aad34846ad0,0,8741
db38a091-c7af-4ef4-a94a-cf2a87e11ea4,0,22375
643b5c88-3f21-4d40-90cb-bc0caa562e18,0,8771
4031034b-bb69-4102-8916-d47d7403db48,0,4645
a5848989-b288-4742-99d9-3728d61a306e,0,16284
53362510-08ef-46fa-87eb-1a9b73906491,0,6823
5f2a4520-aaf5-478d-91dd-03615b06e0a3,0,8183
ed3a7a17-baad-43fa-9083-60dbe189074a,0,24515
4699eae3-390a-4a76-9be0-7646d1a36425,1,5374
e5410a3f-3fd3-4ac4-b6c0-b27db52aaa3f,0,23541
fc507735-7738-420e-9da3-8d36f6e19633,0,26243
15f49c72-0702-472d-aff2-4582682392f2,1,1535
cb1bb35a-ddd4-4119-b866-6bc2642735e4,0,20565
3bf902f7-375c-4403-8275-0e40aac684c2,0,4166
ff00eb58-e9c8-4c4b-8837-88355b3b7d2b,0,26552
688a3275-9225-4e2e-b719-0c754d6b222b,1,9298
dc91d87f-790c-441a-adde-61acf1612d25,0,22525
ab69209e-0f1d-4565-8d67-c2131542cae9,0,16972
952fcf63-27d3-4c30-94cd-9d37caf3ac74,0,14385
3ae1c3de-e2a7-44f5-b794-b1ef71640d0f,1,4032
a961178d-7f7b-4228-8614-14c228f46bd0,0,16749
4b1cab8a-c9bd-40e6-bc86-23c6be98a099,0,5893
dcb3c8bc-5628-405b-a664-7651c88ca837,0,22536
a905af6e-bf39-445a-b699-0fb18cfe5f6c,0,16707
f3990d71-733e-4311-b425-f8aacc8f5b40,0,25239
75b33a48-fd40-447d-ab9f-8ff5748a6df3,0,10883
94598e94-e8a9-454c-8028-9d07f9497d1a,0,14298
26a1ecf7-b0ce-43a6-9893-14e8fb0e4704,1,2431
3a59f032-5ef9-4452-82b4-8dfddcbfe46f,0,3977
a6b24c2e-902c-4c3a-89ad-fb44ab335290,0,16429
40229870-cf9a-470f-bd04-8132c8a2bcb6,0,4636
ba0b9822-06eb-4db0-bf37-20d894589ef7,1,18646
6f385092-7131-4a80-afb0-4d51e1482959,0,10133
7267bf25-e31d-4bd2-97a0-d841630f0b74,1,10506
71131596-6768-4832-a4b4-5b7a1478d060,1,10342
aa1c7baf-f4a6-4644-946f-ccbc000df81a,0,16830
fe16b6d8-add2-4d0d-b052-96b1986b67e0,1,26442
ec2de089-6de3-49d8-b5e4-d95bb4559221,1,24369
628a4414-2476-406c-891e-94efe24e4033,0,8567
b2dab5c5-79bb-44c1-9051-7189d2a9aab9,1,17832
74a08fcb-fc92-4b2f-9301-3602dbaf0a41,1,10760
72848196-fd24-4106-9c33-9c29b7a66a04,1,10527
0a66f58c-f98d-41d1-89af-4e0136888e13,1,799
a60f5267-3b08-4a46-9141-7a1150d541ad,0,16349
fd72c1b0-9525-4bcc-b70e-15e1755c1b7a,1,26378
d776ba18-1ce5-4126-8ef4-45b88dcba717,0,21966
b3c66cb2-3aa5-4b2f-ba06-19ea7c5efde2,0,17928
f1a05d14-0364-4b81-ae36-384312dabb45,0,25008
0c470369-a581-4952-bbe1-155ab470db70,0,1020
33c66fa9-6a08-4d0d-b309-88ce91a217c9,1,3179
71d8d6ec-253b-4272-a467-311828b2a35b,0,10444
63d7f897-ea58-4883-b88a-6a98e92f8a73,0,8726
d8708f89-7d33-43f2-87e6-9e587b0a1c26,0,22065
616eebe3-4c7e-4d8a-9ed9-5ecbece4933a,0,8448
9befba2c-b7f8-4b8e-b550-9b2e4eda5247,0,15171
cd544eaa-5084-4bd3-81d1-8d02da582260,1,20834
1e1d4b6e-7fe6-4ea7-91ea-9c42ec8d6f00,1,2123
f76c9846-d88a-4d7c-b887-2759a4333f7c,1,25661
454b98c1-3a2d-49a1-bfd3-8e43c3c1ce55,0,5226
05b91b32-5635-4071-b45d-6a73f8eea918,1,288
e4a6023a-15d8-49a6-a2c5-a968297c0c6e,0,23458
78b8f6bc-96ba-4528-b6b7-39d1a140ce07,1,11217
8832feb7-c221-4d3e-9086-fd6d787cceb5,0,12928
883b3236-d2c9-456e-9653-f0a5a27de37b,0,12933
42e817c7-5443-488c-8412-8b2ce2911e93,0,4964
0beac0c9-331a-4aad-9cec-099aff98c399,1,969
8d2a4ca8-58bd-48d1-afb3-836de5372e6c,0,13499
93727b85-2fa2-478d-aecc-46e14f391dd5,1,14195
8f2b95dc-a9b4-470c-9934-78852e1260b9,0,13735
f28343ab-cf35-440b-95d4-d65ee8b8db13,0,25120
a0c6c07c-17b8-4d76-9c54-e88deb2b5039,1,15714
767b308a-6b69-4290-951f-fd9d1f2a12d6,0,10974
f1a92173-262b-42d1-b64e-213cdf6afdae,1,25013
f0a45a84-929c-4233-8624-fc34f5753f97,0,24891
b3e5becd-9009-4981-82ab-bbf28f4a834b,1,17942
82d370b8-4196-4b21-948c-8ed6764066ef,0,12366
207560f9-0c11-46f4-b6b3-9ee68a558565,0,2211
6558bcda-a58a-4d77-83dc-7ba71f524779,0,8917
ef44e62f-3555-462d-8911-d9f1ac5d446b,0,24736
37f70220-545f-4f86-bace-61f4bf052e6e,0,3668
2cc72d62-1144-4fe9-a4ab-da083ad11392,1,2686
b5022e52-4742-4b8c-b432-487fd9a9dbfe,1,18081
065158ed-021d-4d2d-a2e2-79b69a03853d,0,351
5a3e37e9-4d7e-40a8-9bc2-cae06b295351,0,7630
ae4e1697-0d04-4af4-8a60-a18eaa62ed78,0,17300
9bc28409-22f1-40b5-8203-9e4f8fb45c8e,0,15153
416142c6-f196-433a-b6d7-7752a8d2d8da,0,4792
fbbb6d5c-ccfc-40d0-ad22-a124af7a7681,0,26165
b70a7d7e-3e11-4a74-998f-67eabfa438df,1,18307
e72c42ec-602b-4f13-838d-a4f7b0daa6d5,0,23786
7257e3de-ff3d-4b37-9450-937abfae06dd,0,10498
53bed796-1a7b-406b-b37c-d37facb41158,0,6890
34c83691-e038-4b28-b2c3-7fe99d4783c8,1,3303
d9863bc6-3f95-4f30-81c7-a63ed66cc831,0,22188
ed0ed8ae-2897-42fe-af08-ec88c69ce1b3,0,24485
6eccb545-b994-4a75-b8ca-2001623d6bab,0,10078
c78daf52-c33b-4367-a28f-5bc60a92e7d9,1,20146
d1eb2eac-bfab-4ca9-92a9-b12356b10c5a,0,21343
a2572ca9-37e1-4558-b260-17a877ce78e5,0,15897
4b1a60c2-40e4-4cc5-9fb2-d0a3e4fe8a4f,0,5891
e17bacff-85d3-47b3-b2cb-2a3e123a6912,1,23095
3c2fea96-8b4c-4110-b050-d97deab3d589,0,4189
e60359fa-6387-4391-ba02-59e9969ddb07,0,23640
3c3edd61-17dd-4ec2-b434-d5bbe0bbb13f,1,4198
e3094e51-b690-4700-adaa-8cc4782fae87,0,23279
793b04cc-60bb-4413-a2a7-36c7c56ac05c,1,11285
aef006d5-02a1-452a-8395-9eb6be58a14d,0,17383
a801c8d1-a5ca-4942-8bea-7e97703a7360,0,16585
5fddbf25-9d69-435f-b803-9222e972e32b,0,8270
d91ae721-fc89-4a3d-b7f7-a9581d0abb33,0,22132
9341907e-9b62-4197-a0b3-3ddd3c55a884,1,14170
b903affb-9f24-4816-9141-164181d4d3ca,1,18528
55a477a0-5a3d-4b7c-b498-b81f92368efe,0,7110
989620ed-615e-47a9-a2be-402c3b6f937e,1,14771
c10f3035-c0f4-4436-a6f9-bbeb87777231,1,19421
7d0c1b59-03fd-4d7f-8c31-cf7a9dd4a141,0,11712
a1394dc2-6d12-4f50-a82c-13a3b8b04310,0,15772
c8cd6064-ff9a-4741-8f5c-1d839e52e7d8,0,20297
d2889d68-ff16-4043-ae46-f435398ce276,0,21421
7127c6c6-261a-4d76-bb98-fabb8595a6ea,0,10354
c69ffd64-16bf-4237-b169-f7bab69978e4,1,20045
567de77a-f14c-44c5-884f-c33fb1b399c4,0,7206
00569f44-917d-4c86-a842-81832af98c30,0,19
740b5839-478f-4665-a2d5-1462b2053873,0,10689
31a115d1-ad82-4fd8-be3d-76d918338afa,1,2937
5fbe960d-68e3-4f36-9563-7773563f3523,0,8256
dcd0e592-0623-49e9-b35d-2a7c9d4c7f55,0,22550
35a803ec-bb19-4bcc-a2a3-10e0c30a9c3a,0,3408
dc8de18c-1af9-4e29-b581-37ec567ab8ef,0,22524
95a75deb-5c3a-429e-b04b-61deb2d71215,0,14435
c7662e69-4981-482d-b1e2-d56792433605,0,20123
3ffc2af9-eccb-488a-9d46-a72bb2ba927f,0,4614
16295f19-6f89-4bdf-bfc5-0457e4b4bb89,0,1566
17398977-1b0f-4de4-9038-9c8cb7406c82,1,1672
3647d0dd-fcf0-4606-bddc-ba872f5f7ccb,1,3472
c3670fac-87af-4e1b-a1d4-3181427a60fc,1,19634
b406e391-9f28-4f26-a71f-285d5e3f488c,1,17967
9c71c1ec-b6e6-46b1-89e1-398f921d7485,0,15233
dd7de8ce-91d2-40bb-ad9a-fc43612243f8,0,22626
0ae82435-399e-4cf1-9d78-92d1c184178d,1,846
338019e9-6ee8-47cc-b49f-32dd39c0adbc,1,3147
821fde12-5350-48b3-9e50-8de35289fc9b,0,12302
6df82c7a-a91e-487c-ae3a-9022b17d7c7a,1,9981
d449d4c7-3359-40a4-b9ae-da2911ae2f34,0,21584
654b2bfc-5d84-42f8-8f8c-61288c661242,0,8912
e6429b1b-7c98-403c-8999-ff1ae2aa917e,0,23673
718d7420-83bf-48a2-9419-042046583ffc,0,10406
3d1e8f8f-b4cb-4346-b52a-d98f6a8ebb24,0,4301
7bb16f3e-b843-49f4-bfa8-a9a9d6f3ff13,0,11548
0bae27f3-01d4-4223-adc5-d3264e0d9213,1,938
5e5db307-9891-46e3-a0d2-393abfbf2397,0,8087
cb985752-753f-445d-9f97-4e7afc59d906,0,20623
28bb0cb8-6f05-4c48-a2bf-251a1297e380,0,2528
8ebe4294-7b95-403d-985b-da0943b80f3f,0,13678
03a9b990-18bb-4370-ac03-7fa385ea72bf,0,176
a9883ad6-826d-4257-bd75-504e2cc7b497,1,16773
02b7b018-0fed-44c2-a9c2-93b2b3952efc,1,139
67949b55-7b2b-41be-becc-70f86797db4e,1,9194
ece9ecd0-64b4-4672-b0af-96d0a147b3cd,0,24466
e565d12a-7e5f-4140-80b9-e213869a3ed4,0,23559
736cb706-9569-4164-a3a0-baafbef1b3c8,0,10620
86375503-9b51-4796-8806-d4573cd9a532,0,12708
fc0912c2-0cfc-420e-8c77-0fae34451d7e,1,26211
4961c86d-3803-44bf-8e27-0cc9c3375b00,0,5698
334ebbf2-a210-4051-9629-9ede16de9d3a,0,3126
391a0d8a-9d87-4420-9e76-2bd87dbce5a3,1,3826
bb653b26-d71f-42fa-b133-880aac0e183f,0,18824
f468dd1e-3723-4488-8cd3-1aca7b25bea9,0,25331
6aef6ac2-01b9-4742-ad26-429cc9577a1f,0,9607
16dc124a-6316-41a3-bf19-2f2346e56f7c,0,1634
cc5cdf54-6e16-47ca-a7f6-951c31899b74,0,20714
beb82683-d192-4b2d-81ad-a6940e977be3,0,19218
9f765527-a937-42be-9e95-d673b2ad97e2,0,15564
a011c70e-6fda-4056-b364-8bfa67a878d0,1,15640
7a7716ff-036d-4796-af37-45051417af43,0,11419
a9da9bbf-0ccc-4a8d-8a7f-855ad4657b67,0,16804
db32f09d-b7f5-424b-a393-a10cab691038,1,22373
f22259a4-daac-4444-85cf-fc542c88be33,0,25071
ca15e943-c9a3-49cd-b538-753e8746f0cc,0,20447
ebe886a5-3488-4198-bbd8-33c50b4a15f9,0,24343
dbc97e1b-b8e3-4d4a-87f6-7632650a0aae,0,22447
7e80e4db-d898-487b-93c1-6c9bc0f91f34,0,11876
f0b1553e-4080-4712-921f-b72f3c9ee733,0,24897
d7a3a889-a105-4da1-bfd2-f239d7f4823d,0,21983
4e3d57f1-b065-4701-be9d-2a7d44d25240,0,6260
7060f7ca-97fc-49a6-af21-4667edc68453,0,10258
6c4c47b3-ef67-4403-bdbc-9193f5435996,0,9782
f6e13f4d-82c4-44ea-ac28-14921fec4ae9,0,25608
6b66ad54-dd27-4b95-a1fc-733bdc3e7223,0,9670
a44df0ff-7eab-4bfd-b841-5d26e9088933,0,16131
3fc09255-ac70-4e8b-8507-efde01c9fd45,1,4588
8e148972-a43e-4717-b1d3-d3ecdce24f65,0,13606
aa47c55a-7cf7-4105-9132-de080664f052,1,16842
995da17d-26ca-4913-9bef-0f8e5cf04b96,0,14882
9e6db100-5ccb-4a6b-a86c-507acf77e30b,0,15433
637fc927-4a47-43ed-ad78-3d9b64c2dae5,0,8695
826361cd-08ae-49c4-b535-25a4f14026f8,1,12323
4a0c168e-c87c-4f3d-9aaf-f579eba3e862,0,5778
e4f05fac-510d-476a-9cc5-26e0fe49955f,0,23492
33e4f74e-b8f2-470b-8815-6ee3e94b8590,1,3198
5db4e9e7-9312-4c29-84f0-f693340e9c11,0,8016
b5c9f691-020c-4f70-bac8-25b067f0b357,0,18178
63fe1ae4-bd2d-4777-9dfc-8683aba56460,0,8742
318ddd27-55ab-49f2-9de1-78a0232946f2,0,2925
ea77e047-2720-4739-a49c-da4dd393ee64,0,24161
5ed18df5-3701-4657-a87b-7a4481a65800,0,8147
02336c62-4e72-4818-8198-c327096a71e0,0,120
e86e8489-9795-4d76-9e32-dbdd4c68e299,0,23928
4d7c5fb9-7776-4ab5-a983-13bba41b39e6,0,6164
8679aaa1-6785-4796-93aa-a13c7b01fccf,0,12733
e0eafce4-3493-4c27-ae98-43af933e9843,0,23029
65057bbb-2d6e-41d4-b6ab-65ca5ba39bcf,0,8870
403f65d5-6590-4cee-8b94-134683648f09,0,4654
0902e0fc-fcf3-40b5-ac04-c3ecc14c2355,1,648
6a2a3013-7795-4947-b79e-583af75fdf8a,0,9492
dddfd40a-b3cf-4d0b-9710-22b73d6c4dd7,0,22666
7b81c6fd-68e9-4e25-a642-d296deb28ed3,0,11528
e66d78ea-1cf7-4c71-bcd9-446a069e3735,0,23697
7b561dcf-cbb8-45d8-a144-34ce39dfddfd,0,11510
ecca50bd-8b93-4abd-82c4-76db7bc980dc,0,24451
19104346-c9d8-4580-8635-80f5c1c79c24,0,1882
22bcc9c9-ad28-4fc7-8e3d-0c3ef9a6cbf6,0,2276
cdb5eaf5-74cb-4cf4-a624-5a093c03901f,0,20878
d6fd6d1d-47f6-496a-8395-bfdc6c6759ab,0,21905
9299cf6f-bd4a-4dc9-90d5-893e770566fb,0,14098
6cd8ee4e-60ef-484e-b242-93009537142e,0,9850
91c5dbfe-4eee-48f7-95b5-f7dc0c25eddf,0,14011
da0483cc-6cd4-40c5-aaef-b085a01cd76c,0,22256
8406541c-e9b1-4729-9631-aaf13745994f,0,12507
9edc8604-a965-4eb7-a5d0-61df8a9ae45d,1,15489
08fa5211-04ae-4150-b006-9683187f67d3,0,645
398ef701-7d72-491d-88cd-5e7803d5c981,0,3874
37f917c2-68e2-4e03-afed-1d4acf054498,0,3669
3454a6ae-2660-44c8-b15a-0f8a65ba0c6e,0,3240
13eee970-ca31-44a9-9b8a-83e317f129dc,0,1384
912449f8-feda-4eef-89dd-55a2786e77f8,0,13945
15cfe136-58ea-4e38-b3a8-d372ecad4ac7,1,1517
29128fda-79ce-4a14-bbf9-9884422075d0,1,2545
fa98b567-cb73-4b3a-8c10-dd5c7fd470d2,0,26035
fc44af9b-3516-4279-8220-28b0c2680e90,0,26235
ea230a52-b0d4-4aab-9bcb-73bf5fd46fb4,0,24113
c6520f45-3a40-40c8-b28e-2233a3036fae,0,20013
6b518eee-7f67-4253-a9a1-dbea7ab9539b,0,9654
7aa503a4-4028-4688-bad4-8f08b7a934d3,0,11434
2e4998d6-b0dd-4bb0-a139-432a56e82b2b,0,2749
e8637c78-efa6-4a94-aa10-88f24dfaa44f,0,23922
90b9853e-22a6-4d53-bcf1-94377fbc383b,0,13904
5860110f-acc0-4361-9c51-7da5f5c102ce,1,7429
ebc7b6eb-6b18-4807-af64-55d4723479a8,1,24317
5480fc2a-1d5b-49a8-9e66-7e8b76aef97a,0,6982
bac7d309-34ab-4eb8-86a0-ccb02fb03fdc,0,18747
afe97534-ccce-48dc-8a82-9aec20306503,0,17485
552f0c5c-6484-4d24-ba90-ed43268f7746,0,7055
8c9f3f8a-e276-4afc-8005-e770a332c3e7,0,13433
41bf38ed-29d0-4ac1-8e2f-a1a1d6468856,0,4845
180f5079-9805-4482-973c-f043aaeb2035,0,1774
da214328-3a8e-4e8d-8801-7e14c0da0de3,0,22265
295ed916-1956-43bd-847e-d77ddb89b5fd,0,2553
1caf1ab4-68ee-4b55-ba89-1c3f3bee1435,1,2071
92f84dd4-54bf-4a16-8825-b259ee8c283c,0,14132
c5fb4095-cb29-4c10-9267-dafb286acc8e,1,19971
961009dc-022b-42fe-82c7-d8db3daae8f0,0,14491
3bf1a2ab-31b8-40b8-9378-520f322865f6,0,4161
b5c3e1a0-d4ba-413f-b571-809ee8aedf19,1,18172
eb34854c-a35d-4673-bb74-048f2e8e3217,0,24251
7f59e381-2557-44f4-bbc4-70eca5ff9a03,0,11980
83b259ab-6eb1-4e71-a724-64c64eb9cbdf,0,12465
461aa799-2a1f-4710-a115-7410b088db06,0,5320
231de9e8-63d9-4093-9d57-2bdcdee49225,1,2290
26c94e32-023b-4963-aca3-525ac2752d2c,0,2440
76487cbf-9dd3-4e1e-b2f6-57c86d408317,0,10951
c649bcc4-a908-4b26-8308-ebd99622d0de,0,20009
e6de4a23-0cc4-4452-a3ac-30ce33d935a7,0,23749
d9245b95-1261-4dd6-88a8-2c9a69578b0e,1,22136
bdb79995-00a2-4b13-bfc7-6f06f8639498,1,19106
419f823d-3113-4247-9c63-3bbdc4cc4d45,0,4827
3f79f27a-6d84-4ff1-88a2-eb05ff9a5f57,1,4563
9e0e42cb-9351-40f9-8456-b63bf4567477,0,15392
46e3db27-f943-4322-b7df-c960c6f0e915,1,5421
d4d2f79b-81a2-4d34-9abb-c68ad0b7c381,0,21658
9e0e8620-d08b-4704-9782-19b061a5d83b,1,15394
ef3908d5-6538-43d3-8364-f54249ef7be5,0,24726
4a9f80ea-ca61-4763-afe9-76b7e0dd7560,0,5840
3bf77f8e-ff1d-4eb2-a999-80d784bb6842,0,4164
3588145b-c0eb-49dc-87e5-56dda99847d3,0,3393
ba083f79-b065-432d-b2b6-95850c35e9f0,0,18644
d147d24a-84d9-445b-b9f6-60a8911d6e9b,0,21275
ed6e3fd5-ac11-4733-befd-aac7c6db0a7b,1,24532
3cb9b341-19cf-4973-b901-3e69ea74d88d,0,4254
7e186a19-babe-4152-b882-e3eae737b9d7,0,11825
1b9d9477-b479-46bc-890a-663fad2e3358,1,2026
31a577cf-9e18-462a-b220-74bb2e2a850c,0,2938
9b19d8e9-16b4-4a69-bcf0-181d4709d3f0,1,15082
ade191f7-87b9-4067-ac55-d290deda8fa6,0,17255
dbc1280c-d1c7-4440-96d0-8b4d33c9a573,0,22439
47967829-ae4e-49db-bdc8-07112fe86862,0,5505
7531ea31-8ab6-4e3e-912d-13d3049a0d02,0,10827
ed347738-5e58-45cc-919f-a28e9f453053,0,24509
5cdb8693-e826-484b-81d5-ceef31c4c22b,0,7908
ccfb60b9-b46d-4963-8a2a-29a200b633f6,0,20786
bd0bb326-cd0d-4dd8-be1c-25c15b076377,1,19027
4a8ed914-72b4-4b01-89a3-b59d345f0d3e,0,5837
47f9b094-3b65-45f9-a14c-0a96f4054f5b,0,5544
4cfb1452-b5dd-4b81-a890-8af9d3788de7,0,6108
cfc9a7a6-01d7-4603-9d64-c314b09ad2b0,0,21103
8741ed59-b23a-4b7b-9113-cf359cc2bc41,1,12818
e42ac421-014f-4125-a5f4-73567473d065,0,23400
82099a84-dd20-48dd-a87a-7ffd3d948c8b,1,12291
0d5478d8-151a-4ce9-85b4-87645d2f8bdc,0,1100
57afaaa8-0f60-4eb9-82ba-493353c54aa9,0,7345
297d1d92-8116-4bfa-970a-9bddf591f1c2,0,2560
1afd6582-da9d-4e5a-a81f-62a188fe9366,0,1995
0cc27255-7f78-4093-84d7-04190a7d72ec,0,1077
9429988f-5216-425b-95f9-a646ba335fc2,1,14273
9e7593a3-98a3-4f85-b42e-07899895acb7,0,15437
bb410935-73c2-4088-acec-9cb69b898cd9,0,18808
5a23151e-fceb-4d74-82b1-803bf1234450,0,7621
edcc2b4c-b300-4409-8b8b-54ad14069747,0,24573
0e573b36-d576-49ef-b165-40e269d5e9df,0,1149
c4a026fa-9b72-4bc4-acb1-0338ebfa30d0,0,19794
d67566dd-9533-4b84-b4a9-edc7ec3efaad,0,21840
488e293a-15e2-461f-836c-74f1169f9918,0,5612
c8d372cb-00ee-4512-bd3e-4a14301a0425,0,20300
35ffa64a-fc84-4582-95ad-40d4eab93197,1,3447
e88bffa5-8953-4994-942f-4fa483baf2c7,0,23943
17fe6438-981c-41de-a6fd-ac01708de1a9,0,1766
5e7a197f-e287-4d83-8094-9d7eee2d1269,0,8102
1d9c11e2-ad66-48ae-a898-b7aba7fb0fb2,0,2108
b546ef2a-4a27-4d8f-a99e-d4a3ffe8baf0,0,18117
5b35df82-9440-4634-9a28-406e1819cd4e,1,7730
b0fc321d-54ae-4ab7-9207-03c7fddb3a15,1,17616
b7b3da7f-7b03-4113-b832-e1aa2c46580a,1,18385
39008738-cdf0-4380-8137-2e37d234ae70,0,3810
3fa4d3c8-f82d-4c6c-9ade-836d4da67a04,0,4575
4a63e531-4a33-4951-bfa0-77e213844e55,0,5817
95cec46a-de49-4af2-95a5-efa8040319a8,0,14461
5f89a135-4b20-4ac9-851a-6d4a27827d25,0,8228
159ed892-8494-47c9-a375-3e5a65f0a013,0,1489
6f27fe76-2a4b-4679-8381-664160325373,0,10123
6fd0d3d2-a990-41a8-b843-94d2356afe42,1,10198
f530bed2-b5bf-4240-892d-ced0140d1a8e,1,25408
4607fb6e-a955-45d2-91ea-c2f6160640e3,0,5315
bc054c4c-280f-4e1d-9b93-9563cd368aae,1,18885
93870d09-4d81-4d16-b703-791700c8eb57,1,14207
0a80033c-8a64-4810-9ecb-6013f7b0dde9,0,808
3818b3c2-3960-4490-9615-2747147f1950,1,3684
666a08b6-a4e2-4dc0-ad8d-122d609e6188,0,9042
d5ef15ee-8feb-4e32-a349-908feaaeb108,0,21779
eda8b862-53de-4bf9-8eb1-6f271cd73630,0,24558
7bba6625-cd35-4ed6-8f73-180f13fb516d,0,11557
92935205-c7d4-4cee-a3ac-124507c45ef3,0,14094
7b1c4184-e96b-429b-8235-766689103054,0,11486
e55139e5-c0a3-4000-b8a5-9757e94e9978,0,23552
6dd263bd-74fb-4230-be18-aad7294aebb9,0,9965
90b54d47-c32f-452a-822a-d0202bcdc90e,0,13903
ca2304fd-4dd8-4b5c-9450-d9d0804cd378,1,20451
fd4b7d79-d45b-4150-98d2-9e36e2e7d202,0,26355
b1d545f0-8658-4533-959f-dc32955904ca,0,17727
48a44f52-7fb3-4384-a76b-f6170b03a357,0,5617
50f55956-f1d3-45ed-88e4-2ecd12c816af,0,6587
7828fb21-d2e7-4bbb-b874-2c7b73e1e8fa,0,11149
b9a3543a-bf0e-47f1-88e2-a04dd1d04e4e,0,18596
e04808e4-4c7c-4176-ab83-31d41b8a9766,0,22956
ff9f1f48-402c-4a72-9ceb-d97c416726d6,0,26639
5789dc6b-fb03-4cbf-9b4e-add11f5b2850,0,7326
bac78a9b-fb45-470c-89a8-defdaa3e34fc,0,18746
f3930747-6ec7-4b40-a73a-c19fa5b6d4e3,0,25236
f77599f5-8013-42b2-9504-de61474b302d,0,25665
65969fd4-a141-42fa-95bd-18de9cc61aca,0,8948
9c0030d8-fa33-4df1-be81-23ede246b0a7,0,15182
dd50d374-59d8-4980-8e34-afc060445764,0,22602
9b3f98be-cd49-4634-9dc0-d473d6766fb7,1,15103
5c65a8b2-7873-4490-9fce-ac4fe0417ada,1,7870
f55fba9e-9583-4c64-a6b7-6fcdc4545ddd,0,25434
5da4ae85-379e-4c15-b67b-340296982a10,1,8006
c7ccf0d3-c18a-4b89-acdd-9a106d6d882f,1,20174
4f067b69-3b06-417d-b950-99bd8223b27d,0,6345
664cb381-ccdf-4c19-8a86-a664d402221c,1,9033
04ce0574-5d18-4661-973f-7bfbb0707a1c,1,237
6f5eb191-d7ee-472e-b08c-e6975896f5c4,1,10155
6d662191-3763-416d-a8c4-f4e5c910199a,0,9918
6ab0559b-24d5-44d4-a8c8-e03bdce9c88b,0,9575
3aed4a87-9c2e-4c32-a082-25b918c4f76d,0,4042
f7909c0c-c9f0-4c93-be7f-113926850ac3,0,25677
8030afb0-b23e-4d19-b127-63f37e781ccb,0,12088
a880b35d-0e5b-4790-8805-ed523f70e110,0,16639
c4969e49-f2c8-423c-9181-28c2e93daa20,0,19790
3ce512cd-65c8-480c-9707-242b3715d3da,1,4273
6a35c51e-1d5b-4a08-b863-071916d08d79,0,9498
8e643402-fea2-4355-b577-56fdb7041f21,0,13639
972094b7-b961-474f-a0d8-33a5fd88cc29,0,14607
fc8878b8-aa5b-4ae1-9a32-de3abda9256e,0,26270
0bbdddaa-499c-47cb-a6cc-a67faa4ec135,0,949
965145d0-8467-4fd8-aff4-a999b411e1d7,0,14516
38c5dfe6-dcca-4bfd-85c1-f3868ab37c6a,1,3781
8ccda516-932d-4f8a-9765-6135776494fb,0,13458
b9a3f7fc-4bab-4e56-a206-50bc34fa4716,0,18597
5386aa61-84c4-4f35-ba45-62544e1887cd,0,6857
8f202a05-d9d3-43c2-aa4b-0ab8939f0607,1,13729
f8dbc41b-06f8-4fca-9495-d35f49cf0130,0,25820
104c55a0-70a6-49a7-a677-c170d356372a,1,1252
5b87ecdd-73ea-4dea-887c-85a52c6d2f9f,1,7765
0c0dbae5-b0a7-43b7-a964-11e6bcf40ae9,1,987
4d6e7a87-c86a-499d-a383-911aee689f75,0,6155
7064b2f2-35e0-4d04-b0a5-fe685ac83526,0,10259
45106efe-4583-45b9-821f-18f3559db2fb,0,5200
e85ccc63-3449-4bb7-bd0f-2b1798460512,0,23918
5e4e025c-28a8-4c86-8355-18a5895a7627,0,8078
09d2a8d3-3ef9-4e91-8abe-d1c127747905,1,745
592eba0f-e259-4a04-a574-05259f61fe5f,0,7520
44c8b746-13a7-4245-a82a-b61d8b5ba562,0,5163
27ee75df-d2e3-40c0-994f-3efd14e6dafb,1,2490
8e2d84ef-7fe9-45f3-9aec-8b7d13975e19,0,13617
a7ad23a1-d70b-410f-8f89-c2add3e3ad41,0,16548
e80e5db4-c456-4223-8947-426efff27057,1,23884
f5dadf63-c828-441a-b595-ea7698087291,1,25502
d4d338e2-2627-4587-9fa7-41a13fbb3c67,0,21659
c60549bc-ec2b-4961-be50-e84d0f2331d8,0,19979
15aea21f-d48e-465b-a48d-fb7e4072dcaa,0,1492
4fe1cdc4-b05e-4097-9bf6-64f99b228dfa,0,6457
a6a2cfa8-b17d-412a-b43c-6feac3befd61,0,16416
be443cae-043b-448b-b6e7-43477812b9cc,1,19163
31e4e2fe-9d21-4cf9-ba57-3174ebc32a43,1,2968
fce8b43b-956b-4696-a90c-412398e7227a,0,26316
b55cf195-84c9-4219-8c92-c849079a49a8,0,18130
a4d1f4c4-9181-4f5d-8582-a25a7d9be048,0,16198
8a345a98-7f22-4a81-8c21-3541831c3c1c,0,13152
be2edd9b-3f12-4399-bec5-9371c8920a29,1,19151
3a991b9c-0848-4627-8a56-a900cbdea40e,0,4007
be7b198b-1417-4536-ac79-13dfa0529287,0,19191
9793748c-55d4-48e0-874e-96d2f21eaf93,0,14658
500f4aab-ad9e-4b4b-aa8d-1be7d18ae638,0,6480
ab9069f0-1511-414d-b37a-2920517004d4,1,16990
385ecf1e-e97c-4d79-b80c-6d0c04f8bfe9,0,3722
155e1bbc-b81f-4164-8de1-b3c235bfa87a,0,1452
4d61c5dd-858f-4b23-9b15-838e3f16b043,0,6151
a57cadda-72be-4b2f-8724-82cf1fc08f07,0,16281
af8e3f2d-e9c0-4203-af50-123dcdc8111e,0,17449
807c4848-bfc7-43ef-a631-fc29307b92d1,0,12123
a2a84bc3-c75b-4df6-840d-e118b61594d4,1,15932
505a5b16-5b8a-42d0-a693-52b20b46a2bf,0,6518
cae49e79-ef94-4142-a603-19a4c63305a1,0,20537
02a07cce-e68d-4096-a6d9-dbb93ce2cdf1,0,137
5d56c54a-8016-4472-9a3c-5998a6ddfb66,0,7971
0f739fa7-fa35-4c0e-997d-9dc9866346dc,0,1205
c49cc2d0-1b16-4aa4-a2f8-b450e119a4d8,0,19792
ae9de5c9-8bb7-4570-8c3b-d5f724108f0b,1,17336
6834d1a8-c667-4a5e-ac40-a8be0752d32b,0,9268
2eeca9b5-d14f-46c6-ac7e-f676ee83e6be,0,2778
4d74f086-d45b-42d0-86e1-fca7b04664df,0,6158
ac056286-2e9a-43a7-8143-60082ef45a8b,0,17040
e97da81f-c608-49cd-acf5-4ec961861bbd,1,24036
c7f7464c-748e-4c3d-b4b7-d4e4e3ef843b,0,20200
852cc5ad-522c-4a30-af8d-6dbb53fbee4d,0,12597
c4c3119c-736c-4156-a0e3-93fb7049ae48,0,19815
a383180f-42b5-478b-9a28-cd2ac6b9270f,0,16035
bea23d20-aa4e-41d5-b8e7-22941746e543,1,19210
b00b6900-8b72-41db-a443-e1fbce442336,1,17507
4a46ea95-0a1d-4f8e-8107-7a7ed421c2ad,0,5807
11b092a2-141f-4a4d-8559-8cbef2f8af21,0,1306
3f21ced9-2155-4c73-9b00-c4747d5bf31d,0,4521
df444ec7-8a60-49a9-9313-2a42ea0bd6bd,0,22830
b75d9cd8-57a3-4485-95b7-3521605481dc,0,18346
b9ec22f4-f273-486b-a2d4-132352dfdbc4,1,18631
f29d2e7b-9a63-4614-8e61-62553edcb7fb,1,25132
d2c30dd6-d599-4408-9cd5-e1b13e0a5bd7,0,21446
342868be-14cd-4700-82c6-575f62097e6e,1,3223
15688c5b-57a9-419c-b93c-115d7cec828d,0,1459
a10735b4-e069-4df3-b1e4-5e54825ebfe1,1,15746
a1733f0f-0822-4ca1-8e60-cb3981a7f7e8,1,15805
b6224e20-43d0-48ff-b33e-34e18ef36d64,0,18211
9c36a9f4-1e6e-4938-b827-a97c23afd77b,0,15206
cb1bf059-6398-45bb-9dc0-5c3c993dfad3,0,20567
b22d57db-e40b-4655-8c57-7dd561d1d1d9,0,17759
5da96579-cc2c-4437-8830-4069e7da2a16,0,8010
6470a79b-e277-4f10-80ab-5d5484a010af,1,8797
4348b866-bf8c-4df4-9e90-c99e7d9ae9f8,0,4996
e6e71a2f-a24f-4dfd-8f8e-272565afe161,0,23755
9c388222-9984-4394-9039-dea9003ff490,0,15208
a3aca23e-01be-479b-8c62-7a9f96297a34,0,16059
7d3b3dd0-2fa5-43dc-a84b-673bc0eebaa7,1,11734
49f0fa25-89cd-41a7-9c70-4d7d8d9be572,1,5762
7d4755ce-3045-48ee-8ba8-638f62788e3a,0,11743
f4a6bb3b-0139-4b83-9ced-02f6122ecf4c,0,25354
19c0ec83-9922-4efa-916d-96d3c4666641,0,1951
e2e8ae50-949d-47ee-af7f-f42c4d2bd686,0,23256
6b1c85b0-7acb-4d9c-b4c0-622d0025a088,0,9631
5f8ecc2d-d8b8-4974-b327-7920315c55aa,1,8232
657e2cb9-e776-4aad-80a4-f3826adb26eb,1,8938
f99ca055-6c33-4770-92a9-1d1696680f20,0,25915
38a2d9bc-5487-4abd-8431-698574ab58be,0,3756
f5848669-b012-4685-9bc2-3c76680f7289,1,25455
7faa4f5a-f428-420a-aedf-7797c2e49ed8,0,12033
c9795d1e-7741-41e3-bd5e-98ab4fe66a2d,0,20370
bfa45a99-7125-4d61-966b-c51e54dcbf10,1,19333
4d7b57bb-c221-43b4-a207-f921772e4d90,0,6162
5882be25-40fc-49db-b4d5-3198385ade64,0,7440
66da3a5c-6af8-4171-ad7b-762c6755f544,0,9111
a8098820-9876-4866-91b5-6ee9f91d106d,1,16589
6dc79735-781d-44da-bef2-6f13e22c2d05,0,9956
f149b26e-035e-4f7b-b55b-016334772d2b,1,24970
badba1fe-003c-4792-817f-ef8bfc22c27d,0,18760
d4c4d222-b66e-46d0-8324-51d22ec81a9e,0,21647
79ca26e4-70f2-409b-986b-91cdb44daff5,0,11343
4ffc98be-0e13-4fe7-b4fe-248b232b7360,0,6469
579cf15d-2b88-48f4-a4b1-f851194359d3,0,7336
776b44fa-43e6-4f7b-87fb-7ae97763085f,1,11076
3e4ee273-d5ca-4cf8-a75a-05772e0e12fe,1,4432
b0eecb36-25c6-45fb-b61c-f0c1a7793a67,0,17608
7f5aa259-e078-4d96-b141-95c193b39a0b,0,11981
f34899e1-3927-4191-b50c-bec95808139c,1,25207
3d7fb4b4-5e62-4591-aa4d-cbbc1ca3ffb7,1,4346
1965d2d8-496d-431e-b9fe-a04f9dbbbc16,0,1921
e080c6e0-c39d-4098-a105-4a0e4b3ba36f,0,22984
5bc12970-af13-48bb-bd12-a5cc72fb7154,1,7786
caf25a63-fcee-4c61-9e04-71b3c401496c,0,20543
a5ba9ccc-0872-4681-aefa-9e15fb51177e,0,16309
db024b46-4a82-4713-8e8c-712f32427c9e,0,22354
ce9f0c38-a86b-484d-93ae-99a7203ace0b,0,20976
0456cd35-da6b-459a-8ca6-47af176000c3,0,220
da358a05-8106-45af-9a65-a95e5296cc09,0,22273
ae505ed5-51b5-44f7-8145-6cfe7785b756,0,17302
6f851425-2149-48db-b9e0-3aaa5d383a83,0,10171
45257ef3-5af3-4969-b0e8-a73e716f240e,0,5211
85885488-7e02-4140-afac-7f673cff1090,0,12634
50a23843-cbdb-4570-9033-fdd9e015d9e9,0,6548
a8bb930a-fe02-49a3-9a3d-918ead457fcd,0,16665
b0c5e65d-fdc9-4de9-b614-f77b551d9db3,0,17591
4fa00b91-3a79-4c58-afd7-06eef0487c06,0,6419
861527f9-8aa7-4c7f-81b7-c8bf6fb68222,0,12696
92307af5-1f76-473f-beb1-45d94fe66a7c,0,14058
5ad0ce1f-5ef6-48da-a7a4-3a13a4457add,0,7693
4d7be087-4cbf-431c-9311-acf682da839d,0,6163
80bb1913-c1a4-4f50-a2e0-a9e237ee2a53,1,12148
d25064e1-6b63-4253-ab14-10137214e47e,0,21391
df51b059-30aa-408a-8790-2ee621b83694,0,22838
347f3ce5-b21b-403e-b48d-037f7fe8d4d5,0,3262
d01fc6b0-cdc1-428a-9d1a-82ea647aefc7,0,21142
26727770-8a9a-457c-9c98-ce0e6bc95962,0,2425
9f08094e-9855-45c7-ac2b-1375e23f6b2f,0,15515
9933bf89-fac8-4d39-9ecb-0091e088e1e5,0,14858
ab41e71a-fe4b-4d99-9e46-da80aeba0ee8,0,16957
ebcf8c7c-4b1a-44ed-a722-4844dadbffd6,0,24322
08a09eef-7c20-414d-b36f-bd609dc5c763,0,609
7202cb18-cb1d-45eb-9060-207d4cd52b9e,1,10463
7152f901-adf3-43f3-9029-82fac59d8307,0,10372
76712baa-545a-42d8-8670-79a56926349f,1,10973
77563978-96a9-4687-838e-328917066492,0,11065
c3b6e7e1-e54b-4b82-8a82-cccd17bad098,0,19682
11d0e217-7779-4446-bf81-7529de124d89,0,1310
70c6d6ca-f753-4860-9479-6f7f235e861f,1,10298
877a553f-e3dd-48c5-af09-35051c042557,0,12847
e503670b-da88-4821-a11e-7bfcb4be0564,0,23506
8eeec5b7-c69f-4299-900a-a10668cc1efe,0,13705
482072b4-619f-4398-9571-d9520d195406,0,5565
9026b542-0d53-4df4-95a7-17182000c372,0,13844
a2269867-3a23-4cd4-80ec-8c0f917f5986,1,15876
8adad269-d24c-4a1f-bc9a-e923da4dfc1e,0,13224
41c03709-012a-4f30-8254-42582bf53e31,0,4847
154dba64-5188-418e-82ec-d8f1485b433b,0,1443
6611a83b-ab07-4ffd-bbad-b62d35e93f73,0,9006
6cab36ad-98de-4ed3-b6a8-ae4621be9044,0,9830
b070ebb3-1940-443b-8cca-85eb31ff8b23,0,17557
a8e8e360-1c06-4932-820f-cc0066da187e,0,16693
ac2e60f3-e2dc-48e2-af1d-728fc8d838c1,0,17061
651e8ecb-52ac-492b-8026-9e4a16873b11,0,8884
48defac0-fab6-4c3f-9d1a-0ba441d599ec,1,5637
bf152efc-210c-4f7a-b112-bf49164d8a1e,0,19262
168f4fcb-a87d-49fc-b167-4ed42fd1ec43,0,1607
ba38bcd7-f0bd-4ebf-9f5e-c63c8cb612c6,1,18679
eb62badd-0421-432b-a6da-b5d6d5535be8,0,24269
597b4e4c-88b0-407b-84c9-f752cd23d447,0,7558
33da8f93-c3f9-413c-bc49-2a51f34aded2,1,3191
d07c7766-b464-4176-8a16-8b46b267f0a9,0,21178
b6862fc0-31f9-4091-b8b1-256192168a0f,1,18253
fe5f2de2-4299-4ce0-9eb9-791271c4168a,0,26473
f28c48aa-fafd-4e82-b73c-32e5c660f0ed,0,25124
17861c63-e67f-443d-99e7-11bbf3f6239e,0,1701
9c17d2a3-8d62-455e-90b8-5da650837b01,0,15189
06f4f57e-ab00-459a-aa03-2ffe1dc75bdb,0,423
414852b7-ca70-44a7-b226-7975a2dba306,0,4775
3bd5e45e-886d-4d51-8bc5-f7714984e7c1,0,4147
52c173d2-14e2-4b91-9770-e2f7900399de,0,6776
6000d1b8-1733-4617-93e3-b6a633ea0fce,0,8289
e6a55b74-99af-4a70-b4ee-a102cbe33ddc,0,23728
d13f651e-65e6-462a-89a7-d21b49b480d0,0,21269
be2c9d90-ba76-4bad-b9c1-2e73ecfd4bfa,0,19150
37f5c61c-c395-468f-a4ea-7108343a22cb,1,3666
5b6c40fe-abd6-4cf8-8de4-b064aea86b5f,0,7754
efca1796-561c-4131-9a5d-19efe15f7e85,0,24793
d8d40e55-c205-4223-bf02-bd7bbafdfc88,0,22102
87b52a0d-3e68-4699-bc6f-0c789b039cde,0,12869
d346540b-05a3-43f3-9d55-858aaa915c22,0,21490
a139ba14-0e47-46d1-aa09-b9b29b43e4c7,0,15773
3930a016-283a-47b7-8fba-202320b4b35d,0,3836
1ccfb985-e736-49e5-985b-f44268fb13bc,0,2077
9c6cda5f-1ee0-4048-ad4f-815739b9d5ab,0,15230
3d952d28-d05f-434c-a8bb-ce78cf8ab240,0,4355
aabf6dee-a9c0-4b30-84f6-42f3ffca3c1f,0,16901
5f137fa7-6539-499e-b0d5-0e481221bf5a,0,8169
a4160584-0311-47f5-877b-9ab95fc2d553,1,16107
56d828a4-3b3b-4ab1-bd49-45da987f8935,1,7254
63f8fd6d-67cb-4cbf-9812-029156e77046,0,8739
664e584a-f471-4ecd-abc1-c350e32e923e,0,9034
481285a5-9df3-4824-a806-67d6404e287c,0,5558
73c536ff-9071-44d0-8b4e-1445ad87894b,0,10658
0ab601ca-5f86-498f-89ab-73208a353e40,1,827
82511162-d2f1-4299-bb37-96355996db3f,0,12318
26ae031c-b211-45f4-ac4d-b2983db93aa6,1,2435
bf5255f6-1130-444c-957b-b2ef01d01167,1,19288
56fa1b60-7a14-43d3-bfab-f326cef6253a,0,7272
67d3851d-3518-4f78-8386-9ef96574e1fc,1,9226
e29eee17-1c73-4ba6-81a7-9c4c94b9add6,0,23221
91fbf89d-137f-4d13-a962-627c3ecad353,0,14038
e9e6ee1d-d630-42b0-bfb9-cadee46d2250,0,24091
9f9b544f-2939-49ba-8526-bcd0e88ae731,0,15584
c16ac3d6-f534-42a0-9544-be734df26cf6,0,19442
7d5c6cc4-1ef4-4f84-ab53-f736f4844c3d,0,11751
c0d8eb9f-8276-414b-8cbb-d8f28b61aac1,0,19405
d1a8412a-1f42-42dc-84ca-4faa5c570620,0,21316
e619bef4-ed63-438f-8c2d-dd823c313678,0,23653
1571afbd-596f-472d-96aa-235add06eea1,0,1465
335d17b1-bdfb-4939-9dc9-fa93f09648eb,1,3134
713da391-cee4-4241-82be-5d4db7f34645,0,10360
9991aba3-b488-4b14-bf7b-7841d2ddc0c7,0,14905
9dcfa483-4ed7-4cc8-954e-eb7c188e914d,1,15358
cd4e583e-19e0-4b95-9b4b-148c05b679dc,0,20832
e45f2d7f-93d3-4fd7-8bae-bd662a510470,0,23429
cba75100-b006-4542-9e15-d16a73287cc4,0,20634
7f1ee52a-1018-4b3e-bc5f-94e2222c770d,0,11956
c4542463-c7e3-4af7-a6d2-bb6cf6388012,0,19762
90285ca1-6780-42ec-bb1b-ddb3a7ed23e0,0,13845
aac98e99-3d0f-4bf2-a38b-15d4e764a3ce,0,16907
f8b8277d-1c42-4488-b573-d230cadcb570,0,25809
94ce6989-c700-4a9c-b3c6-8c5a512b6ff1,1,14354
5411ca96-8ca4-4029-a422-1a09dfa80b8f,0,6929
8ec49daf-1d09-4ced-b97c-f0ef452ce616,0,13684
4677062f-9e7d-4fa3-a55d-7a5d7c315c5b,0,5361
b76728e6-f44b-40bf-8688-e703d10d2039,0,18354
95af921c-0520-4edf-ac33-b48fe42bb6ac,0,14441
99172893-0d7e-42f1-a388-0030a7706b0e,0,14844
c78a13da-c193-4c4d-b301-18b837d27840,0,20142
f9291cf3-bd24-4b06-9550-69c99384ceed,0,25852
97d33835-1ad8-4c7b-8fce-4552d9dbe2f4,1,14689
355e1c01-1ed4-4219-bed0-483d52e23c84,0,3369
5f55346f-33ce-4ceb-ae4e-b85939c1e07c,0,8201
8e434550-6fc7-4039-a8b5-1279c79e3b29,0,13625
ca3a80e5-b6e3-4b19-b871-cb14679221d8,0,20466
d6767f06-1031-4bbd-9757-31c7c9fc0b3f,0,21841
d70d24d7-9fdf-4437-aa7a-b07b34de0497,0,21915
1153fe0a-8d2d-4900-8cfd-af90d1e0bdfe,1,1290
e8c2a1bd-c4e3-4d39-9adb-e359dc8dd5fe,0,23962
37914eb3-bbb2-4468-80aa-6a8482204fb1,0,3619
1755b457-2c7f-4589-999e-aa172dbbb188,1,1682
eacb08fa-28b7-4c6a-b343-e3bc955b0b0d,0,24197
b1550f56-1791-4d02-b089-287eeb0c1777,0,17657
e118d121-0791-4250-87a7-8488c7f66b0d,0,23050
18dea804-4283-4c5c-94ea-47c42bbb619e,1,1866
b180c8c3-adad-4d7c-aa3e-1e352f95bee8,0,17689
7926adbf-0b36-45c4-8d4f-a8e5159ae5bb,0,11271
b8cda939-dfb4-455b-9ff4-17e199b3ad1f,1,18504
68f5af12-3276-404c-8b82-97e4945575dd,0,9335
0cb05380-5ae8-46de-8585-41b5323d7c65,1,1060
cf9f3bbd-4292-4ffe-82ad-5a5e60379cc6,0,21084
c13d58e5-e24f-4d57-a780-9164802b4290,0,19433
9f7a4363-6db1-4e19-9b36-6fba64b47d38,0,15568
45fb8da2-3209-4eb3-868c-9b923e67fb38,0,5307
482560b1-f73c-402d-97b5-7cc146682bf3,0,5569
882fcae8-0b86-47e7-a984-6d5aac805b9f,0,12924
b2fca33f-a7d4-4a8e-a6fe-2fcc48b7d1d9,1,17848
6ca29744-a746-401b-b774-66190b3c25d4,0,9824
ecb2a2e7-de68-4f38-98fd-1ba064af5921,0,24436
e89dadae-bdbf-4f2e-a4a1-d2d56abf0d48,1,23947
ef76af54-ff7a-483f-854f-3d8527e720ef,0,24759
a8bf12b9-e24e-419a-80c2-1ec23e4da973,0,16667
e991f321-a3b3-4260-9ba9-d1d7ab734d43,0,24048
7338e55e-45f1-456a-bf21-73381ab1ef36,0,10602
9e1f4112-a728-4c78-ac74-c616956d5c77,0,15402
edef8fc4-60ee-4736-8f32-4bb25d9e6800,1,24585
08090a05-52ae-42a2-91e4-35dd3a8641da,0,548
f4f822fa-eb0d-42bc-946c-32fea8b69f40,0,25389
07e91ac7-990f-4318-8da2-732b09764cd8,0,535
a9666c7a-9d69-41b9-923e-a7bccf610b50,0,16756
99306946-1577-4724-be54-9b8b1b1a7869,0,14856
64b36fb9-40c8-431a-abd2-6b9170f52db6,1,8831
85c11381-f062-4bcf-9446-c3b79d528cb2,0,12664
c3a56044-440d-4163-a813-3c3f6fd5b68b,1,19669
621823eb-605b-46b9-82ac-3201b0fe85f0,0,8511
60dabf7b-68bb-46df-892a-7ceb8c14515f,0,8384
c9f3a54d-48f5-4268-9306-bb7885fd2618,0,20434
a1ed538b-ed4c-40ed-8364-c9443b51ee73,0,15853
f62c9cfa-ee5d-44fc-8ad3-f3041e4ef521,0,25533
a6545c44-fd70-4bf4-8099-68f614b732e9,0,16372
7081380a-00a7-49a5-b574-a7f8a41f582d,1,10269
d02c1364-7808-44e7-82ad-bea5e7e2cd3e,0,21145
1ccf9c68-7db2-4170-b118-2b390c4bac7d,0,2076
aa642eda-547a-4bb8-9376-c7d2282c3e45,0,16858
e4d0408b-2e0b-4fad-be82-236bafc9b5d6,0,23477
bb1a546d-12e6-41e8-b602-768a0e499569,1,18794
06cb14bf-b134-4ad0-840b-8cf278559d66,0,400
48094385-2a86-48bd-9219-7f9cacdbb8ce,0,5553
79914079-6550-43f4-b420-27f06251b5b1,0,11322
7fb3c5d0-81fd-46e3-9063-cd8d71831790,1,12036
e794dbb2-5075-4cd3-98f1-e9876e4f7a04,0,23829
445de2e1-a0bc-4535-a233-2d9d62975e80,0,5104
f385200a-1f87-41fa-bab5-79350e4c275c,0,25234
25be7594-8de6-47ce-80cc-2df7e94d17f9,0,2399
d6a0529a-5bce-45cb-a358-6cc404676177,0,21859
2098cb66-63ff-44e0-b741-c8e84199d7b2,0,2217
d87efba3-87d4-4f09-95a0-f927a1a22df7,0,22072
65d36e7a-f867-4bbf-98fe-f6ce549cae87,1,8972
eb288ada-c73c-4674-877a-47d5863623b7,0,24244
ed8e6195-4c32-4f5e-90ee-3bb088f7d174,0,24548
511d4f71-c84c-4bed-913e-50669fa80fd7,0,6602
edddaa15-b11b-4123-a8fa-69dad5611450,0,24578
ea8edb7a-0d84-46f1-a62d-1b4f725ad778,0,24169
b434200b-248e-4aa3-aeff-b0c9351a65fc,1,17990
d459c288-923c-4e28-b887-52a0af807d27,0,21590
1f6e393f-ae2b-4086-acba-8e4272245a7c,0,2171
45cfd6b0-6dda-4193-8035-1cfc7826dcc7,0,5280
1819f120-e9c3-49a9-aeca-edf35d7a9c90,0,1777
6245bff0-f2da-41a0-a503-4a578f65bcfc,0,8535
158aa1e6-0e62-4e5c-acf3-10bb8882025a,1,1477
b12523d2-5618-4e33-9ad3-d1e77a9c9fcf,0,17638
06e1a29a-6307-4ec2-902e-b379d39d2101,0,411
f1c7109d-34c0-4483-bf2d-a42fa909eba0,0,25032
3b0e8d0a-230a-4483-96c9-d91bb17be632,1,4052
fc8234d8-06fe-47f3-8fdd-cf5b01fb721c,0,26266
84c3c816-eb8b-4a44-ae5f-e589011ae9fc,0,12566
d6eb6ef4-09b0-408b-a07c-d66d7af6e700,0,21889
f6a91706-c486-40f9-aae4-8d4cccb05e6f,0,25585
66270ceb-178f-4649-9193-d09b07ec5670,0,9015
9862765e-9093-437a-b640-b6feb9a311b5,0,14748
37b37037-486d-494d-948a-5d66d308dd45,0,3640
93d411f7-22d6-439f-b0f6-ff1ca5a15699,1,14244
55c5651e-3ea2-40cc-a5fe-0b5af6efb769,0,7130
e9d01262-68be-48c0-b278-3ada6fae8933,0,24078
688315e5-6846-488a-90de-6ac0655149a4,0,9296
b4f8176e-a3a7-4a9e-90ad-f2b80ac60e33,1,18076
08941080-30dc-449f-a8e1-e6530f4695a2,0,605
be910d75-76cd-40ad-8b4e-07ab616b43c1,1,19201
aa1ab66a-081e-4c5f-a6b8-791a5182466e,1,16827
5f65b816-264b-490f-80d0-2435184d47ff,0,8210
7c417c53-35e8-47ec-9bd1-8eb4ac0699b0,0,11628
6afd9e2e-7841-4469-88c4-13fc2abb3b1b,0,9613
e5a174a2-d0d1-4788-a694-600ffa162542,0,23596
efcddc12-4d79-4245-84e5-ebe3ac185e7a,0,24797
83208148-1cad-4186-a6c9-97cd0901722a,0,12395
fe5e5a88-1f1d-4abf-9a40-03517c3260ba,1,26470
50f99f53-c703-4bda-b7b6-abd6be693c7a,0,6591
a7b7469b-5403-450c-9f01-c9a9b809b66c,0,16559
c34ea5d9-c6ef-43bc-8df1-30918c113d99,0,19625
d451ba32-c341-4588-9b12-5afcdcf0eea1,0,21588
4f20081c-d7f6-4516-9a3a-8a52e64ea16e,0,6355
e4dd0917-252c-4feb-803c-ef934cf1b335,0,23486
a3c8d7fc-d539-4e4b-9dba-ee6875adef71,0,16067
28a26212-fc5c-4944-9afc-054c466995e7,0,2520
82ebcb5c-34e2-430a-a7fe-06e50e8e0b4e,0,12372
4e5ba406-f79d-4f99-840a-168bf59dcec4,0,6268
ae909ea7-5fde-4d40-8295-337f5fe62d29,1,17332
9ec6e281-84bf-4b6b-be0d-0ccd279257cc,1,15483
cf417f5d-5b23-47e0-a1ea-69e79994d31c,0,21048
a0d0d3e3-17f8-40f2-ab60-07f91397966e,0,15724
3b12ae6f-0386-45b2-8fab-5ae6b93fbfda,1,4053
db1b9264-0217-4dcf-aa28-e71c7484f22a,0,22362
fdec46aa-eb1a-423b-ae4a-b78af0bb9ece,0,26423
805f684c-7781-45ba-83db-4ae332bd2cd7,1,12112
e79dfd08-2bec-4c51-923b-36e874aa1d66,0,23833
c8289077-0c6f-42a9-b743-70095255d7c1,0,20224
78fe9142-9b8a-4200-9b2d-129a4e30e7ec,0,11257
4c2e071e-d217-42fa-9c9b-e3931974bd8d,0,6019
c44a8316-9b90-49e6-ab36-8db213312a4e,1,19759
05ff7ddc-3fb7-4378-ac14-a10a08c64aaf,0,318
d5b43979-19a1-4102-aee8-5aaf1307883c,0,21758
1bf08f3b-a273-4f51-bafa-b55ada2c23b5,1,2041
6d851b56-7c25-4a08-8247-c55fea6a6199,0,9928
f1e96436-85c2-4179-b7e9-3f3091e29d76,0,25048
d0ab6625-7797-421a-b68a-913c9a9e3d2c,0,21199
65dd91d1-846f-4e1f-a563-b34e13c0ca5b,0,8975
79356c8e-1bc9-4385-a4e1-059a1526c894,0,11278
80e7b516-3f0d-4f19-b7e4-7e2849ec0e13,1,12166
e15fca95-ebf1-4b48-b94d-aa5b702369b5,1,23082
fe55d2e8-b8a5-4372-825e-ae4d81632e3d,0,26467
bc2873dc-5ea1-4c4a-954b-d94987bca42f,0,18903
1fd55aa5-fd24-44d9-a828-0619dc944ecb,0,2189
3b31cd2d-db9f-4671-8adc-c41203f013ae,0,4074
f39755d7-a28a-41f8-81d7-b46633eb4610,0,25237
08845a57-ec6b-4efc-b919-6020dc4460b9,0,597
51e88086-33ab-478c-b215-d198b94c1523,0,6675
94b95919-9eae-4049-a578-7803f8e06753,0,14342
7fedb49f-a0d3-4b14-9c8b-0fb24d8ad067,0,12057
79f03dba-1c8f-4993-8065-8664494051ed,0,11361
58c76b9b-8d86-49b2-8fb1-101e7c6af075,1,7470
f26e5df0-bd0d-4d54-86b6-ea40ca0952a3,1,25109
fbfc5c95-feb2-43b8-a37f-0846c5db5848,0,26208
efdc8567-5e78-4c29-afd4-a2576e42fb6f,0,24805
603e0ec2-c196-4486-852d-de43fb375d16,0,8311
2c8ab018-e6dd-43d4-9a78-a6ebc16c394e,0,2676
3f151141-a3bb-47aa-a213-4a90e8c55502,1,4515
64d18b36-074a-409f-8a7e-7bb0103d6725,0,8848
8093c094-f3a1-45f0-9280-cc62b3cc9a37,0,12133
19a62d7a-3d7d-4b5b-8dca-3247af94f339,1,1945
a1c7acd5-e958-4a25-9aa9-2b35c6306081,0,15840
d4c52dfe-097d-433a-af41-b06df7998eb6,0,21648
4b9312ba-a550-49b6-b460-4c32dc8f7ceb,0,5955
ea5e2d33-0201-4f48-9a99-296e25ce49ad,0,24145
6917d6dc-90c7-47cc-8169-f02d0df8a0aa,1,9357
bc1a6b13-b858-4900-bba3-03ac87e2257f,0,18896
737c0768-cbf9-44d3-a6e0-01e8244e55d1,0,10627
e44ab157-4b17-4afe-9ca0-65ddfd15ae0c,0,23417
3b18606f-8f64-4492-9438-235228fc1ae1,1,4056
8a4673b4-243c-432d-b2d6-fbc7500c2cd9,1,13159
07bb7f0d-ef4b-4963-b453-7f9d8c5b7c62,1,514
e4b8e09e-425d-4a95-9bad-c76b5e0d187e,0,23465
91279abc-9ad7-4c49-b53a-9badb832022c,0,13948
e80ff5c3-17fa-4366-ab3a-a248876e1513,0,23885
aecb2f65-5824-4770-ae82-2b6dc9f8905d,0,17363
a863ad50-b68a-4e28-8934-b3fe0b89cefc,0,16625
47727a34-4ba5-479f-a157-d9fbff82ccb7,0,5488
33edceb6-b8c3-4d4b-84af-f755b48f9cdf,0,3200
89492f31-d3a7-4e3f-b715-efa858eb1c8c,1,13040
e294484c-a1f2-4011-a62c-69b303b0895f,0,23216
a772f923-94d8-430f-92f6-a497420e3e0e,0,16525
8eaeee41-1a47-4c85-aa39-b9afdb767970,0,13673
5acd71c6-2de6-453c-a801-c22aa8b4f097,0,7692
708af3b5-af63-45cc-8b46-3df0f52a80b1,0,10275
379ee9d4-4c6f-41ca-a9ec-9c07bc721f7d,0,3624
f7b45870-76fe-42f3-9833-acef8c336dac,1,25702
a35d8ccc-2bdd-4915-9a0e-318828fe3de3,0,16018
2f6374c9-baec-4236-acb4-a3815dc8243a,1,2796
035789b1-3736-405d-9910-f8f23c62ae9f,1,162
770ee884-c29b-4e94-92d4-eb3a5431d976,0,11032
cc75eab7-789a-4d00-98b5-9531cfb9e2f6,0,20722
8e55db97-849f-419d-9c43-53ef7ad74a31,0,13634
b3cb6b71-3e7b-4287-a4e1-49a443d31215,1,17931
5d911996-656d-43cb-af29-6ff04cbf752f,1,8001
448c6151-2bb5-4df3-b07e-7f86f3a5737a,1,5127
f144cfd3-a0be-4c5f-aba6-0f211fcaa04a,0,24964
e08f1996-0daf-4672-a56f-67c249e8cc6c,0,22989
993a56ee-5014-4ed9-846d-31f8c42114c2,0,14863
28dfbd38-b24a-4cfb-a355-34c226dd2aa2,1,2535
9e1918bf-f33d-4cb6-b07b-1cf0bb9283c6,0,15398
4ae315a5-733e-4de7-9f29-a095134382cb,0,5868
68c5169b-377b-4025-a26a-1e941a55a667,1,9320
7f645a7a-fe05-43df-9deb-b55414798991,0,11985
5d6fe44e-3db0-49d6-a041-369086055e9a,0,7982
c538cfaa-3ee3-4a05-a67d-0224e244bf34,0,19871
416d4d85-4b64-4ee4-a2d1-e27e7c346c64,0,4799
49f20ab0-dde4-4ac6-8323-950a6bfa4123,0,5763
2d5e1e45-218a-4a12-bef9-43411265b464,0,2713
45877324-19f1-49c8-90f2-037d0a6ebfae,1,5255
a8eb3550-b9a0-44e9-84e5-cabc2d890425,1,16694
88f2bcae-b626-4645-93e7-517f893c3f7d,0,13007
3b6ec358-1b18-41ca-9941-3d9f60739b7a,0,4103
a56f5a99-aab8-4cd7-9259-400acf454292,0,16275
864436dd-976d-45ad-b6c7-1bfe927c3d69,0,12712
52ee897d-e583-4d07-b18f-2e86a31a3b89,0,6794
332c629d-1d50-459d-ae88-4ede4f291b28,0,3109
3ef5b81e-d976-4f52-b514-a7492effdf87,0,4504
8e0004ff-b53e-445e-914e-4dc4fb91b840,0,13599
a7618fbf-2b1d-4655-92e0-061dda0651de,0,16514
e2fc3d22-252a-4e95-bcf2-76c56a95ce39,0,23267
06155af4-88f1-48b3-8860-27578f1b2e04,1,323
274f1a78-5887-4694-8fd6-a1847d9bc486,1,2463
094eed38-9c5b-4042-936d-344ccec4c3cc,1,682
40eaca23-ac68-4025-98d5-f62100c04350,0,4737
e7f41761-1491-46b3-b718-a09637f90682,0,23873
b9494bfe-4875-40bd-a16e-58493d87e5b2,0,18554
e0369042-78be-4ead-abc5-7aaf9474fd05,0,22946
d8e96e2f-2f69-4695-8b3e-cff938540d4f,0,22114
78823816-7270-4949-8227-09f857a5f793,0,11184
8ce28cb3-1184-4792-b774-229fa7dd633e,1,13470
9a61bc75-01c7-496c-b5a9-b4ad264b7885,1,15011
b1c607c2-6651-4bfa-8a6c-ba85c349927a,1,17720
a13ef770-379a-4567-97ba-3f648a89f2ae,0,15778
bfccb05a-9ac8-4879-bdc4-7aff2460093c,1,19350
73e37383-33e9-4d18-82a9-d9179850fabe,0,10673
7d842ce6-0d39-4698-a867-4d35409b1f95,0,11764
4bba1b7a-1207-43de-b4b6-e6af557e7ce3,0,5980
8b3a7974-3b99-49c5-863a-f692944080b6,0,13281
076c5f9e-787b-417c-8639-07639b581102,0,484
7c5b0c01-5695-4463-a576-447d4e14de22,0,11637
01e4fd43-4f2c-421f-bd68-c756dceb5742,0,92
f6bd4ebd-efbc-4315-b67f-19ed7610b2d2,1,25593
7b54c83d-c6c7-4382-9ec3-38cbc78dfdb8,0,11509
c45d1b54-4623-47f6-8d5c-b5ae786afcc1,0,19765
9c347a73-2709-4881-9869-efa90e424323,0,15203
995409b3-0b7f-4839-84d5-ce70fc2632d7,0,14873
56789bdb-728f-4e47-95ec-e008f08e0b41,0,7204
a75649b5-f044-4b85-86e7-91e6c6051826,0,16511
3c072590-e9e8-4ac2-b9e7-dd1776e2a537,1,4169
d027bd6f-d87f-48f3-a2e1-34e7fcba593f,0,21144
8dc929a6-3ca7-480a-bdcb-a2668e16a5bf,0,13571
b3414f3f-42c0-4bd8-bec5-4d3c2641012a,0,17874
197afa6e-d36d-41eb-9028-d4a055f4c838,0,1932
b171964f-e911-42a4-a1ec-e57128258011,1,17679
af2a57e7-e519-470c-9dcb-2916e34e986b,1,17409
bbbf604e-8e1a-4d96-ae15-f8c51ed31854,0,18855
8d0a816d-7847-455d-bd2b-04f4794a593c,0,13488
ca5defaa-00b9-4904-87dd-debcc3ed3d77,1,20483
9eb93611-08de-4ae9-a44d-4d86dd123013,0,15474
894a56ed-c1fb-4ddf-b268-def503c20f16,0,13043
dcdf34fb-bf38-4a91-af40-3cb16829efbb,0,22556
b7419f2a-9201-44ca-96d5-441bd3bf4534,0,18329
cc972377-e6b1-4325-82b9-131e5235c5c9,0,20739
b9553f29-1bfd-4362-bc1b-a3480809daad,0,18561
db16e9ac-b5e2-4d81-9b70-7c31b6852c66,0,22360
8db67526-afe8-4da4-bad9-cd3615174e00,0,13559
4a055fd8-229a-45f7-afa1-84488eac8ae3,0,5774
c3b54bc5-16d8-4877-a601-7b3995764e72,0,19681
9aeac4e0-68d4-4214-9e22-72facf654789,0,15066
8b95e8f1-a796-4dca-8f09-137869c91eb7,0,13319
e2989b3b-a42c-4ef9-916a-855741c125c0,0,23218
5bf4d8ea-3522-4c98-85fa-65e099ea09df,0,7811
ddf7ead9-5391-4fae-b43a-22adde99042b,0,22679
673a442a-9862-4b7b-83ef-9205c4c9dc1a,1,9158
338b6023-f922-4ac8-b54b-8e8637fb0fe8,0,3153
a982579b-3a59-4086-be3d-d7209f9bddb9,0,16767
5845fac8-a76f-4012-a19e-e6b1f2815f90,1,7410
a2948b66-6ca1-44aa-a8e7-d1943495e95c,0,15921
1d9dde4e-97cc-4163-a3d5-8b845ad60ded,0,2109
8746873e-f5e4-405b-bcaf-f27c12f1927d,0,12821
9764a951-9a9e-41dc-96c4-13e2f6bc11b7,0,14634
67d27fb3-23c8-44b7-aec5-ed80e9bf6a71,0,9224
80121483-069a-4c36-8836-0dc41b14c786,0,12076
2ab70125-b741-487a-9f06-12a66018dc5e,0,2605
a9f062f2-3a94-4873-b3da-3e98d23c2967,0,16816
65fad8ec-0707-4dd2-8753-5a8dadec1717,0,8993
7ccdb123-2543-4435-a2e3-fe6f2c9f09c5,0,11692
c53e009c-d663-45c3-b1be-a2c3806fc2e4,0,19874
3e1b619a-cdd9-495a-bcbf-a9d62b418991,0,4409
5c28edea-7b30-4306-809a-7037c9a8d7b0,0,7835
3b4a83a5-e755-4b20-b21c-0a0424095325,1,4085
0aa5abc0-7db8-44d4-b3b7-8133787e0862,0,822
15c2558a-5399-43f8-83c0-a36e634925bf,0,1505
ec8965a5-1774-4644-8e58-dd62eacc160e,1,24414
7c2ad76c-88a5-4a25-a0e4-49437ea5f628,0,11617
cb683934-8d2d-4cda-b996-55cfc8d012f6,1,20596
67cba87c-af3f-4399-876b-64d8e4c6e512,0,9219
560903a5-8450-48a9-8751-e84bc57492fb,0,7154
70b6a2e6-77aa-4678-a3df-901dc49394a5,0,10292
83518a8a-2636-42c8-b3ea-5ae3107e3a0a,0,12422
917400c2-5cc1-4fd3-8ce6-6d7299d4616a,0,13981
b4c72207-a7d3-4b02-8ede-1ea64080591c,0,18060
28dd1ae4-4be3-4e41-9906-e339fb884bf3,0,2534
ad310f52-5ed7-46a5-a083-3ffd1bc4bb71,1,17180
41bd3bce-27fe-4ac5-b972-058614eab7ac,0,4842
ccf39174-e067-4cc4-b270-ec22fab89495,0,20784
6d93e4c8-6136-496d-a315-b3a7cbd3132d,0,9933
f47902cc-3169-4b1f-b11b-f3ca9275324a,0,25342
ced1a8b4-ad38-452b-84e3-56b75ff72741,0,20996
f135d126-5a13-44ed-bb30-3334cbc2b7f2,0,24956
da31f911-ffdc-4348-90a5-cbdccd644e67,1,22272
47aa04f6-07a6-40df-9a0a-258be5f8d22f,0,5514
3b27a391-cc42-47b3-aff6-206011e86628,0,4066
b526da79-78c9-476e-8f3f-821a57c900ab,0,18098
95854b0e-e916-4249-b860-5a11b259db52,0,14425
b9209ba8-6f25-4805-97ce-e1ed39c4ab71,0,18539
eb53ab76-9339-416a-9af9-2a00f0644312,0,24264
a6938f95-a21d-4fca-9e01-4006ea712209,0,16406
e005265a-b7f8-498b-b4f2-c1d162e9bb0f,0,22911
03b10fa5-e7c3-4726-818f-ecbace9da737,0,180
a45543f9-5efd-48d0-a74d-b07738c8c866,0,16136
466427cd-706f-41ec-adc6-382a05b8caad,0,5349
71069ed0-4e0e-4afd-8fdb-d35863770c87,1,10329
0f6ed027-8700-43ff-a4a6-a8211cbbbb02,1,1203
abffd045-a073-4fe4-b65e-6d27b2d510db,0,17038
d9cc9aa2-0682-47aa-93be-c2a0b98cf22e,0,22230
fb4e8f36-76ed-4354-9b37-545743fb3ca6,0,26117
b4611ca1-f0da-4bca-a291-65fcf9d0a86c,0,18013
f146bd0b-415f-45eb-b0c5-16d34a47c486,1,24967
99a21978-b49a-403a-9424-5745a90c8018,1,14915
6c5594c3-eb22-4efb-b4fa-05e3c1bb2665,0,9789
73ace93d-59b5-4895-91d7-cbe632e3a024,0,10646
69bbcad8-1da6-4a69-a771-3c73e71c888a,0,9446
8398c537-9abe-40e2-8d14-551ff9f7587b,0,12449
64d55c5b-88e3-4b28-8e1d-f30612f80dd0,0,8851
62dd5470-a8d1-467c-ab0c-364e0a4a6ee8,0,8610
76475cee-e9c1-42e3-b4a4-a79e2d0ed39f,0,10950
3a8937d5-ef45-4b0a-99f0-3cc01ba6901e,1,3998
dd6e599d-bba3-4a3e-968c-0dcba546099f,1,22618
9308e102-618e-4b4f-9e36-5662ce093b73,0,14138
e24b6a01-19a2-4b29-a2fa-780e09347e2a,0,23185
3e310709-b9b9-49c3-b2fc-cc82c5b8018a,1,4421
c2a854fa-db3c-415a-ad55-4994db0222fd,0,19547
ee2f76a3-88fc-41db-a7a3-4b925364cc43,0,24610
324f9ed1-09e0-483e-9bdd-d139e77acb85,0,3013
417ec3c5-6b7a-464f-8efd-aad833a5773d,0,4810
48d31260-a62e-4b8a-9d3c-cdc6da1a962f,1,5630
ca315192-becf-4218-bca9-bdfe4e882ada,0,20459
f1a00c86-9e7d-4f1e-830c-3d974a9577aa,0,25007
aaa98324-17f0-4e05-bce8-f78de7fb00d7,0,16888
4a22a83a-187c-4c6d-a05f-cbb859681e1d,0,5786
8b5c52fa-61d9-4d89-acaf-20a1b63a309d,0,13291
34956207-2ebf-4a47-bc56-faf23701adf2,1,3274
527d8008-4454-4ba2-9904-24deb3a46a79,0,6742
29e35700-6034-41e6-a2d6-efc2b4f58c04,0,2573
4710ce2f-0b3a-4477-b388-a6e3bcd9312a,0,5436
0fe91e4e-52d4-4615-b92d-7790d1fdef41,0,1228
09f314e5-047f-4f7d-87b3-b944e9e566dd,0,761
ba99dd86-de1a-4bd6-a16e-b6a98e558507,0,18725
f872eee2-fed9-4921-9749-9d5dbc24ed10,0,25776
ceb83d02-4267-46e0-a75c-bf5eec1d348b,0,20985
6427bf6e-689e-453e-9ad2-b39c89a0a4ba,0,8763
39b07dec-5e0d-4fa1-81d2-d8e641f756c8,0,3892
70341c2e-c41d-4fa8-bd41-573081a37dc7,0,10237
3275fe4e-18e7-4fe2-94f9-aa0d725232aa,1,3030
fb1a132a-f87e-4d4b-816c-31eb4b4e28c6,0,26094
e4893d4a-f3d7-4d25-b733-da36f13f9981,0,23446
db664234-a71a-40c9-9d35-9c7d9738eb0f,0,22394
fdc60ffc-f5e3-4765-9a24-35b8813c8cb8,0,26405
7eb72f0e-3bc6-41f8-93af-58c99d6c25ae,0,11906
79dc4c47-886a-46dd-95bf-41dd80c072a6,0,11351
ce3983ec-330f-4941-8cba-1600a774ecb3,0,20933
c858a139-4b34-40f9-ad65-59dd28a9e591,0,20238
4cfb8ed7-060c-4e5b-be9a-86de152273a2,0,6109
e5bff349-8b02-4c62-8c64-b32344fa690c,1,23609
88c0c1ab-ff39-46ab-88ab-9a9d734fbb69,0,12988
5d5a3c1f-a816-4860-a617-8c8036149c15,0,7972
850c772b-b01b-42e6-87f8-d097e92ae793,0,12587
5b4e3c38-8b12-42ab-99fc-9b8d31f40b38,0,7742
dcd079c6-921d-4d52-8c7e-bf120d73ddb1,0,22549
ebfb26c2-e355-4c76-b401-96669de2df8a,0,24350
f171adf5-5c87-4051-8152-91ba18268669,0,24986
7bfbec31-dd0c-4efc-a9c5-bb66bae3cc2d,0,11595
32e1b26e-976d-4169-bdce-f9863ce88fde,0,3085
f36f96b9-8d71-4c43-b585-24237da9d260,0,25222
a304611a-7d97-428b-a09e-26c9d11d4f51,0,15980
e13739bf-ff9c-44eb-8839-fa8c61bf8a14,1,23063
ebaa15c7-adcc-4bbe-b8af-a2fc623cffd5,0,24307
aaa04d93-39da-47c1-8736-a1a2c85114af,1,16884
5759f979-a582-4eea-8056-cc17c85bb984,1,7299
52510771-8dac-4123-9d82-6a8df9ce0a50,1,6721
17121b03-a742-4fe8-846f-c1dfeaebcad0,0,1661
7894c061-9fc1-4226-83b9-4f22483a02b1,1,11197
ff58dc9c-7f64-40d9-82da-3bb6d22494b6,0,26599
c3985003-dd35-42c2-9a6d-c9372742eac2,1,19662
18cded58-0cce-4b19-93de-48082a7b7d4c,1,1859
f36450a2-0184-4bd9-b168-a62bde57a6d4,0,25218
c9ded3c3-2032-409b-bc47-f851e236f8fd,0,20421
71c99471-4012-425d-b52d-17f161aa1262,1,10436
acbe37cf-0956-43c9-8d1f-097b5aa8c06e,0,17127
97cade54-986c-4ec0-a42b-8fad351e2097,0,14684
d84420c3-ad2e-4308-8686-22cf5035c65a,0,22048
8c31e8da-4939-425d-802e-1c778a63d9ee,0,13381
7610cabc-b892-4a7d-9a7d-802e514fc685,0,10926
1653174e-bd9e-47f3-a57a-5c5508c3fdc9,0,1585
775f7e36-39cb-4a1f-8447-0276ac310ef4,0,11070
73412261-5aa3-415e-8978-7e3b3345edef,0,10604
a24a89f5-ca9e-4f27-ac86-82fe2e808356,0,15891
a118c5a0-e9d7-4504-a11e-33297fe5ff12,0,15755
11beb646-df06-43e4-9a42-457a9a8a87e6,0,1308
c9016227-eeda-48f0-a277-92ec8e507770,0,20324
a17c5d46-08a6-4fff-ba32-9a658a981e0a,1,15810
83aaf3f3-1b3d-495c-ad0d-a0ef9a07d4c5,0,12462
4ac05784-cc3a-4dc5-95fa-9367d7d898a6,1,5853
b52244ed-5e8f-4ab6-a2b0-9bed4ab0ff2a,1,18094
963b58ae-2175-4aa5-90be-c37d44809c91,1,14507
88f54073-788b-4ea2-a120-e3107a930ba5,0,13008
ce122d86-5255-4f1c-a4c2-6efe31a06c80,0,20915
6c5b9330-09d6-4181-ba38-afcbbc00dc3b,0,9792
32e485ee-b61b-4ebc-8eed-e8a1c7671809,0,3087
a3a3b1ab-17d0-44e2-9e7a-48f78e3bcb1c,0,16054
7ea7de7c-1a3d-4c86-a5f9-e9031a4e1d4c,0,11899
4a4a1f48-9499-49b0-b04e-bf5adb0182e5,0,5808
99d7ec46-cb39-4769-8560-70c452a0ddc2,0,14943
561d7cbc-240e-4c5a-874b-0cc07cadefff,0,7161
bc7be234-c885-43ce-9c06-96be6f001c63,0,18951
e41cd301-8729-4276-ac6d-7a9a1df09cf3,0,23395
4c75d5dd-63d8-4678-9f22-61340ca246db,1,6057
2fd90436-1b1e-4352-abe6-ea41ec5df91a,0,2819
a8dfd068-69e9-4486-bb22-2a04f2f2e1a5,0,16684
e7b63d9f-6399-425e-be10-e143504c475a,0,23850
a308252d-2d85-4f3b-a3a8-da525b7d2dbc,0,15985
7d0f579f-792f-493e-ad70-4e78e667e938,0,11714
b69dc227-55aa-4861-9878-66ba7cbd7ac4,0,18262
8359edc2-7296-4807-91f2-97b6fa47bc7b,1,12426
543de894-dad3-486d-baa6-fd919aebb7be,0,6948
83f6a107-fee3-4139-9da5-2b3a1241ac7c,0,12498
a833af1b-1648-400c-9969-3d24fd7df8be,0,16601
3e4fdb12-cd40-484a-bb99-1c977fce9386,0,4433
85972891-949d-457f-9eef-4d9af6943b64,0,12642
a1f98de5-da68-4fa0-9af2-f65c30528457,0,15857
e16fae2e-675c-42e0-becb-27770deacfcf,1,23089
5f501a1e-4313-457e-90f7-c3fdb631ddd0,0,8197
6f2b836b-d150-45cd-ad9d-2ba6a6d4a508,1,10124
fb63ea5a-86c0-4deb-b832-da7772d2a758,0,26125
1acc13bc-a199-49bf-8360-c20314fd85fd,1,1987
78cff8f0-fcc1-4375-842d-d5700bd401e5,0,11232
b5ba706b-f5f7-45be-ab33-e955db947121,0,18169
61afc92b-f81a-4466-a69e-a012943ccfd3,0,8475
a008f7a9-38ba-4ea8-aa6c-3337dff354d6,0,15635
9c8a72e1-b484-41a0-937a-f24a92053e7a,0,15242
5b02d613-8895-40b6-893e-71a7e7434d4f,0,7709
80e650c3-832a-48b1-b690-317bb3262749,0,12165
1cabab6f-b2b8-4780-b6bf-525f2ad15096,1,2069
b3a7782d-13d4-417f-b897-67e873c757c7,0,17920
29e4656b-0648-470c-ace8-cef7398e0fc5,0,2574
55bf30ae-819a-4d20-816c-d45615df0688,1,7125
aab88291-f31f-4820-8ffe-032378af31e7,0,16894
9568e6d0-e4ef-4786-b6dc-a26e0bff593d,0,14407
8cf2eb4c-fcac-4398-83d1-fba18320cb6f,0,13475
fd060e38-c89d-4bef-b9aa-427a97a1cf9a,0,26323
26c3d53a-f772-4ad1-96d5-e217ca8c19af,0,2439
52545bb8-f155-4e70-bf4a-83bd963db22a,0,6726
54a2c7b2-89dc-4f5a-b148-41be979cf90b,0,7003
74d4f497-7028-4526-81cc-cc3119961137,0,10780
03edb5ed-9e76-4abe-bc35-7bc95fea7e6a,1,196
5d2ebd89-6bbf-4bf4-94d4-4297465acc78,0,7955
9f25ac3c-f81c-4e6d-99b7-eb0308cb6751,0,15528
bdefd2ca-f267-49e7-8f0d-8e991265b888,0,19127
37703850-bddc-4c43-b1f4-18d40c5b6229,0,3607
ba07f107-5f57-4c63-8d82-e19b30e3e72d,1,18643
69be961e-0fbb-480f-aa6a-5df88272b548,0,9447
e2c633e0-f476-47c4-b178-250907fd9a0f,0,23241
dd922253-21a0-40df-8e03-febb6dc20d2e,0,22635
7f2a78a7-71ce-4eec-a427-b31e447e068f,0,11963
a184416c-bf22-4b8c-902e-c162f13e724a,0,15814
fb5d92c4-e61a-477b-b32e-1fc6c179c80b,0,26123
548b6120-8289-4283-9849-3969e25d1f4c,0,6988
ba452891-fb43-48bf-9019-855556b48f91,1,18684
94aff4c1-de8d-4578-8874-6c93637caa34,0,14336
268e70e8-ae02-4926-90fb-f458452c53d2,0,2428
7b621e4e-0f8f-4b7f-8a67-4f1b365d357c,0,11517
f73e8ce7-ed4c-42b2-9110-700e3c5f9887,0,25642
93319746-cf5a-42a7-a229-c6f9aa57aa36,0,14161
f062ab51-7e9d-48fa-9e4d-14485f394b9b,0,24866
52836696-f108-4ada-b6f8-3de1221fb7ac,0,6750
b7fd3d35-e5a4-484c-9f2a-83a72cb88d2b,1,18418
6bcef263-5b41-4aa0-8be7-42234e96aea4,0,9716
3a146de9-9044-4abc-b15c-e7e0d18a0704,1,3937
b547f70e-e50e-40fc-b3e3-db94bcea0734,0,18118
4fe05d94-9634-4e85-9de7-fe0499bb7e43,0,6456
4a39e459-50fd-410c-a418-a0d5197158c0,0,5798
798c347d-916a-45a6-8526-73f5b0552de6,0,11317
4572eb1c-0810-48c5-aa40-3c3b7b15bc4f,0,5246
47761814-5258-4ba7-879c-a60bb9f68029,1,5490
584cbaff-a936-4bd7-8ef7-1298627ae4c3,0,7413
3f6548a2-d1b7-4389-b306-b080c9fdb216,0,4554
8522dcea-7cb1-4289-93ba-2d45fc95541e,1,12593
8fae133a-b424-48b1-96a8-a2add7b8b8a2,0,13798
a6d4b5c8-eae6-4ac2-a7ca-7264c1727c8a,0,16447
6e32b376-5740-4565-abd0-b41035f7db64,1,10016
fbd611c7-629b-4f62-a9b2-cc5620627c4d,0,26181
e24cfd6b-66e8-49e0-b08e-b0879b5925f7,0,23186
c9c28d0d-07b5-48e1-8a0a-99c49d7e6f5b,0,20410
11e431ff-c6b8-45f1-9635-a055fbc90111,1,1315
b7609013-f48b-4b69-bb97-492aeb322e8d,0,18350
9a73cc83-8871-425b-aa5b-44a5ef35bc32,0,15019
0a5a6574-d94d-441f-afe4-115ba66b322e,0,793
aef642fe-7242-47b8-8aac-971eb052d9fb,0,17385
f862a9e3-b63f-4dda-86ee-cde5be5f3dce,0,25765
7a6b03a2-68f3-4c26-9e8d-c2208505b352,0,11413
ae3638bb-b578-47ed-83d8-92455c7b3069,0,17288
61dac1c8-1508-4375-881e-8d3e51272fbf,0,8493
dd977c7a-ecd7-4992-a2b6-940c37516996,0,22636
15cdf6d4-2978-4b2c-8b9a-0f3213370294,0,1516
742365a8-d9a5-41e4-b8a3-24a03a894f9f,1,10700
bc59b183-40b8-455c-b8c3-c290d96b041d,0,18932
482bd118-d57c-4bc5-8b66-0e600564231b,0,5573
46a8785f-97f6-4124-a86b-7199edd381a7,0,5381
169a956e-6c32-493e-ad41-31639b9d7ef4,0,1615
632b9683-03cf-4b9c-b1a4-9df5be54859c,0,8650
a95a4817-482e-48bd-96bf-c661573e7032,1,16744
b0eb06a7-f29d-4ced-8c98-e0e4a3e3b0b2,0,17607
cc8462cc-a3cb-4ece-9236-3922507e1c6d,0,20734
c259ba28-7ef1-4845-b45e-95d0f42e69af,0,19516
94b59e87-d849-425d-973f-a34b30330a82,0,14340
f1f2b410-7f88-45db-a6f2-9a4e0ff8f1d7,0,25055
bc5260f2-1f64-4b80-8384-f836324c67e9,0,18926
58b049d6-b48c-4edc-ac83-753591aa359d,0,7461
3601ea72-9ad8-4638-aca9-6f22d945bd01,0,3448
2fba3da2-e622-477e-a8fe-8fcc06550b25,1,2815
5d853de6-ab60-48fc-9b6b-dcbe95227d1b,0,7995
547b1c1c-930b-47b4-ac2c-07f1852acdb1,0,6976
e9e58e10-2795-4dec-a738-c9792ea8f685,1,24089
5dd07392-17c0-4b6b-b1db-4213bd37fd8e,0,8031
a73b7bc8-8faa-46a5-b62c-f0b52983b8a8,0,16491
37a0cc02-86a5-4e78-873f-2ace719bd9dc,0,3626
3c1e9e21-6e14-4ef7-a4ba-be8588e527ff,0,4181
39070d70-be06-4830-bf3f-2a582f985d89,0,3817
e7637bd9-a1e1-4168-a652-9f8762eecfc5,0,23808
0b569b4c-107f-4bf4-9166-c4f51a9f881a,0,894
aebb48db-2f6f-41ad-87e7-d90c5620187e,0,17353
d316de65-1fcb-45a9-9dc3-b7e956c2132d,0,21478
e0785726-8195-4dfd-ab62-d2f5912818ea,0,22978
0983ae59-b906-4fd5-a810-edfe0580fe3b,1,709
958ef5a8-9119-4b34-b009-6a3fa8abff64,1,14429
badbcf00-4431-4336-ba44-c519688be0e4,1,18761
4dd92d1d-f5dd-4163-a55f-6a6ef95aa6f0,0,6204
49f5c9f1-8c3c-4afc-b940-33e1500d31e8,0,5766
492e6578-7e21-4fbf-9ffb-1ba3b28be93a,0,5676
32a68e19-d39c-4a94-8335-b1bb9c369300,0,3055
d7ff9878-2324-4ca8-a09d-81d98648a562,0,22022
83209510-bdcc-403e-aed9-baf492a93ff7,0,12396
c3d8007b-6ac3-4a87-897c-f16ebda7a138,1,19702
6dc7ebda-bae1-4ccf-8aee-d1371f0dd2df,0,9957
ff8dffe0-57bb-4b95-b425-38f8ef290339,0,26631
92097b0f-44d8-4358-937d-cbf8c34c0732,1,14045
ccfb61b2-a283-4024-8daa-f7273825a18f,0,20787
d35c525d-3838-42df-934d-fb79b6053d37,0,21503
32e2cb16-4f2c-4ed4-8de3-0e6db806cf41,0,3086
a679589b-9b88-4010-825a-cb3653587e78,1,16392
aed5aa2a-184b-4630-9b23-e640bb021e3d,0,17368
ff0fcf72-7b10-4c5c-bb43-f81368872b9b,0,26559
9dda6b23-67f7-43c2-90db-aafdcd057042,0,15367
a0367622-32c3-4913-b0e7-0616370a82b0,0,15656
ee2d5ba6-4090-4676-8e36-94dc3468b8ad,1,24609
6de2cc0e-1591-4974-9bed-9cb29727753b,0,9971
56c529d6-a358-4556-b9a0-315fd0ca1446,0,7244
6a5d183e-915d-4493-980a-84e0a3810bc4,0,9520
b8020472-9c2d-44ce-a09b-f5795b95f230,1,18424
492b37bd-b835-4096-a23a-b7ce37fa4a9e,1,5675
21eca20b-515e-4f51-95e3-c5721e1fd6a1,1,2255
15e8d510-5e1a-43f9-9d1a-16a1bd6728ab,0,1528
4807dd0f-87ed-4621-bfb4-50aed4b77e71,0,5552
6ee10bf9-cac5-49bb-b631-72897466703c,0,10089
5c88666d-566e-4b2e-a0dd-6ff1b6fe8a63,0,7886
b2e3df58-d617-4bef-8a4d-ee9afba25281,0,17837
58913e73-4a46-4e91-85a4-0a1a01d5e1d7,0,7448
416b2485-3152-47b8-9aba-2d33822f1200,0,4798
f8b2aff8-bcb0-4a58-a3e6-7c52e2334032,1,25808
cdc65ff3-7a21-4e8e-8118-24d879ce8a94,0,20883
5947097b-9d53-4044-b42f-51a0b72a2c05,0,7526
c05d1108-641a-465c-9b56-b32bcb548bb3,0,19388
15588680-1e41-4ba7-b785-b7e053d39adc,0,1451
88a4cd49-f63d-4894-982a-48e7b60bd353,0,12977
8530beea-410e-4e64-8a6b-b2c089371fbc,0,12600
949d29ea-c8d1-4627-aa46-65aca7112946,1,14328
89064bf9-0a79-4ddb-b572-775200d94f15,0,13014
5daef1bc-54de-4ed4-82b8-a9a1dbe89266,0,8012
ad7854fb-439b-49d7-a1ac-38becb1c906b,0,17211
a1a1b826-0de6-4d0f-b082-2eec1c456944,1,15830
81c790b9-e83f-4d5d-8831-c0c5414348ea,0,12259
4ed5cbdd-2e5c-4087-afd1-4310033fe9af,0,6322
b4147465-8b3a-4200-ba9c-a5eae09eafa9,1,17972
d0538050-719b-43ab-9160-4ae850c9a949,0,21163
bbadc8c2-77eb-420e-af31-a238a11856e8,1,18851
cfa2a865-2d83-4ea6-ba71-b13006da22ff,0,21086
565a404e-6ac7-4cb3-833b-9c8e7b872feb,0,7195
e0aeb719-e2f9-4742-b3b2-71d9dfc42613,0,23004
d8578918-1047-496a-b9f1-36ae4d0e53da,0,22054
d6f5c7e6-5f9b-4022-a4bc-ad964a6a8e5f,0,21898
388d9b4f-6c31-44ac-b878-8f5c3843fd1f,1,3742
23309d6b-efcf-4823-8cce-3643c20114b6,0,2293
c82b5958-9b0f-47e6-a328-924f200c3097,0,20226
8d988945-b52e-4d34-a06c-2e042337476f,0,13546
bbd7abfe-8b9c-46aa-ab4b-8ff854615770,1,18867
e6142222-d9bd-406b-a02f-59941a56eaf0,0,23650
8d2681aa-f9f9-4ca6-92e9-27fbb546d0e5,1,13498
3902036a-4825-49b8-a0c4-378b1a35845f,0,3813
c6b23bea-5014-4fa0-8bfd-3fc5c91733b3,0,20052
6c4fa583-73be-470e-8248-b75c309c2624,0,9783
8f7ce839-5100-457c-8720-11e55eb68fcb,0,13769
c85b9c42-4ef9-4af9-899a-8c5707c0f102,0,20241
f85378a5-386e-4889-b494-575e6b6da3ab,0,25758
e7db2d38-7d84-4992-8b67-fb081774a022,0,23862
9cea3498-7354-4557-a80b-85e0544e4a6f,0,15277
6108f7c0-96c4-48e6-994e-32e3cbeaf8d7,1,8403
7ff31258-d2f3-4945-b6ff-a6c4e4081276,0,12061
9cdad022-25d5-4596-b709-d022f475c26c,0,15268
07e08ccd-ea26-4cb2-b7ea-a330aff72a3a,0,533
56b0ffc8-80e7-4927-9bec-5e843cb48358,0,7231
ef8ae38c-748b-4dac-af53-84124914365e,0,24770
5f324764-e16f-4698-b9f1-cc75f53d22a5,0,8186
cd7ea8a1-ab95-486c-bffc-b465d71be196,0,20852
e7c89fed-c3fc-4207-9009-d9105713f094,0,23854
2d09d0bb-a4fb-4a50-99c4-496ad756533e,1,2702
81c94236-bf67-438e-af64-6cda0e776486,0,12260
1d6a285a-9c5f-42f6-b17e-667ce5f76fbf,0,2102
1598368e-ec99-4878-9998-1806e52273dc,0,1484
73b9e53d-0501-4d0e-bc35-9eab24af5551,1,10653
1d4ba8b7-5055-42a1-b928-49542438cd15,0,2096
ad8474a2-40b6-465b-b98f-7827e183e3ef,0,17223
721fc482-f306-447f-9f18-0a3c7400f370,0,10475
d65a2d39-8e20-4bd8-a351-6798004d4119,0,21826
dd53ca39-9356-470c-b7e5-fa204a2de17f,0,22605
fa6a042d-525b-4b4e-b1e9-0c1d4f8cf540,0,26017
6d606539-4b71-43c7-b12b-bc16512da2fb,0,9914
f374753c-58fc-4c68-9b0f-8281b024e124,0,25226
76e05ca4-1dd4-448b-ad06-8500f6e287a3,0,11010
3685fe73-c5fe-47d6-b9ba-d433b79041d6,1,3499
d65bb050-b618-427b-a607-ff7f130d9f3e,0,21827
3a183229-e56b-4c3e-9d3c-127adec8a2f3,1,3939
5e23b0fd-5568-43fb-88fc-b8aff4d22612,0,8056
bf728b6f-7253-4872-bb67-2113b423652e,0,19308
c8a5deba-d04b-443a-ada9-621b28405385,0,20280
af169d21-1c39-445e-82d8-5035182a3a8c,1,17403
34d866a7-2e4e-477a-9c47-cf7ba3488d33,0,3312
a4edd09a-b103-4d56-b115-25cbb086ec97,0,16215
08d88a60-146c-49a7-9450-45293024cf46,0,628
e155c13d-7ac7-4765-bb86-899349978413,0,23077
8d978e76-14b9-4d9d-9ba6-aadd3b8177ce,1,13545
21e9c794-01b6-4193-86f5-b07f03323ad3,0,2254
6197bb45-7f5e-4579-beca-cbdbe1132d9a,0,8465
11ff35a5-51dc-41d7-afe1-588ff59cbc4b,1,1317
eca3d939-5bb2-4fa1-a123-cc882f2e11c5,0,24429
bd5c5bfb-67de-4696-b4a9-c50ba34f0fbc,1,19061
406cd8de-9cfe-4008-bfd5-5b09759610de,0,4680
5685b4a8-78e2-44fc-bedf-09bda33c0a02,0,7211
56300a3a-2da9-411e-8f9a-6852aef925d6,0,7178
a60ef587-cac7-485a-a97f-c93f9d11e57e,0,16348
7f70dbff-2cd7-4221-b69c-f7cfbd14367d,0,11995
aa035292-3f9b-4800-89f4-b1e9722c7c67,1,16820
cccd0a53-db75-4d87-bf5c-d6e41ee41bb2,0,20759
c3bff4b1-efa9-4b87-a32d-bcbe6d31c4f2,1,19688
0f266626-6804-4aaa-bd44-12d230a1c181,0,1188
3a3f6705-9288-4d51-a1a2-eef738ac8d3b,0,3960
d53cee27-787e-4136-aaf6-03bcff985ac9,0,21698
54d407f3-084b-42ff-a00e-74a5d61b3c06,0,7025
389628be-67a0-4854-a44e-0c4e2df93b04,1,3749
b242cdd9-b9cc-45ad-b6dd-b30290307e0b,0,17769
a7a68752-f514-483c-83f4-73ee87d57605,0,16544
44c04e16-3ebf-4f89-ba55-1ce829f7112f,0,5155
9bc0edbf-b5f8-4464-b499-b1af7a2ccc2a,0,15152
d5abcfba-f083-4021-ae4f-a1075d0dd122,0,21756
716bf6b1-1764-4774-959f-1d5e3f6fe098,1,10389
8cd0b312-ea6b-43c6-b637-ccba125ee5cd,1,13461
90fe31b9-28ea-4e44-8fad-43e5997d2885,0,13932
d8eef56d-84fa-4aa9-8762-9b76e5ad3e90,0,22119
d20338e0-8ae9-4a30-9a0e-8225aae32073,1,21355
ab15c0f4-0b43-47d5-85cb-b5d29f330ef6,1,16938
93a0df9d-5094-4d9d-a0a8-cf5fe99b1845,1,14220
b8d825e5-fcd7-491e-a45a-9b04f5433092,1,18514
bad5f195-a3ca-4ee0-b91f-57092abb4b5a,0,18757
cb11045d-5c29-4b85-bc0f-d5aa621e58a2,0,20559
191049fc-41ac-4cca-b612-c5884338cc79,0,1883
4fd33b9b-f9fb-4b52-9858-1979e8d43777,0,6442
0cb52e59-3b50-41fb-a022-5b24741dbcfc,1,1065
ea3b150b-3ba8-4e87-98ca-1ca6b88fe9f6,0,24127
4f909216-d127-4bc2-9fb5-cc8b69d4defa,0,6414
1580d1c7-8898-45bf-bc6f-518f7001ceb0,0,1474
aa5a56da-81dd-4703-a2b4-fff5b215f1bf,0,16851
9c76a7a2-27b4-4fcf-b336-4e5786a1ea8b,0,15236
391ea361-3ebe-4930-9645-e14740e6d58b,1,3828
432857b3-7580-497d-8bd3-4b31f88dbcae,0,4983
717e8c41-2b54-4f7a-b7a8-d51b53108d82,0,10396
9dc1e167-1784-45cd-9fad-9bd7c8c7d904,1,15352
fc4f2179-5079-4d5b-a551-7c7956b784ab,0,26242
27e52306-ac01-4326-8ab1-e4e655bbd073,0,2488
5ece4312-3c69-4f5a-ae79-33617b290219,0,8142
ba1c9d84-1d6e-422f-bd6c-b5f6deb5afa6,0,18661
b4342a1f-02b6-480d-932c-7a8d924b219f,0,17991
6b6e6790-3230-4389-bed6-1cfb1e2b0785,0,9672
9bee3282-0fee-4c09-ba91-14dbab17adaf,0,15169
f473e66c-9d8e-4a04-bc05-f3359d5b014d,0,25336
585907bf-54fa-488b-9f37-7c3822101b81,0,7421
677b6db0-31ab-47d4-bb96-5cd301c8f6ac,0,9185
b1f3050c-2d03-4b69-984b-ef913787d774,0,17741
f2b8f524-44f2-47cd-b02d-780eebd41695,0,25148
7bbdf2ff-a866-4b93-b201-a47d03337b63,0,11561
e28db7bd-964c-4be0-a724-4a8a641d440b,0,23212
48ee747e-6d3b-4fbc-a9d7-f438600ba6de,0,5649
429491d5-4da9-4342-aeea-4f5c38f3de3d,0,4930
e09b1caf-875f-4e86-9a23-f6ae7754fff6,0,22992
c3b9b37a-812c-439e-913f-39e94b8ec870,1,19684
6db3db9d-4241-406e-8035-ea39271f7788,0,9941
e6cd0e17-9807-4952-8b40-36888deb3351,0,23739
5c67e63b-96c0-497a-b23f-52e6a4ab5bba,0,7874
ca8f867a-ffdd-45b3-b019-5510bf277bb9,0,20503
dab65a9f-4277-44e2-8d07-ad2365849224,0,22324
9b9824fc-23ff-4956-b441-43fe75badf3e,0,15140
33dea6c5-2f2c-4164-a489-8ae440b921f1,1,3194
0c861344-c755-4072-ab28-1d29be4949f5,0,1046
bcdd92c8-2cde-4899-a6fc-46b875aaab62,1,19011
4eff8749-55c8-4129-b2d4-fe35963037f2,0,6342
31970b0a-818f-4e1e-8c75-19dec06abfa5,0,2930
8b6d9d85-61c3-4469-b7ca-5dff4047815d,0,13298
f3a72d62-fce7-4654-92a1-9cf26353d156,1,25244
76f72f12-1e25-40be-98a8-dfad60fb4ebc,0,11019
e17cc8d3-0dc3-4ff4-a17f-d8f2cee09729,0,23096
e8a7fd94-3616-448a-a57d-f4507987f185,1,23952
6935a34e-a97b-4c65-a635-800ed5745c15,0,9373
5173dd85-b9c2-42e6-8a44-37b82efd1f83,0,6631
955f70b4-4090-4b39-a297-872158a13907,0,14403
f5ba9b65-ab27-4b62-a451-bd60c45f9203,0,25487
0f1ca6cb-02e3-43ed-87ce-9619095fa14b,1,1186
597e0a5b-8005-41c7-9a15-3da33b415d72,0,7559
fd7b14ec-6ac4-4aa7-b9ff-de6930fc3af1,0,26382
9e5fc879-a2c3-4bac-a784-8e5c5a6b06f0,0,15425
d28c6ac6-64fc-427e-b429-4c1755fea653,0,21424
0294b4aa-5614-4b33-80a4-2c31b639e5b3,1,133
5d5ca429-74d2-44f9-997f-e28c804e4f81,0,7973
fe8dda90-2166-4091-8d0f-77d1ddccdeb7,0,26500
2fa75092-e364-4326-b5b0-f1d61df464c8,1,2811
d101a3ca-db2f-4914-83f0-a4d7f81af99e,0,21242
f23d7784-06b4-4e44-8dcd-e1eec3e7d7cf,1,25084
a4916411-d661-484b-aaf0-df57da252f65,0,16161
d70ac124-a501-4d71-b97a-b07f3170694f,0,21913
07f78db5-7d9a-4ba0-a00f-02c36953020f,1,542
584b8c84-e2e5-4a88-b650-d97308671fdd,1,7412
2a9cbbfa-3d10-44ce-af56-7ebe00f51719,0,2603
981b23f3-37a1-4389-9634-1b6242194a45,0,14722
69ac60a6-c585-42c1-88f7-7936580f8c52,0,9440
06216b5c-c03f-4562-bfec-bec5235943d2,0,334
85b2bf9e-fc98-45be-99f8-4af786805333,0,12657
7086a7d5-056c-4752-8523-51929ca5e412,1,10271
7ae67845-3b74-4fc0-8487-d489b7632f02,0,11464
726bccda-f651-4daa-a681-4307ae71d809,0,10509
cd1b5db7-9971-459a-ad89-06a292992428,0,20805
9ebdbeb1-2825-4a76-a23b-e51844753bf5,0,15480
6cb0dab9-dcde-450c-95c5-6bc1dafc2423,0,9835
7601ce01-d32c-4429-95d5-c2a8c65d7dec,0,10921
18343850-b51a-4ce1-8d09-9b3bc4910a9b,0,1794
9713425e-67ed-466f-8ff0-be9fed6729b3,0,14600
4e2468e2-a8f0-4243-831b-6b227c913e64,0,6242
dde5428f-9703-4dba-aea1-479628ed83a2,0,22670
e051019f-b034-4ed7-b2a3-8dc566274092,0,22960
ea7d6279-052d-4fb9-9703-804abd4b5859,0,24163
ac70e5ac-f93d-4fbf-a8d8-6db501f56cc2,1,17095
f44b65ac-fe69-411e-be10-56a8498fc620,0,25318
79f29a4d-fa0a-4977-abae-346d8ee33aa9,1,11363
c66a387d-051d-41bd-981c-3be82e53dc5a,0,20024
a003bb5c-0638-4826-a207-bb8dfb559839,0,15632
120088b4-5fc5-49a1-a772-be10a37a897c,0,1318
87aaa469-d451-4994-add8-2eb97b73619b,0,12863
71190258-9a12-4da9-b266-fc1ea2f59b71,0,10344
7ecdcd80-bcaf-494b-8da5-5a9ae5540483,0,11919
dcd61221-bc00-48a9-ac73-1ac1960e60b2,0,22552
a3d54ec1-68db-497a-ba57-b7feeb3b7739,1,16075
7add6f24-2117-4620-a180-ea3b1e6dbd1a,0,11457
e54154d0-c66c-497c-ab84-cc4a25ebc79f,0,23543
ee643faf-7e2f-4cfc-b254-f595389818d0,0,24632
eb204e91-d4b0-4a18-99dc-ce0b2decc6c9,0,24238
ed62a8e3-a8c4-4334-9f88-dc28d82b3536,0,24526
e85b9e5a-ea0c-4fcd-8e7f-2f8699923099,1,23917
47f08678-452a-458c-9933-ccd0f1126f20,1,5541
3747c54e-e425-451d-90c0-943e99b873d4,1,3590
756afc30-3d86-4a9b-886c-ddf0fb440fde,0,10850
881f71ae-f4c0-4747-9ce6-f51e9fb5e759,0,12916
0851e63b-8a7c-4089-afd2-b63c28795669,0,577
0257438d-8365-4000-935e-3de03114734e,0,125
6abf7105-0f64-4d63-bf5d-9fa0084ce621,0,9585
b18a2d86-3e3a-43ec-b9f6-0fd249bc1a0d,1,17695
abda22a1-7761-4590-a1a8-132e093c54f2,1,17022
f9b51197-b08a-44ed-9d86-d88488319ef8,0,25934
340244af-50e9-405f-85af-7fe6c8e0f838,1,3209
38b2fb12-5462-498c-b2d6-13262b7e72a8,0,3765
11757990-5db5-45da-905d-dc9ad56b9087,0,1296
448c2b8c-9ed9-490c-bd4d-6a50c3ba943f,0,5126
3fd5687e-bc16-4802-a44e-163f667882e4,0,4598
57e4df74-4037-4b16-a57d-aff8671e8109,0,7369
732836e0-76c6-4bd9-9798-b7039f6b6e14,1,10592
baeea121-fbdf-479c-9587-13447802fae1,0,18770
3501387b-29ea-4eee-9bbb-d6f62d812661,0,3328
07444c7a-580b-4494-a883-3b33361a24ac,0,462
8a3e2134-d278-4b02-ba32-6b40351c4d62,0,13155
1e6c28f1-f8d3-4d49-bb82-0cc8709a86f1,1,2129
f8a38e37-ad16-433c-bb45-84fe178517bc,0,25801
715da589-8300-4ec5-96e4-13dcd52a094b,0,10380
a1636190-b05f-47c4-b14a-819f66d319e3,0,15798
2c19d9cd-9662-40ad-9d93-1a6637a88e79,0,2659
b42b9ec0-f492-49ac-b87c-f88b058f7a17,1,17987
feb07ed7-9de5-48e6-b554-c4fba70c985b,0,26515
f0ba0019-718f-4677-a723-05c27dba2f3e,1,24899
7469a868-37b1-421a-8269-42f1c661fb54,0,10737
3724385f-45aa-47f5-814c-dd4f591a146e,0,3569
701ee1cc-5bb4-4b0d-b1df-437d8a5fdcb3,1,10229
eac82528-e9ed-4e00-95ba-9d8f0af55596,0,24196
7bf63a1c-b377-424a-a458-4e4fa5e2d2c8,0,11593
1b3f7972-4e7b-4065-8af5-2edcd32a0f76,0,2006
963cfd58-0725-4e33-bc20-7374224e34b0,0,14509
f62488bf-6241-453e-af87-c7649ec75780,0,25529
4522fdf3-c580-49c2-9400-8d01178c3425,0,5210
d9b8674c-c24b-4065-8aa9-fe6140c51984,0,22219
e02a6573-2bf1-477e-b087-c35993c2ec92,0,22939
d96f68ff-15c8-4e7b-b943-729053f1ce16,0,22173
26c15b0a-9865-414d-94b2-5349e8903f88,1,2438
0bb24183-8b59-48f1-8bbf-4d889976fc82,0,941
872dd366-ad94-4bda-b7d3-0e7edf17e237,0,12810
4b79586f-900f-458e-a52f-67780f0d477d,0,5941
430c807a-f0bc-4a24-9304-c8a129dfc80a,0,4974
323cc238-97de-4c6b-8502-87975a571233,0,3005
91f83ae1-ca25-4777-93d5-72c5995085dd,0,14037
f3b1a1b8-b6d9-4ac7-85ea-41765f99eaf8,1,25251
30bf351b-3713-42db-95cb-b668b439d46a,0,2868
18536f77-096d-4d43-8bd2-3fdf65c9969a,0,1809
7c5fc667-700a-4907-80b0-5ee8da67b9f1,0,11639
69c8aa8b-5351-4a2e-a97c-c75e9964f06e,0,9453
85ae17cb-e7dd-4d77-9bf5-8bccdae0f9a4,1,12654
eb632397-ff01-45ba-9bb7-23d1d376821b,0,24270
bccb1c1f-d429-4ed4-be42-808a75b635f9,1,19003
fd81752d-f1f3-4bcc-9cac-733af412ca91,0,26387
49ecfd4a-3d3f-463c-be3f-668347655f2a,0,5760
a4dbfeca-474b-4641-ab2f-7b376dea9fd8,0,16203
914eb46b-983d-483a-81d5-ccd11724e3dc,0,13961
988557ef-b991-40cf-90dc-483a2534a75a,0,14761
33b759a7-cc42-4d7e-8f54-c1a32b389674,1,3173
dcbe0105-e433-49a0-82e8-6fbcbe736b04,0,22543
8a7acc48-0343-47ac-b55b-ae28da900e26,0,13181
34fb2e85-9588-40b8-acde-380c68c7afa5,1,3324
98ecc8d5-57c2-4426-85ba-40ba4760fc27,0,14820
a4c510ea-e84b-489e-820e-2777b240f33c,1,16193
ea0e4469-83a6-42df-b0b4-56776278ee14,0,24101
caf22d86-4ace-4425-bf41-5b8bc61f62fc,0,20542
b1a975a0-4a69-4c65-b761-44a506b86be6,1,17711
82508a0a-482c-4bd7-924d-1f33103b5490,0,12317
9b1923c9-e84c-446f-aa50-f0c6bc673954,0,15081
85a0ed85-032e-42fa-b4b8-83ae79c9a2a3,0,12647
e34243a4-d26c-4bee-8461-99a8502abf39,0,23303
4fa6212d-15a4-4fd4-aa35-c07b1ff94ca3,0,6421
f31d1fb1-604b-4fec-b320-f07ce2694008,0,25187
83700f47-c0b3-46a5-9067-29e45d31599e,0,12438
58033c30-f751-4d64-91d0-c8074851b72e,0,7380
197c3079-d2b8-4227-8513-743e0e3d6431,1,1933
561075e2-b494-422d-9eca-060b89fae03e,0,7156
05fe70c1-4cc1-42fb-9303-083fd29dac0f,1,316
2c9a388f-0042-4b88-b52b-ea0b21fb7960,1,2679
66e6bf74-56ac-4dc5-86a8-9fd51ddb4446,0,9120
df4ce5ba-76d3-49c0-95f4-4a9206e77432,0,22834
5971f728-ac05-4cf9-b3e0-584dba4e76ea,0,7553
1709e1fe-b49b-4120-b00a-e814a8bf7417,0,1657
e10529ea-9e8e-4a00-9b53-dacca4da7ca9,0,23035
94a43547-4037-4921-9283-494aa0d5e268,0,14331
5c40d1dd-5bc4-4f59-8c07-275b246cf1bb,0,7853
6a4f9794-8d25-4b55-8931-b97c0cdc64fd,0,9513
9dc8aa99-2298-49f9-bd5e-84fd74541e9b,0,15354
b05197a4-ee7c-4a73-bf4b-081e9b5e6230,0,17540
81aadd4a-2cc5-464a-becd-37c91997e92a,0,12243
99f092a7-919f-4f2a-a35d-7dfd38463205,0,14956
1ac5f0e8-f431-4400-b3f5-4a2224e540b2,1,1986
6d31a6dd-0c88-4ccc-ac3d-478b41a10ffc,0,9891
b12ab5b1-c824-4776-b859-df3ee1817269,1,17640
bf47691b-916d-49e9-b298-779323592821,0,19282
75658e5a-ffd3-43ef-b10e-a01a8dbf47ca,0,10849
cdea8561-a7e5-4c37-8814-2e2251d31ee0,1,20900
f1d1ceac-9e6d-4ca8-b0da-f918df585511,0,25037
38bf2119-427c-4ae4-810d-db5d9a8ba275,0,3776
66b4b3bd-d774-4869-9e97-5b84085f91cb,0,9096
925a855b-3392-4de2-898b-471a8caf341a,0,14071
d554803a-b040-4952-b21d-9fbe9faf53a7,0,21707
75e9b334-1789-496b-9006-8adccedcd7e4,1,10906
08542d41-e606-41df-b08c-9527b531f13f,1,578
4c0aedf3-846f-4895-8296-27d19a566917,0,6007
765c5980-ee79-45a1-b784-1e4bd26c027a,0,10961
9455d314-1d14-45a1-aeb6-ec17f05c93b2,1,14295
c6195ab0-2904-43a0-9f9f-c61ed6b0f9a3,0,19989
bd8dbe2a-57c9-4267-9564-7d8d2f8f3a70,0,19078
93ff10c2-d08d-4c5c-85d4-ea61818995b9,0,14265
54895691-ee84-4f0e-b22d-e8e63f8598d4,0,6986
d3ef42c6-3e5e-4a1a-8ad1-c75965665d37,0,21553
507f376d-5270-4598-bc87-675b6aa8b208,0,6532
c3ed68a1-efb5-429d-86f4-fcc234bd1fba,0,19713
bfe2ef33-c62d-45ae-9687-ce865f5eca51,0,19362
86d679f5-254b-433f-b69b-01750d8fb6b4,0,12765
45d918bf-f79c-48ac-a1b4-e76e09c7f6d1,0,5286
d688b790-52be-4454-b684-61165e9beb75,0,21851
830b3d83-ff0b-4821-95a6-224eb7604bcc,0,12384
43ae2446-0a65-4662-9b97-ccabfa759d58,0,5034
3164b8ce-f84e-47db-9c14-e78890c955ed,1,2900
531722e7-d083-4c1d-b639-49c537ad758e,0,6811
6fa64f88-7577-402b-a184-81bd235babfe,0,10184
d0e0b44c-699a-440e-acdb-b0ce0be27b46,0,21225
670758b6-74fd-4b1e-8307-45f114e73002,0,9137
a0cd44ed-2e20-4617-92fd-9e09a0ede13b,0,15722
49a26c5e-fb2f-461e-a334-e81b64fab96f,0,5724
ad67e243-e5b3-40fc-aa45-4f7faf7a2932,0,17203
39e63d68-2b27-49a2-a20f-80072facefcd,0,3918
b6628d2e-e8dc-427e-bcb4-a19cf31b9ec7,1,18241
ede555a5-32c3-4f33-8fe4-aba2e9255be4,0,24580
b2486bcd-13ef-4f74-a5a8-f5d331bbe206,0,17771
10eb9af1-e908-4390-9e96-b3dfc7e301b7,0,1272
fbe7c985-22cd-4853-b4d0-2f594fb3237a,0,26197
ae9439c0-31a2-4b2a-946e-f9f497109c42,1,17333
ce4b3358-32c2-4ffc-8bea-3c4bad887322,0,20940
e2435e7a-c994-4a79-bae1-ad657e2497fc,0,23183
e45b9db9-3ac8-4b4e-9e5c-2ed56b8af6e1,0,23427
903b4f36-a016-4c23-8ac5-c81f9e2129a8,0,13852
3188fbe0-d713-426e-a50d-a8d28cba7eea,0,2923
dec135f6-ab35-40d6-8731-fdf68fdd76c8,0,22759
962f2f00-44e9-45b0-8d15-453d6cb7d72c,0,14505
0ecc15e9-fe6a-47ff-a622-43e23c8a73ff,0,1167
d1a8f4a6-bfca-4e3c-8ca4-a7c38cce99d7,0,21317
c3c04db3-8f73-4f10-8111-f92549418554,0,19689
0aa43663-a1f3-44cb-8ecc-9b36fbb0d778,1,821
8040fc72-5691-4e60-b7dd-743953b31266,0,12094
e3dfbde2-6e68-4e08-b73f-787a137ff4dd,0,23370
aa9f772e-132a-4220-b39b-3fcd4a9eb1b6,0,16883
0634d937-1be6-475e-a5fd-dc9a2b6a8da6,0,339
964a7f12-5f17-4250-aa48-ecbe33d5409d,0,14513
76f3084e-fd14-46f8-93b6-04acf7ddfced,0,11015
804c59d9-2ee5-4097-b637-aba8cb4e791b,0,12105
18eaf030-7dd3-44aa-9869-c9a552c86cd9,0,1870
803c8455-d72a-4f0d-b20c-8f6e557a6072,0,12092
f6795551-1ff4-4f68-850a-8f84b31fef4d,0,25564
b71bca51-9eed-4780-9835-12f3245834e6,0,18311
69a9b1fd-3ad7-4bb2-b6a3-7540fdc34b96,0,9438
92408575-5e81-4b0d-be3e-6f28ccbd4054,0,14064
d11d8c46-2673-4656-8e20-8f5f3791b509,0,21256
308eab64-517b-46f1-8865-d9566b087bff,1,2857
e7c99332-9671-4a8a-b2b6-3fe896cd8b43,0,23857
9e43a65f-f310-4cb0-a645-8ea52d98f88f,1,15415
095ce5a1-3928-4120-9f15-24162c7f27c7,0,688
bf0aea96-9660-4f72-ad0c-bf1ae80bcf5d,0,19255
9924f7ec-0f0b-4574-ab99-23e4d731c519,0,14850
ffe16061-b19f-4333-8a03-b41aab42b47d,0,26669
2b7d7f99-ab62-4335-978e-8b8523db2fd5,0,2634
7184cc40-a58a-40df-9aa7-39d610190410,0,10401
0b63ee7f-9715-4a4a-a892-2ea49adbed2e,0,900
97d7ab4c-257f-4cf1-b582-d37ff1e2fb4e,1,14691
cf6b10b8-de21-4cb6-b7d0-a3d3ef557412,0,21064
27aa5880-422d-4084-b907-409754c89713,0,2479
5ea29371-3680-4942-bd1c-67b5d8835f79,0,8118
9e9a8575-e291-4c28-9ba0-3a63989b0803,0,15455
a9bf1010-e610-4b41-814d-99a4250d00c3,1,16795
d780acd3-4af3-48f2-a60a-0c56ff78de4e,1,21970
618cc352-6800-48b0-a293-e9909dd1f7a5,0,8461
6b650fba-bdf8-477b-841f-0527642f805c,0,9669
8af1f9a6-ce1a-478f-b0a0-74c1e0c09d9a,0,13234
d76d709c-ec60-4c66-9002-2d0420b80073,0,21964
5c362c0e-dab1-4a4a-80c2-eca48c7c0dd0,0,7847
e7fdbfd4-5ee2-4218-a3d2-6844bd75b84e,0,23880
73212dc5-6535-4837-838b-f08aff61c1a3,1,10589
8804e7cf-a2d8-496b-92c6-140438823b07,1,12905
a0367348-011f-4ec9-9efa-144fd325ba5f,1,15655
b15381ff-aa71-4e77-9292-ea70c1b3233e,0,17654
f20e900e-22ad-46a9-8d46-0c2734241672,0,25062
b04bd818-41f5-43ec-bd8c-67ecec54a4d5,0,17536
b73af135-9b6b-4bb3-bfd5-b9439674003b,0,18323
405dcab3-d806-46ff-83bf-62829ed2710f,0,4669
6e9ca08f-ed9b-4100-8e93-fd09a6f2bb47,0,10053
ac494c18-5513-4b25-9f80-31ce94ecf4e6,0,17077
189b1bb5-65d4-4dac-9cd8-e7232d84fcdd,0,1842
54320538-7d1e-4784-840b-1c696eda2407,0,6943
9d487748-1f51-48aa-afdc-a6225be8bdba,0,15313
9f83587c-52c3-4467-a19f-f3f287c542c7,0,15573
9f1a8c65-97ee-46d5-8b27-c0dd262bf41c,0,15525
b5a4e967-a8dc-40b1-88dd-a6685fdc26eb,1,18160
a4dd6e05-6c14-486a-b565-6473eb06c6f3,0,16205
558f62c4-aea5-45fb-a067-2bc8ea07e4d5,0,7102
3d30e71a-b167-472f-80d9-d5d0a814a8ad,0,4310
2449f649-1a19-40b4-8d17-bd6f272377bb,0,2347
815c87e6-3bac-40a2-8208-6a389b18cbae,0,12208
c5d5955c-81b6-472b-9f3a-549bc24b7363,0,19951
beea0aeb-4a7b-47c3-928a-e45f40bcfa53,1,19241
3c4945ed-5abe-46b4-ad72-8377685fa14e,1,4201
3b039064-dc2b-43dc-a9d3-0edf181f523a,0,4048
e8921e9f-85d7-474c-a444-9fabbcda6e18,0,23944
e62d8bde-698e-418b-ae5a-89af42661460,0,23664
983a434f-fa14-4472-b62f-4f81eac312c8,0,14734
6bbabe3b-e83a-4e82-a6ce-a8943ef43d3b,0,9705
b55db584-960a-4816-ba8b-b7fb493455ac,1,18132
58887c67-430a-4083-a036-4848d7c77b9a,0,7443
bfd8e28d-a54c-4d20-b75a-90eb90b64bd5,0,19356
2e9e3ac8-d85c-4d0a-92a0-14030dc21c66,0,2764
f7a172fc-a34f-4155-806d-7b0afe2a6156,1,25688
522550aa-5585-4182-8623-7c35a9b03d35,0,6704
2c1a4681-22eb-441b-9fe4-f3ef4dcc918b,0,2660
750b7472-7ed0-48fa-a6c2-1c4d613f9f34,0,10810
9a62135f-b84d-49c0-bfe6-359599842531,0,15012
db605db1-f821-46fd-93d7-1512d225b502,0,22390
80c445d1-e402-4c31-8e0e-f8bdb1e07fba,0,12154
f99423e2-de7c-45d7-9e88-9ec4b7b0936e,0,25910
934aab43-c449-4f2f-a468-b4d6eddae269,0,14178
ab155e3a-d8de-4de3-a965-2dd883769073,0,16937
9bad4ae2-1652-40bf-a1bf-d6613fa70766,0,15146
d9fb69ee-f350-4f28-8cd0-29c83757bade,1,22252
e8a234b2-5e8d-4b53-8a44-17c46a3678eb,1,23949
1ed2b1aa-c8e6-4b76-aaeb-289fecd0095b,0,2141
ef730449-a3ce-46c5-8709-dc16abbcd9a7,0,24756
ad23629c-4db1-4b9f-87cd-625d4e1e2cc9,1,17176
b06b516c-7b3b-41b5-a525-414043ae885f,0,17554
6266388f-5896-4555-8ea8-04b19fdd77a1,0,8554
91a6919c-60a1-48b6-b9f4-65f780b3a50f,0,14001
239b10e6-a859-447b-8496-eca7b6c8a356,1,2312
05d4d725-02a2-4c90-8ef8-463217889ba8,1,301
06420c87-02ee-4315-aa3a-63e911174435,1,347
52d1f158-6cde-4676-94bf-bc5f8bab0cc6,0,6781
ee227329-3b37-45c7-85fb-67136ec17511,0,24606
694c58e8-4cc3-43ff-af14-11c5216b0c14,0,9380
70a0cd6a-43c0-4cf3-add5-be674c5a9de6,0,10283
d528d9e9-647a-4e2e-a16c-bd5e32a5bbf5,0,21690
495079c0-b493-480a-919e-678bdcdc923d,0,5689
7817b551-d220-479b-815f-395f83e1dba1,1,11139
e67852e9-5588-4d16-8d9c-d113eff3793b,0,23701
314b6a0c-897a-4769-8e91-64816d8e5d8a,1,2889
c449f880-250a-4146-885b-b06bacb8fe5a,0,19758
7727e022-82ec-4b7d-b667-bc83c5fca668,0,11046
4e1224b9-e08a-4481-9a33-e73274103dbe,0,6230
f9bf7579-e589-4953-bd68-d92f44f0aa95,1,25942
432be6a7-fb99-4eec-827c-deb0310b8967,0,4984
7a530f4d-13af-4e4e-bf2e-080c7fb27ffb,1,11400
b02154d7-4d25-4f4b-9838-5d7d56273411,0,17522
fe9e00b9-095e-4b46-b72b-13260d1d2e6b,0,26506
776835b8-9137-4b15-abd4-3aebda8793d5,1,11075
983fac60-0fb7-4fe8-b08f-a400aa1adae6,0,14736
2ed28305-1b61-44f5-ba2c-a8f54635ddb2,0,2772
0a19fb3c-36ef-401b-9deb-77f4f86d5d80,0,772
7cb8a47f-8230-4f10-bfca-075cb339ab86,0,11684
646f1dfe-7103-463f-adec-2cc4f5190e90,0,8793
6e9b0b41-9ad1-4ce0-97d9-263e50f57ade,0,10050
1c45bb74-d61c-4b2a-80eb-b4ab0d8ce3ea,0,2053
19d2c68d-abe7-4575-9ee5-d84b9ff656be,0,1953
b5a0f268-4711-4c94-8056-9f9dfc3b4462,1,18157
7d8bf313-e312-43c1-bf6c-249b316dedf3,0,11769
6e101be3-5cb0-4109-941a-56730bbc5ca9,0,9998
32a5977f-f8ab-41c9-9b51-5387248e4675,1,3053
b7ed99ca-6446-40fc-8b0d-3635bbd66493,1,18407
fa8ecb83-87ca-4c08-bc50-3a020f8a76f5,0,26028
2e8d7684-3d6d-4516-b849-3666030db7b7,0,2760
c4834e61-5916-4bfc-996e-60521890e1a8,0,19777
bbd92872-acee-4b27-98b7-07faa4e90919,1,18868
89e42055-203e-4f3e-be86-d234c067ae4f,1,13114
3be323bf-d180-4128-a918-9010d792435b,0,4152
b0502b9f-b85c-4cac-9e8f-325ed59315e0,1,17539
bf597ebf-1de4-4b04-bf23-6f036c4b1440,0,19290
612bb584-9bff-4740-96d0-24e7c114be15,0,8422
e509ea3f-3b0d-4364-8c1b-732ed409432c,0,23512
5604ca1d-a3de-48a5-a574-2f3f0662d8fc,0,7150
1d5fdb0a-0f8d-4972-9630-f36eb12c694b,0,2101
7466c6fc-ce6f-4651-a29c-6818bd64c05c,0,10733
9afad4ca-0782-4a7f-a3e2-d719b1482f1b,0,15074
7b8e6b7c-06c0-4006-8cbe-f1d92edeed07,1,11533
a9a02df7-5c02-458a-a0bd-b4ec1e8bd020,0,16781
3a1a5ffc-ed1b-4e5f-9358-bb67ed1e6a2d,0,3942
a961ef19-ab98-4495-868c-cd268ef256f7,0,16751
6629a45f-b1e4-4be1-844b-15371e8b5a79,0,9018
ad153890-91bd-4c50-9fac-945401cfcdc6,0,17168
77d84839-722c-4b89-aac7-2337214b7a4a,0,11117
561b07c0-4b16-4948-b343-d3282c85cea4,0,7160
52e21c71-71d1-40cb-9b5c-389fd41db723,0,6788
58dc9082-98e8-49fb-b514-9d3549f1d1ed,0,7478
63107976-9708-441f-8fc5-4ee872f0dad0,0,8632
8f8a8f8c-b8dd-448a-a4a7-81725240f1cb,0,13775
1eac099e-4467-42e1-af73-aac4feebe439,0,2138
1f21bd75-32f1-4554-9f19-66b96328bb72,0,2157
bce1fe53-1047-4dfe-9444-bc8340cddabf,1,19015
fe4aadc0-da30-49ea-832c-ca0e709cafbc,0,26458
e7a1091f-7853-423a-82c9-6f8f6f8ab618,0,23835
e0f7438b-7936-4738-ab5d-e17eece82c66,0,23032
e0dc43c0-a346-4573-a52a-a935fe54c76b,0,23020
e7e6fe6f-53b2-4245-b825-8365914d2035,0,23866
8ad23f67-f105-4cfe-b1c0-306fbf4134f4,0,13221
3a0dc1e6-cfac-412d-a6c2-70c69236ee6a,0,3933
31879a79-c1a3-4141-812f-efa51729f1de,0,2921
a534cb47-7a26-49c2-8977-71628aa6a698,0,16254
e5506d2b-237a-4ce1-b399-884073bd94ba,0,23551
3188960a-9044-4c39-b74d-71b289d857d2,1,2922
7a391371-52fb-4f1b-af7d-3305c528d33d,0,11386
872bba5f-f2b0-46c2-9f27-af68b636a985,0,12808
5b457f9b-4fcc-48f8-9ff2-212cb4ae7361,0,7735
40a41f0b-a687-43c8-bed0-1dc5a83eec71,0,4704
5d4ef718-041c-4e29-b520-69322fcc95e8,0,7968
4e725ee0-8013-4b82-963c-c61d7f38a4b8,0,6279
63c27990-e4e2-4c0b-a53e-040929938de9,1,8718
87302879-6e65-485b-a461-e2f3e21769e7,0,12811
be108ff0-e920-4b6e-901d-ce8a800f6191,1,19142
b0b3639e-7625-4bd2-b9a6-0bb87918987a,1,17585
c1f6b555-2eb1-4231-98f6-50a963976431,0,19463
8935fd81-a0de-4489-884e-5489faaddacb,0,13034
830f3bd1-2fdd-4823-9672-d864680db6f1,0,12385
f79e5a75-5e15-431a-9ba3-de64c1724b65,0,25684
d98be728-a31a-4be3-b6ea-805a8aa00047,0,22195
d8fe9c83-74df-4ca8-8075-012b6f1076bc,0,22120
e57c446d-fc83-421e-825a-3f917a6a6565,0,23580
d160add8-0276-4cb0-a9d6-70f8fd302c00,0,21281
d10eacc0-9e8a-436c-867c-733e3fe424f5,1,21246
67df081f-50f8-4ff4-89e9-4959f843c10d,0,9232
ece2d1f6-0167-467e-9125-4b3810e657b9,0,24459
06ba1322-0274-47e0-b7eb-07c11d96360f,0,391
a7765149-4de4-4348-a8f9-973b66eb4c37,0,16526
a5a083fa-28e1-4cd2-982d-e936ec432a82,0,16296
ac18858f-cb0a-4d54-89a0-25a8c2bc0980,1,17046
932e918f-17fb-413f-9b17-dea2ff44e35e,0,14159
e128a2e8-6f9f-4615-8752-4be9eb2eaa14,0,23055
abcf4625-f1e7-4d11-a3ca-4aa242504120,0,17015
8d530b59-727f-4f00-89b1-26cdfb116a04,0,13513
f466e5b6-259b-4d94-8300-623d39861f57,0,25328
d94616df-2f92-4612-b86b-ba5b18d423ca,0,22155
da381173-5079-4364-8f36-be0b1d429335,0,22275
d49f6b2a-8e3b-4b04-93a7-b1e11cd9657c,1,21624
db1d2f27-764c-41fc-9f53-8e62f2a00955,0,22366
86b71e6a-ccf0-4ff8-bbeb-221a49e57f6d,0,12757
bb8367d7-725f-46e9-afd8-90e89043b032,1,18841
833d97e7-d927-4ff8-b7ff-6a28f629b6a9,1,12416
97ee7cce-a31f-40c9-bf5b-0a72902349ed,0,14700
7b38a034-0bcf-4d61-9437-cc59ba038c07,0,11495
9fbc76aa-f0cf-4ff0-9fd9-17ca3d6f2dc8,0,15603
8dc8fc3b-60b6-4c44-b658-94e27dbd67a2,0,13570
75508098-4cca-4037-90e5-0ae2ba6b4db9,0,10841
502a8335-bcd6-4ba2-955f-7dbbf7ab0d99,0,6495
d564b24d-50c8-418c-bd27-6368d2f3e733,0,21719
cedc0cde-789d-4a63-9778-b57cffba2d94,0,21000
6cafda40-81b8-4b9e-b340-7d049c73f0ec,0,9834
b2fea796-29a7-4391-9edf-5a3c087b1b42,0,17850
763bc9c5-3d0b-4f02-bb13-bd18a8ef920c,0,10948
ae9b2fe2-004a-464f-a2ba-d4d05c3fd6d8,0,17335
eb4e6b74-352a-4631-9456-d848c2232440,0,24261
dcf0c1bd-527d-4620-9aea-a24636a56bac,0,22567
037e120a-24fa-4f9c-8813-111136e3c288,0,168
5848e2cd-4a74-400f-8fe8-f78c136a2ec3,1,7411
a616860b-3b17-487c-bd41-603e7e928e9c,0,16353
ec910555-f698-4536-aff7-7fa9d3405d60,1,24419
b1066280-4520-4377-ac12-b466c84828ed,0,17625
e02141c5-2d46-499d-ab51-0b724455ca49,0,22930
5b59235b-fe0c-4900-b7fd-927e8f4ec262,0,7746
e75f84e3-8223-47db-bc5b-3f93e5eba5c6,0,23807
56cd86a4-bfdf-403c-b6ae-b9eea812fccc,1,7249
f4113fee-b7a0-472c-8f68-24e999fbf73a,1,25296
192969b5-ad24-4dfc-922e-b5f22b880b35,0,1895
79e2b56b-f9b4-4bc8-8c7e-82d1a7cefb26,0,11356
48f1d1e6-2393-4fa2-ad4c-25e54f084808,0,5651
7982b229-9a6f-4dd9-b7af-e52250b8f751,0,11313
6dc76e37-3793-4ef1-b0ae-e6fa2335e139,1,9955
a661a693-9992-4771-b490-bb293dff5fc9,0,16381
39ccae10-6b5f-40da-b5d7-0d051360ab25,0,3902
a09b69db-fcf3-4ab3-8b7f-a430c8740853,0,15690
8fbc3760-fffd-4909-a6a2-95df3f2900c0,0,13801
0b442c81-aaa1-42ab-b670-76212d7adb45,0,883
7697387f-7a81-4864-8902-2e716d03b014,0,10982
6bb9dce5-ed0a-4c0e-bda5-b40c45c2f9a5,0,9704
d7b55359-5045-410e-9820-4776cdaa137b,0,21994
970bd81b-72e1-460a-acf5-f82ebb0127b0,0,14597
426a8a7e-a02a-43fe-aee1-b052cbf0ed57,1,4911
06a4f477-34ca-4625-945b-81bfa9e77273,1,381
8a0cf3ae-7c71-4ab7-8479-1dd9b3cd9748,0,13130
e9f534a7-9cec-4b62-b5e6-ae4e8ba5d02d,0,24094
5220eef7-7a98-4819-bec4-1e2a18ddee5e,0,6703
3eb19cea-0d5b-4f56-966c-a026c9f4a9ff,0,4480
cf829a9a-898b-4b84-ab0f-f2b24196d738,0,21076
5bb0a3ba-b725-40c9-b1b2-e518382c3c38,0,7780
b997fc0a-eb76-40c3-8924-4b2ecf0d49a6,1,18590
c98a5ffc-2fb6-4d3c-9b94-1b20042023f1,0,20378
e8d5ed15-7cb5-4872-9c44-8a92a965264b,0,23967
b99b5a9a-d2cc-4e46-a419-cc7f1006dedd,1,18592
5d83e501-8180-4680-af59-6ab061822173,0,7994
7fc14067-6bfc-43a8-b17f-2f58e40ece00,0,12040
1561af3e-022a-448f-a729-2c4ba5546aa3,0,1454
76cf9b95-b598-4788-9a10-77061046ef98,1,11003
2ddd7fd9-aa04-4ff7-bdb3-0a0ae843cb43,0,2730
67c15bfe-00c9-4911-bf32-6d99df399dcc,0,9213
9a202892-1eda-4fee-a4fa-652e7e835ea3,0,14982
bc407298-ee2e-4723-b4ec-58f4603ce88d,1,18914
03cf6091-89c8-4ea2-a3d5-7ce26cc422cb,1,185
3945341a-c69e-4db9-967d-9e98e3135395,0,3849
4ef0fdf8-39f1-43a4-8759-8b297497a553,0,6333
0717d112-a8e5-46c0-9ba5-902cd9fe8fe1,0,442
885d0a5c-ccfb-4522-b98f-824b32c763d2,0,12949
7b268915-8e41-4732-95bd-22cf849969b7,0,11489
136d290d-6e17-4cef-8783-6044ec43e397,0,1369
94e2dfb9-6029-43d7-aae8-e0af1b269e35,0,14362
cb4a1fca-136c-4577-bcef-d934c9f14f2c,1,20584
51f68c41-ad1f-4440-aaf2-b8d7440fbec0,0,6684
81f8cd75-46eb-474d-a413-51cb420402e6,0,12286
fb9a58ba-a25a-439f-af8a-f1383ccaeb39,0,26150
07d0762b-8d1f-41d9-8ea9-1b6e4097cd33,0,525
d914c2cc-9c9d-494c-a03c-0eac2bcd01b3,0,22128
afb20c9c-a4bf-4a02-99ea-50d134dadb6b,1,17462
e7a56a08-b28a-488a-9f27-1ec9d5984cdf,0,23838
e4d84c8f-7d94-47db-8dcf-bf7a21b4c844,0,23481
8be844aa-e84b-4496-b67e-707e6074ca30,0,13353
55236729-2cc9-425b-a7b7-34a1c2648ff4,0,7049
aa78c204-135e-4605-8310-7202c41e08cc,1,16867
d57f327a-a211-4e95-9bf9-0c190c9ae0ab,1,21733
cb60942f-4ed7-4f81-90c0-cc1db42ccaeb,0,20590
a249c421-0fc6-43cf-8136-b8e90f90649c,0,15889
c74accf2-9575-4f71-b837-be5d2208c412,0,20107
a303195a-cda8-484b-ace4-04c4a0c40c30,1,15978
3c239733-d999-4dad-ab3b-3b5bf7b893b7,1,4185
37459825-697e-4077-9d95-0b800d85ac7c,0,3588
0c485eff-442f-4a5a-b526-f58024cbb1b2,0,1021
6170d315-8713-4182-80de-ab6d4a6072d1,0,8450
bb1548e0-0d9f-42de-bd43-627c90259a8b,0,18789
75dbc949-4634-4f9c-b3bb-a8c03747e9e1,1,10900
311a559e-bed5-478a-94f5-c1bcf1df939a,1,2878
e907682a-e610-4ea7-a460-c9bb7fffecce,0,23989
998e3a78-6d50-43e2-af5c-56a1b747092b,1,14903
f8dffe8e-2715-47ec-bdef-8d33db0464ee,0,25821
e45651e0-05ab-4d25-b876-cb84ec5af1aa,0,23423
356ee7e1-8e13-48f4-818c-52f93d0f7aec,0,3383
c845e87f-ea17-435f-81c4-607e9849671a,0,20232
0e0df6e1-1a66-4122-a14b-7a4cd106421f,1,1131
af1d13fe-4442-418a-ab7d-01983275a99a,1,17406
530d4ca0-b16c-4dd8-b84f-21dd9cd35406,0,6806
e0323a9a-78e9-4177-b718-891d99c575cc,0,22945
8cddc2e8-0283-4be1-8fc4-b683cef00bbe,1,13469
794c2473-8e8e-4f2b-989a-7148d0737c95,1,11289
419d2d79-4bdc-482f-9a21-560f833ae232,0,4824
c4dcc930-7bdf-4d8a-99ed-13f557c93635,0,19827
3ef164d4-0e03-4695-bc05-bad84b526960,1,4503
94d1ca2b-d0d4-43c9-a3aa-71b664c810b5,0,14358
72e35063-f91d-4110-83e0-07daa736fc7b,1,10560
a5b3340e-0054-48c2-9966-fe9e2af21da7,0,16303
82b47fdd-7456-42c3-869e-b87662e6a421,0,12356
eb9fd705-1d3a-4740-925b-8fdf39eb82a5,0,24301
d5fab21b-cd53-4a20-9702-a58ea1978623,0,21783
95b8bfc2-07a5-4003-8b64-f62d9f5d7bdc,0,14450
9f80d9c7-5ed4-40bf-8535-8289717d3264,0,15571
53553403-f449-4bf1-9d54-b76827ef7ffc,0,6838
a7f54a7d-8dda-4fd9-8e1b-e1e762a34da7,0,16581
ad217b8d-1a8a-4347-871c-812febbde1e4,1,17174
57c51bb2-7795-48a1-8f14-e16e7c0ee3eb,0,7358
588a0ad5-c8ef-4c3a-b17a-7730aa6f4b8e,0,7444
fabcaf4a-8724-4d33-848a-541457221d89,0,26059
f1747fae-96a3-442d-aa63-68c3c83120c1,0,24988
82a7bf92-08f2-4fc7-8ac0-555c81bf1eb8,0,12350
212ccee9-80ec-4d67-8edb-5959d344c923,0,2230
a9f8422a-7da6-40cd-9d74-cd18e1b61086,0,16818
be03b6e9-e030-4491-b23e-ac1d7efc73bb,1,19137
4a23a81a-3f1f-4089-9640-445949be88e2,0,5787
8dc879c5-3ddf-48e9-a27c-6719a032c627,0,13568
ece2fb60-e602-4879-903a-f89369b9e5ee,0,24461
a240b1c8-73fe-4234-aabc-45e47625401c,0,15887
00a05408-8291-4231-886e-13763e103161,1,32
9b0b378d-2fd1-494a-954f-0dcc2b0ac866,0,15077
d4c4c58c-bfc4-4d86-b4aa-6bec4d45a85b,0,21646
f1c3f262-dcfd-4904-b108-38d3479e3201,1,25031
9ea62a2d-578b-4945-8d7b-d2f8d7773b5e,0,15466
5911f339-19e0-4b54-9c49-adfc7a575e3a,0,7504
655b8f82-6ac2-43e3-867b-733b0d2307ad,0,8920
1c524fb1-768e-481f-a1d8-d9191dd09bfe,0,2055
e1f8ab90-954e-4254-b8e3-07608bace40d,0,23148
42099492-c42d-4b92-8f66-2556f9402cf6,0,4873
39140e99-2e5d-427c-9738-2e6d443b074c,0,3822
62b728e5-4d80-4215-8cfa-842163659160,0,8592
abd50515-15ea-489a-bdb8-c38dd3ef0b36,1,17018
fcd6452c-680d-40a6-9fc6-1793eb3ca0a8,1,26309
af4d7012-0021-4729-8eda-a8393698cf33,1,17424
f979069d-6915-4f84-9b97-345f35ad2083,1,25895
d7eede04-3a00-4b84-99fe-38b85a251f53,0,22016
09f0ac0a-2933-45fc-a937-c0da67f5fd0d,1,759
aef66833-841d-40c8-84f8-acfc81c2f9b8,1,17386
4924d32f-a002-4fe6-bcab-ec2656ac6950,0,5672
5840f27f-0a9e-45b8-a849-4a379ecace6f,0,7408
b9590757-7c68-4dc8-9d64-eb59f652b0c9,0,18564
e56fe4ee-79d2-4627-ab35-d209e197440b,0,23571
8ab37a32-a78d-4cbc-832d-58702d9b372a,0,13207
8e835512-0787-4ea6-8c83-e55bd9592dc0,0,13653
c930d92c-5c7f-4aa6-88be-1220a5df602f,0,20343
788a5305-7004-4f0b-98b5-65dd2e6d2698,0,11190
8db71746-e837-43c2-bdf1-c44d1ab207e3,0,13561
94b23215-2e44-4099-b82f-ce0e29f16ba9,0,14338
34f497c2-3b1b-4ab5-a517-eee658885313,0,3322
08dc2e8b-754a-47ad-97e2-efe6e14fd732,0,631
a5b48ab2-4a09-466e-a3e3-ec32023f49d5,0,16305
ee373825-44f6-45ca-8ec9-d2d1d9541450,1,24613
b617818a-6a54-4dbd-997f-26723bb46634,1,18206
e92d7e53-f191-41af-a86b-8da6c7734386,1,24008
baed4093-ba48-42d5-8479-92b2612217e0,1,18769
4f404c2b-d0b9-4c60-9ed3-b78e87fae530,0,6370
b36ddceb-a4c3-4f3e-9b95-cac57da3d0b9,1,17899
5c4ca9b6-f749-424e-885f-f2bb896666fb,0,7858
4217397c-f5d1-4890-8d71-5c6eebf8340e,1,4879
1f7a3519-99e6-4466-9859-5e628bebff73,1,2176
17551520-eef9-476d-bdcd-9556dca30e14,1,1681
92904c36-d956-4f15-b60c-b65a8b6da532,0,14093
988ba152-ec89-4213-b2dd-7e167f6dceff,0,14766
cebf1b64-db1e-489e-8744-013fbd928b1e,0,20991
4d4bcacd-2be3-4624-9759-a5d2f511131d,0,6137
bf630db5-0761-44da-ac36-e4462117727e,0,19297
5fa666d0-e617-46a3-b46b-1e7dfe13cac9,0,8243
960eea34-4810-4280-9bbf-49ce577174f3,0,14490
76969629-8dc1-4091-9507-495fd53342dd,0,10981
a5721bbd-b1c6-4e95-b6bc-0a7fbf583b6a,0,16277
6a078738-03df-4e3f-adb3-d203baef1e1c,1,9479
c2c4dd48-9a14-440e-9d97-3433553934ef,1,19567
ca96493d-0643-4f69-87d7-1fd1c339ae84,0,20506
b84fca75-6c3f-4026-b65f-c9130c409e4d,1,18459
74d35cd9-9847-4a97-a83a-22fc9eeb5dc0,0,10778
d8ac4d66-0b5e-4fa2-a568-7f2b9c25571d,0,22086
3e090052-b2cd-459a-bde0-837321f83cf2,1,4404
f8377b25-0c03-4615-b18d-f0131b80b3d4,1,25746
6f0b7ce0-dbac-4190-94eb-c252d9a36b83,1,10111
7581fe5e-1611-4563-a327-e140d4327ce8,0,10863
4099327d-4b3f-4d64-bda2-9b696870ee01,0,4700
38e8ed40-7a1f-4678-b655-31d3431b0ba7,1,3799
9d4a60a2-7a43-4d82-986a-0fbe9126fd88,1,15315
0f45a78f-d20b-4370-b0c9-00da4e9a8a05,1,1191
31f4be2a-eb24-4816-8766-56ff59314cc9,1,2975
c35dad3a-1b66-405f-8a3a-9f70b2981a38,0,19631
84030ab5-8cd1-4db4-9b70-df83042cc856,0,12505
3ce59614-c1b8-4878-bf2e-3a04ec55f588,0,4274
f263f957-d60f-4ad9-bec8-51c1389afd64,0,25102
ed78b789-be2a-47a8-be70-96e20e38170c,0,24538
e0d65c5c-eaa6-4cb1-9eb0-2621f0f81164,0,23017
c85e59c9-186d-4c31-80ed-b8fcfe353c0d,0,20242
d27b3635-9f70-46ea-b38e-0b07aacb62d1,0,21416
7400568c-7ce2-4545-9400-909c2876bcc2,0,10684
70695903-815e-4670-acae-bdd9a08b13f9,0,10262
7bd7f456-f801-4337-abdb-a5e6cc5aef94,0,11577
d01efc31-f83e-46dd-a3a1-1eb73f60ddcc,1,21141
8a2c5b47-e18b-4a56-abe0-fde1652dde49,0,13146
6f94caa5-73c5-47ba-b369-eea6d3039609,0,10177
28ab894f-1324-4107-9af8-78f7928f512a,0,2522
dc1813b1-0576-4560-95ab-fd4a2b509823,1,22475
41f305b0-0d5b-4378-9b40-91e1359ac22e,0,4866
ea31d2cb-bc85-4b0b-8f7b-bb7ce1cee22d,0,24119
aa45260f-ff15-402b-97fb-c5e2eca493ff,0,16841
be35c13b-705d-4466-ae3f-ed690080ac9d,1,19155
3abb7176-035d-46cc-844e-820870e8154b,1,4021
ea3e6268-faee-484b-90e0-2780b8c8fcb6,0,24131
3c725c16-4631-429e-941b-3c797df3f901,1,4220
93abb935-d49d-4cba-8c72-dcef00880aa6,0,14228
5c0bb75f-a4d1-4070-b40d-6fff71138147,1,7824
ca7682e6-7ba1-4939-8d27-b4bced25ff5e,0,20494
5191c1d7-b90e-46a1-b5e6-3459f03ece80,0,6638
e3bfcacf-6bb6-4af1-b49f-0a3b0cda6f96,1,23357
7b5d24e2-3ce5-4556-8ff1-6144af660d5e,0,11516
a68ccb7f-3374-4534-8a21-1601b478cce9,0,16403
94808997-3c67-4d45-bf6e-423f3705d30d,1,14313
c7935568-7703-4ffe-8b55-b656cc5bb7bc,0,20147
3743b37d-25a5-46a0-acac-5087c1791097,0,3587
56130832-8cb2-4c91-a98e-a40b1f1d1dd2,0,7159
fa65005b-f6ed-4c46-ae15-285ea0595747,0,26013
982be611-98db-435c-9af4-098b2eb008e3,0,14729
88510d89-5d17-4e12-8e60-77721bb40966,0,12941
46742c7c-75ab-499f-9fa3-2a99915e6738,0,5360
81cc48ed-0b64-436e-809e-47c3fc35006f,0,12262
6607ca20-4737-43b9-b297-d119873f1754,0,9001
575aa76e-ea41-4db2-809f-265d8c5d70c4,0,7300
bbca9bd4-53b2-4076-a3b3-a1ee4079faec,1,18863
a40c47b6-5d37-47c8-8cf5-aacac6cbe14b,0,16099
7b433c27-746c-4968-b958-397f1e81e36c,0,11502
616211aa-c849-4d2f-bc4f-382f375feb27,0,8444
e813b239-43c9-426d-b768-4a88d5e2c2e4,1,23888
768de2ea-9099-43bd-81d6-ad2b9e375e77,0,10976
1a4326c3-303c-4140-8747-ae962f87a981,0,1969
045df9bb-0f72-4b8a-8135-cd5120fb40ed,0,222
c780b6f1-8ddf-448f-ac63-d09ce849cf4f,0,20138
a65e4bec-79df-46d8-bae0-037aed58842e,0,16379
de5cd980-fe4d-4271-984c-3ab285efcb48,0,22725
93e19d77-ce48-41e4-b78f-b873525673dd,1,14252
5b5c1927-2b15-4ac5-8931-0edf8c6cf23d,0,7748
2ef52c28-b6f9-4317-b062-e016efc73c5f,0,2780
7af7b0e6-020f-4e28-a3cb-a77aa0ec5b3b,0,11474
9a970136-ec7d-430f-9a70-c873fe64eddb,1,15037
43b3df2f-4768-4f26-9463-2e34ea66954e,0,5035
76f00430-861f-4370-9e06-dd5b9692b669,1,11014
a9d7fd57-d71d-4dc2-9556-418b18771f37,0,16803
0bb3e7f7-bcb1-4dd5-b9ba-ce5c6eaa9ba0,0,944
5fa01b83-bce1-407c-97d2-8b3c36531130,0,8241
c542f0f4-1903-4fee-ba0f-186203d35226,0,19876
42efc435-e497-4d86-b858-231682b2cad8,0,4967
a4a72b9a-b647-4395-85f6-db7e44f23a0d,0,16170
9fe35f18-856c-44b2-8b27-addaa68db796,0,15617
a31468bb-700c-4430-ae7d-8a547db8fa5f,1,15991
b1ee3437-1d7a-4a85-a406-f2f7bca754dc,1,17738
6ca9f96b-f164-4022-8c4d-28eed6214c4f,1,9828
7bec73d2-1a5c-462a-b9d1-29e4b5ee6ab0,0,11587
23997b8b-5726-4b2d-bd45-b15fc1c4c2af,1,2311
8936add9-da78-4ad3-8714-f51368039350,0,13035
f50defa5-381d-4982-a1c3-c31e2b26af61,0,25395
98e42965-bd5b-44b2-92de-38f8aa015341,0,14815
31bac031-0b6b-408f-8acc-1651bd777dc0,1,2948
59fbc2d1-41a6-4a64-ade7-9b951273184e,1,7600
4dff11f9-1935-4ba4-833a-9692c640bd7d,0,6223
f4fffaa6-a5b8-494e-911b-1560d1937422,1,25391
fc3cf48e-5d7f-4548-84f8-69058d44af2a,0,26229
a5d13986-5ec1-4eab-b8a4-c01d46122a3f,0,16320
5e32b292-1c7a-4225-b0e3-78a95acc7d75,0,8065
b1215d2d-3788-4d6f-9523-402d66fc707e,0,17635
3a9c2da0-7cf6-4d51-8012-096f6f4e461e,0,4008
182d2f6f-1cf5-42a9-a178-9ae0786c9236,1,1785
94d1813a-2992-4aaf-9059-a295069eb201,0,14357
56ca026c-e477-4c5d-ae8c-bef46ad383fb,0,7247
08ee8fda-45f1-4f46-a5ac-315a8d4dd196,1,639
4c738b1a-40a0-4b4f-9eb1-9379fd53a12b,0,6056
2e5dc881-3eef-4f78-96f8-2e240bbede2a,0,2753
656ea13b-f710-4709-9181-0a78319ffc37,0,8930
7628b348-fdb4-43f6-a7bf-7eb0e20d0ae8,1,10940
5f74d71f-3b73-4748-b7df-cc6374890c57,0,8220
52a954f4-7d46-4088-b646-7b3e5d85e8d6,0,6765
ce8b83d0-dc04-45de-bfa1-bc67b24303a6,0,20967
66ab97fc-4b26-454e-8e09-e06e1c2eb74b,0,9091
d9d7d467-d727-4ab7-9df1-53cebad56ccf,0,22233
3a902c1d-e41b-43d3-8484-4c0d92a30271,1,4001
59cdf26b-d2de-436b-9d67-4c8317ea46be,0,7589
9693f4cd-6af5-4736-ab7a-7a186c13a046,0,14545
90132556-239d-4f8e-9263-603596046506,0,13836
d9e9d65f-dd61-4e76-aec0-0cc27e5c583e,0,22241
b07fc720-9696-4dbb-af78-013c1464b916,1,17567
b18e4375-e20d-42e9-a545-a62294135c07,1,17698
6f8f2795-cae9-4c41-9130-cd23fd840e7f,0,10176
604a6a95-e65c-43c4-b12d-7045ad92e54b,0,8316
fa892e51-e0d0-4fe8-b31e-351a8057bc84,0,26024
32f02701-5caf-4d1a-8293-861b33c20908,1,3093
712d1340-6f88-4996-93d3-83230815cdef,0,10356
a5e84175-0226-4ab6-a5be-fd6a7c07acf5,0,16336
403af764-1328-484d-b58d-2b306c602c60,0,4652
2e827502-06a4-425a-9ee3-9a0accbf3a79,0,2757
7c328c0b-3a48-4043-aa50-d592e59fbf96,0,11619
f489249d-93ed-4544-a96c-300aed45260d,0,25347
4b0f3bf3-fa7c-4e6d-9ef9-2d65f485021c,0,5887
3576b088-b3b9-40f2-bd44-de169e3e82f7,1,3389
b6251813-a489-4cf8-b9ae-ca95fcfccb4f,1,18215
ac282951-7cd1-4e12-9a60-d11351383af6,0,17058
ba3b13ee-0a05-4219-a45a-90eb7d91dc5d,0,18681
36113737-c1e4-4261-96aa-5ebd75f3b60b,0,3452
534dd305-b5ae-4200-9e77-0662f9094d4b,0,6833
c25dbebd-1d11-45cb-a165-fabc0ca3c0fa,0,19518
32368c74-ec8b-423d-8656-7249ca60329a,0,3001
3681ccb2-b646-46ec-a277-e0fc8499a2c2,0,3498
cd48389f-d5e7-4f7e-b0e0-dda7a74b9445,0,20830
4b3eb3a0-bb4a-4746-b4a4-62eb002849f7,0,5911
061ccabd-b0cf-4238-a053-28a1960c1923,0,331
a3a0a2b1-8ee6-4548-9f18-57e5d5a79d05,0,16048
b60b8b4f-2130-42a6-b476-d9e1d80e3ad8,1,18201
625a03ce-b725-4242-a2c2-79965f266be7,0,8544
568e580f-c31b-4e58-9821-b6b822e3f8ec,0,7217
aeb6324d-08d5-426b-9a60-bc39d5151edb,1,17350
cf5ab84f-a539-4369-8cbb-fd227bfecff4,0,21058
9778f137-de03-40da-9d6b-3187d59fd9aa,0,14641
8a490865-4287-4c1b-b376-55af774a2fce,0,13160
2aed7ffb-3b2b-4094-921a-0d5fbb270ab1,0,2614
908269da-adb0-4b50-a608-48bc7a1e42d6,0,13881
c7c9a206-d53d-42e2-ae57-19b9624fe2c5,0,20171
a169b48a-7fbf-45b1-a951-b0f0fc18a261,0,15803
f0a2aab7-9019-449a-bbde-5978f1d3df71,0,24888
361bdb6b-b414-457f-87dc-bb30e20463d0,1,3456
e8293694-de0e-46bf-b062-a32647c42c6b,0,23899
5561e04d-f30f-48fd-bd8b-6e483b9cdef9,0,7082
e3ab7a9d-edd2-462c-a530-9969c6e6aab5,0,23343
b329ead1-3d20-43af-b0d9-bc4e98ec2239,1,17865
6d4f8b2d-1509-43d2-8620-99623234d622,0,9906
742ae136-a219-4586-ab1e-3f8064596e8c,0,10704
cb99fa14-bc99-4e77-ac25-0bf140c5dde9,0,20625
607fe277-69f8-4958-bc45-4ecf5ebdfa07,0,8342
3f750eed-bfad-4c3f-b268-8c9f4270cf05,1,4558
561143bb-f604-43a4-850f-b350a42a6e81,0,7157
f50b0e32-b723-4a51-9c27-0f7c2582f3f7,0,25394
e6957865-bb93-4b28-83c4-80e8a7eea793,0,23717
71d25920-4060-4a31-b7aa-cfbf4721a5c5,0,10441
d258b81b-f7b4-47f7-b850-3eca636d3a8c,0,21398
c7885ae1-f82b-4ff7-a912-446e97e23209,0,20140
a391f610-40e7-4440-abe7-fd65d9b8e3b5,0,16043
7519423f-d684-4055-b211-b42e54404ca7,0,10817
0716f059-34cb-4046-ae86-46b47756fc2b,0,441
8c68d371-3917-4870-a063-d71e944657e5,0,13404
f3e723d3-0349-4ca0-b92a-f92e943c7caf,0,25275
78bc172c-580b-4e1b-8b0c-fb185f0a631b,0,11220
f630809e-2498-44af-beaa-dda23a36cf20,1,25536
7ff0e498-ab0c-40fb-8b1b-b6cbaf800a8d,0,12059
849642c1-13eb-4521-9af0-43e25ac8134c,0,12545
c3d5319a-b338-447f-aac8-4b9ab00d6786,0,19699
8ba3b713-50ab-46f8-8a70-ee11247390ee,0,13324
6bd8003d-9c92-4881-b2fd-3d0038b135d9,0,9723
9d33381f-6428-462c-a2bf-2b87d276f0eb,1,15302
9575f8d4-6d15-448e-a615-da0d60c2a961,0,14416
18bb5d03-8dce-4e4a-aae0-62039a828a7c,0,1854
e47221dd-dfa3-40b0-8b73-1f7fd8ae4a80,0,23436
5f50e1fb-dc33-4762-8dc8-bd3ef14eebb2,0,8198
8e741a09-277a-4078-a1e7-6bdb093f6e79,0,13647
f6996063-32fb-4c81-88d5-88d378cde412,0,25576
f281eb27-ff81-4223-9f5c-b3e49a9a7b08,0,25119
6adaad70-4f68-478b-b489-6824830a7688,0,9598
75ae24bf-5a93-4969-9010-6604e53608a0,0,10881
e158a4d0-6a35-4d57-8f1a-5670eff19364,0,23078
4d3deed3-16c7-40ca-9b7c-e8cdd3abccbc,0,6130
162c2fa0-aa64-4cc8-aacd-930750957868,1,1569
85860936-89e0-422c-b4c0-b19eaef0f50a,0,12632
56067473-2508-4ffa-be6a-7f70f3ea17cf,0,7152
93d82d12-f314-4014-ae0d-05dca0e77674,0,14246
c1628c47-5ba3-42dd-8df3-7ad3abd57ad0,1,19438
4468241d-75a2-4b1e-8a30-eb4e9e604582,0,5113
ad7ff8d9-6c8c-4569-894e-99b0210d042b,0,17220
ee7fec9a-c1fb-43d4-8e2d-704de5a3ab2e,0,24644
b34f99a7-7898-48b7-880a-743603ade339,0,17880
8a05cd0b-40b2-417f-9649-4cd06ecadecf,0,13127
2e4b20f7-69c4-4680-9c8b-6984c195b1cf,1,2750
c7458102-3a49-4018-a66b-023eecfca5c5,0,20104
8996833b-bd93-4721-bf63-1da145e7f851,1,13075
c59c52fb-cd86-43b8-9338-8f2445902cc3,0,19919
d1425a21-5f5d-4b14-a910-f8aea97f0d27,0,21272
54349eeb-01dd-4ddd-9f9b-f74d28a37524,0,6945
a20def8d-de06-427e-8416-09ae16bbaadc,1,15870
3478ea20-8761-4222-9c49-e738dffd4e77,0,3258
becced78-9df7-4e9a-94c8-7cb750d41507,1,19227
a47c09af-6f13-4057-a0e6-6e1f422b584d,1,16154
cf56523f-376d-42af-89a5-ba0b921a2881,0,21057
ca25ebf6-2257-47dc-b8d6-57e101e37669,0,20454
14972d5d-9c7c-430b-bc31-17ce7fc3422e,0,1409
d82b903c-b2e5-454f-aaa3-2d7253858348,0,22037
5c13b232-bfd3-4121-a76f-bfb5976298f8,0,7827
60d439ce-dd5a-4d41-bc80-849786a0ada6,0,8382
31bfce74-d914-4acd-9aeb-1155a3c52ecc,0,2951
55204bb8-89fc-449d-8563-e91654abea9d,0,7047
df59ce30-d6ce-4942-8ed1-7475a5267539,1,22844
cef618fe-0158-47e9-ad65-546f6ffcb4b5,0,21014
9f776244-1abf-4ae2-a4ec-237e915cd914,0,15567
fb28dcb2-055a-4619-9b8d-5ca654fd0345,0,26102
bcee03c8-2ff9-4b01-a6d6-a4ee99565d81,1,19018
47ec1b70-a18d-4c98-a313-4999a4059742,1,5537
4abf781c-2e89-4a76-95b9-a0329af30297,0,5852
9a8d4c24-8275-4805-ab84-9ae850c7ac32,1,15028
62085d82-9754-475d-942c-5ed62ba711f9,0,8506
189fec61-2bb1-46e3-a285-1dc3a09e8860,0,1843
4c8a9e75-56b1-4d39-8b7d-fa84bd867ab5,0,6070
393479fe-4d10-4f40-ba01-6a4710632626,0,3838
108eeb60-7701-4796-86a8-1447fd8a0ff7,1,1262
dc7720ba-e9fe-4680-8304-bb149bedf128,1,22518
05f42ea0-fa18-47ba-80a7-e070307300bf,0,309
96f4aeed-716c-4db1-9f81-a186c991855e,1,14585
6a61e542-fc33-4d8e-8c09-8443528cc63a,0,9523
bb65756f-f78d-412a-b5e6-c7fe81c9eb4b,1,18825
5c3eaccf-5cf4-4ba3-8240-dbbeedfeef85,0,7851
4803e92d-e9e1-46e3-adca-986a789a380e,0,5549
8c9cd537-c738-4a58-863e-3cea5f4013ca,0,13432
462bc090-0a9f-4dfb-b6ee-4781eecab108,0,5325
901950a9-cadd-4b2a-b24e-093f5e1070eb,0,13839
23ab8dcb-0331-42b0-8058-45676e48675e,1,2318
c316e283-3aaa-43ab-bc8b-d2e2076da35f,0,19601
7e608cc0-424d-4cd5-a690-e4f586710b2f,0,11862
9b2d7e34-af22-45b1-a619-4995b7118919,1,15095
74664487-40de-4128-ab49-ed0110727ca8,0,10732
089a996e-425c-4311-b473-6948b3eb1060,1,607
7d88aae7-e8a9-4f56-985a-72f238754764,0,11768
a2f0b32a-6788-481b-879c-49c88e2407bb,0,15968
7e75f246-0119-475a-ad25-d83162e6e389,0,11871
54b49d80-e964-48d2-8890-4cf2523fb063,0,7011
4c6f2598-e47b-4ad6-bcbe-facfbd761521,0,6053
71f7c138-25f7-4d7b-b2ca-47c48a9b0380,0,10457
f7379744-be39-44b2-8816-a743857bd6a6,1,25640
9a73787f-5ad5-4a01-9ad5-f916e8804170,0,15017
8e86a7e8-18dd-4fd4-ab3f-2ebed9a97150,0,13655
20527dda-ec34-4c48-9e6a-c03e0d7d0ff4,0,2207
723c952a-b50a-42e1-a0d6-5d177bc635d2,1,10490
5aef8439-6fc5-45c0-9e52-1524f62a69f2,0,7701
eefe766c-7628-48a6-be6f-f464945b06da,0,24704
c48ad889-3b33-4b06-9b38-4feacc87a830,0,19783
e80a7eb1-664c-45de-91cd-8689e2590930,0,23882
c53e60a3-2b45-40db-a910-e877f197b421,1,19875
c6b7c0da-f681-4105-a1b7-c3d727ed90fb,0,20054
e81cc5b5-d8d4-41ff-bd46-f54ded0868ca,0,23892
4b345caf-5a04-4dfb-a40c-a27e48071f9c,0,5904
3939cfba-1869-4c49-a79a-2f081ef2ca7b,0,3843
e9b7cd5d-3d54-48d4-a784-8abae7369366,0,24067
cc580fb2-71c0-4cfd-9a14-280cb20bce79,0,20712
880ea9e3-6c84-47c9-a94f-bd8c94903eb3,0,12909
5b23de86-c4a5-4c55-b38f-18155a87930a,0,7723
c5249000-7193-4697-99b6-de57a2a97a6e,0,19861
08f17660-dc61-4a5d-b6fb-10dacc1e20a2,1,641
0da04332-a1fd-48a3-b13a-6cf38f8b9ee7,0,1114
d987c6cd-1a63-4309-b02d-6efdd518da44,0,22189
600459b2-22c1-449c-b5ae-201e3f58a462,0,8291
c9b0cbc7-e448-4531-91e5-6d3e982e5eab,0,20398
a2df7aa0-ffbc-40a4-8a8f-d797be9e6f82,0,15960
3cfd007a-77cd-4125-900e-e0e014592a35,1,4287
d9d8203c-a895-404b-a301-6c59d2486225,0,22234
89c4d460-8231-46dc-bf13-901d61cebc51,0,13100
0a03a65b-9e45-4e3d-ae6c-b8a37112ab31,0,765
cb008bee-f96b-4039-b69b-46a7ad8e50c0,1,20552
6e658597-121b-46d6-976c-27179f54d66e,0,10033
f5436018-8bb4-4c8d-8685-bc17c71e191d,0,25416
6bf5ff1a-07df-4c64-8fdf-dd8a26ab9b5b,1,9743
6b275c38-b928-4119-8bfc-cdf34e2f58c0,0,9637
5951a068-c3d8-4e8b-abec-c1a8052411b2,0,7535
70d1a8c6-ce6b-4393-b278-6ae850aa7219,0,10303
c7b82296-619f-4af1-9948-a1837c474117,0,20164
0bed2d9d-8a11-41d9-b312-41f8c93791f7,1,970
93711eaf-7c5a-49e7-a5f3-b06922e0fa9b,0,14194
b7d86d4e-7d73-4269-bd19-3d24b7f4259b,1,18399
0385fdea-9b37-4039-b10c-d3094f6afdfa,0,170
531f1e64-d6d8-4905-85d5-f6f10834d098,0,6813
839dc857-9e00-47d1-94d7-e3b1271bbe73,0,12452
5fb43479-d9a4-4c32-bed3-f63ae1462216,0,8251
96d70baf-538e-4bb2-9b0f-20d563c60c53,0,14573
dba1e06b-a852-4197-bad2-7560f525d751,0,22424
5f531888-0bcd-44fa-8acb-9f5b71609c38,0,8200
3b6a7c3f-6628-43e9-a4b9-227a7d6b7ef8,0,4101
88655da0-c331-4400-aedc-de357b57b35b,1,12952
1e74323d-d449-4a93-aad8-2df912970b1c,0,2131
bb502e72-7003-4cf7-ab16-a087fc9fb36c,0,18814
351a2b11-fd83-40af-bdd9-114ff1a44ba2,0,3345
72958adc-e186-4905-9017-d941681a250e,0,10535
e37b7861-47ab-4671-bea2-87619e92c292,0,23323
af0bad4b-7eb8-4cbf-ac41-0b3a54526874,0,17396
31ba8a38-bc46-4208-9225-f4a6290d7966,1,2947
4867bffc-1217-42be-b3c1-5a01c8e8c11b,0,5597
70ea8245-fcd1-4ebc-a330-9d92c6f74a5b,0,10317
f12bd21d-e5d5-4387-9f0c-03427516439b,0,24948
e19ef382-08cd-49ba-ab98-4f8c1527bb08,0,23111
945a3e8f-a300-44b2-bf25-b8fdc63e0c7e,1,14300
098906c5-cf22-43d3-9f0d-90e88e602090,1,716
16b79bed-11af-493a-994a-294b21d34c88,1,1622
35a9fe12-15e7-46d5-9095-529d5298ca70,1,3410
e50809fa-c887-47ac-badd-4abc077c7def,0,23509
991f4b19-f068-4b13-8329-58adac3b0555,0,14846
5eaecd80-a0c5-4b3d-afda-9ca41e81976e,0,8125
4dc21966-d086-4e44-8e00-d0502d90987a,0,6191
a2274c77-b8e5-49eb-bd00-ff351d474879,0,15877
2a19741a-affd-44a0-98f9-b1e27fa25c2c,0,2581
0bda6a44-f304-4ca3-874a-b9f29f73da05,0,960
357417d0-9e34-425e-919f-b4f7f9643bc4,0,3386
53cafeaf-2bcf-4379-a4a0-092b533c602a,0,6895
94e4edc2-92ab-48dc-9f2f-dfa5e6691e5b,0,14363
2fcb3969-e438-4461-9739-5e8a44233312,0,2817
7ec4d36e-92cc-4aeb-944b-0ca9d985b202,0,11915
c003fdb7-d3ca-4295-92a8-03b32bffc780,0,19377
986237d6-e05f-4ce0-82e9-b81feb7fc399,0,14747
f938d936-8c4a-497e-9b73-244a22786490,0,25860
ad51db72-7811-42eb-9a39-434be7ae601c,0,17194
4717b1ad-61de-4dc6-a4cf-7a40951b59d3,0,5442
0c122fd9-6dc8-4224-baae-812ed5c4bd12,1,991
7a2c7e33-d021-4fd2-9b30-a43a4ef68628,0,11383
bda1d8b6-2a74-41c3-8cef-3ff7864e4613,1,19094
772e6245-dac6-4f17-999c-368d4593f98b,1,11049
8b708a98-49d3-4ad8-b1bb-575d8ea43a75,0,13301
edd31ca9-6d8a-427e-9342-ebc5ae9af212,0,24575
5bc74cc9-674d-461f-ac57-f355f118ad46,0,7789
44f0cc59-9125-430f-9331-03b19383cfb9,0,5187
6f1acba4-6e7c-4041-b923-b7ff68d7621f,0,10117
387ae1ba-6db4-4045-b41d-fec998d94944,0,3734
d8b63ce5-796b-421d-a044-56c1bc01ecf8,0,22089
c6c6fcb3-1fff-46c0-ab82-7976005351a6,0,20063
947ddbef-0219-45f9-89e3-6b7cd1c4bce9,0,14311
59a9022f-6582-44ee-89b0-d9ed492424bf,0,7579
a4be894d-7e3a-4813-844a-4d17ecb5871f,0,16187
a37b8547-1850-4d8c-940e-cc9d74e0798f,1,16032
dcb8325a-8e9a-4dc7-a380-3556067d6a4e,0,22539
961a1018-be5c-4af0-b2f2-bd0142ee7625,0,14495
a1925427-ba38-45c0-a39f-7435ddba97b2,0,15823
5e875cfe-01a5-4433-a953-f460c315838a,1,8107
91096cbe-eb13-497b-9aff-3b4af34dd3fb,0,13935
182dfedc-976f-4464-9023-d787392b7ee1,0,1786
ea1d03e7-3b23-4a25-b8cb-cf150b076632,0,24108
a8916a85-c5fe-4531-ba39-0bc117686fb7,0,16653
ddbca073-a2df-4012-bdcf-428e3c159188,0,22652
f5544779-e6b9-456b-a475-867e41212602,1,25426
ee9a12c3-a25c-4281-abcc-a1887dbea04f,0,24654
887be5e0-0e44-453b-a76b-88d06df5e3a0,0,12958
07798a86-803e-4a25-b1ca-3394ae293be5,0,493
8bcbc23d-15c8-4e14-a2c7-7fca7b755d8b,0,13339
a5cb50d2-0c06-401d-8df0-f156e079cbb6,0,16317
3bc44999-08aa-4429-ab87-a2958f22b2f8,1,4139
6797dfe0-ba4e-464c-9644-8c1022b68a25,1,9195
a6148502-53a7-4916-93c1-9fa49c9a953b,1,16352
b541091c-8437-407d-be64-2440a01b33e8,1,18114
bd73138b-5909-47be-bfd7-ae53e4a3c765,0,19069
4f775298-30a8-4204-83e7-e15880dc2d93,0,6394
d21e3291-a64b-405c-8a71-8fae7041b138,1,21366
da3a1825-40e8-4168-9a91-1f17f9b385f8,0,22276
9546c2fc-7033-4736-bd7a-fe3a2a2f5bbd,0,14395
f470193d-f1f2-4a18-bf81-6e937c607ed8,0,25335
2b1e28fe-e10f-4c40-bd0b-7f29f88afd6f,0,2623
83b6ce8d-2e82-43a3-82bb-1d43d499aae9,0,12471
c0dd5f0a-c135-46b9-aca7-69aa49787f29,0,19407
3da2bcda-200a-40ef-897c-ba6ef6a4cdad,0,4360
e8fe76e2-fef3-4d7b-8678-26fb32573f82,0,23979
8cfcc69b-d659-4888-8551-790891d8568e,0,13481
54d621b6-41b4-4c23-aa7e-39312b8e86cf,0,7026
988a4bbd-3a14-4b4b-b846-6729e35fcd91,1,14765
68d4ee73-479a-4e8c-beab-6822aa605a0f,1,9326
45c0b837-8b43-4878-a7b7-ff5521873023,0,5275
71c26956-e098-4026-87a3-11426728094a,0,10431
659871c4-2d2f-4a18-8290-9a13da8c3f19,0,8949
7775a58e-7c9c-4d37-af27-04cace17b18b,0,11077
48919ff9-713a-412b-b125-bdce2ae23783,0,5613
3d983044-375b-4642-85ce-911e7595b54f,0,4357
59b217dd-1b12-4de7-918f-43a0f180986d,0,7583
b50d8c2a-f6aa-407a-9df9-2a52cc027f45,1,18087
a58cff2a-ad04-47aa-a93b-66091b5b584f,0,16287
327e22ca-95fb-4c16-8314-827e535694ac,0,3038
6520137b-c98c-42be-9689-dbce52e1df6b,1,8885
3c002750-bb77-48be-ab63-2440f9283d53,0,4167
98e9931d-aac7-43d5-abc6-33cfc6582861,0,14818
b460b35c-214c-45b6-8306-3bf234116ca9,1,18012
1555f6ac-0266-4120-b948-697809f139a1,1,1449
05d3817a-5535-4e77-8dda-d4412e496c81,1,299
eff3da42-7a80-472c-b944-11d617de6854,0,24816
8c0884c4-7227-4d9f-8b94-5bd29b2c3e20,0,13362
3a42b5cf-5133-4645-8140-74702ea66990,0,3961
97138ac3-1b5b-4b62-8d13-c8b733c74095,0,14601
bf067779-e5d4-444f-b8cc-e5e7ff282fde,0,19253
bea7dfb0-2138-4434-977f-1ee4a6428941,1,19212
8915ce9d-e920-4a9a-a4c6-4c40ab8af51e,1,13019
71f23ec8-8062-46fa-ba3f-dd19b86ff841,0,10454
51f72917-146c-435a-8bea-cf4d1896997e,0,6685
7dd7ae0c-bea8-4b2e-89e9-c6f55ce0529a,0,11799
858c22e9-3628-4e53-b574-27fda60408c4,0,12637
5da671da-84f7-4847-9995-334ecf044f86,1,8008
ac2dbd3f-3b25-4628-8b69-338d34cbf628,1,17060
b559eee2-5029-40f9-a97c-ff3cf9190aef,0,18128
891ff8b9-e808-4cf6-9ddf-7e1c72de91cf,0,13024
8c69bdc1-3290-485d-adde-edb625349837,0,13405
c2657014-120e-456e-97e5-1adcdb908b73,1,19522
81bd4aa6-fc26-42e1-a9f4-fb0cf1bfbc18,0,12255
7f03e286-9ea5-4112-9b6b-1edfc1173143,0,11941
3db7e979-5f97-4985-bf0c-cdea7951e246,1,4367
4065ab87-695f-4abd-9339-6be589e1c469,0,4673
9499c2b4-d836-4916-94c1-c0aab76c5988,0,14324
60fe4b45-ec85-4593-b6be-76ce2856549a,0,8398
66eb7899-a558-4013-b9b8-775e63a92078,0,9122
595d455b-2563-4e7b-9915-e22aa9b5b287,0,7542
c4c9eb06-db56-4eee-b1dc-347b7a2185c4,0,19821
d231e9fb-3282-4a1f-b0d5-2c61d7ede550,0,21379
c800d83c-f3e8-4f01-aba7-04d0ac6add0e,0,20206
4ba53c4d-98fd-4028-b727-aa233a4799f6,0,5969
96f2ab32-f218-4475-89bd-8570c0c4835d,0,14582
aa7303e1-f68b-4824-b1ee-f7c611fd9252,0,16864
cd320bb4-874c-43eb-b0ad-edcf6cb89c75,0,20812
e66ee0cd-c8dc-443b-824d-409a91b8efcf,0,23698
409cfb1b-aaab-4715-8f96-c6abe19ad561,0,4701
8ccc88f0-d99a-4a69-bd80-0a1dc8b48258,0,13455
9c7e9c64-bad1-4620-8552-e29654c70fdf,0,15238
ebc1e987-1131-493b-a2e9-a70d13b4646b,0,24315
5fefa7fc-bf2f-44a9-bfe0-d4c6f9c55511,0,8283
c6c03b5d-a672-486d-b246-5058591b07ad,0,20057
ba1e3912-82c7-4e15-9c46-46fbf780b2d9,1,18663
1f764059-8ea1-471d-b910-efbc4e5fcdaa,0,2175
074113b7-da5f-4742-93fd-654ee20939f5,0,460
41062f81-ee4c-45fa-8e61-0e5459bcc0d7,0,4749
69702abd-0555-4e3c-bb6a-f73a1d47adfd,1,9407
a10484ee-bd1a-4eb0-9df3-1947a31991e7,0,15744
8f0c3e23-9e1e-4968-a1ce-ec29f4520f3d,0,13719
0bdf0bcb-7323-4aa4-ac61-dad3b1787acf,0,965
c39e60a0-f1dc-4a16-aae8-c6df8362a877,0,19667
c236f38d-10dd-4f33-bbe9-c849c297806f,1,19498
f46b5b60-a0ce-48ef-8ad9-3244227107ea,0,25333
b8960e8b-c5da-4d8f-b4c3-bc4f3706a061,0,18483
f6889509-932d-48fd-849a-c2bc6dd32b0a,0,25568
b858e525-59a0-4e31-a893-6698f934c5cd,1,18463
24d33a1b-f931-4635-8014-ffaf1d266986,0,2366
83271277-99fc-4a10-a0e7-35d45838df89,0,12402
61008b44-a7ce-4870-b8e1-4f6f5c7df4d8,0,8399
9f2e86d5-cf74-4c4f-84f9-c9e842c8ef0d,1,15534
e58410e5-a9fc-484a-93b7-9698e1503086,0,23585
eae36cd8-b173-4eee-b989-db0f42e1a850,0,24209
ef79a784-4875-4c6a-9971-f6a974285617,0,24760
58a418cd-5604-4b1f-a033-d9105dc7f6e4,0,7456
c6f1d032-6dcf-4ff6-a949-884b0416d7a0,0,20076
f9784b2e-2810-43a9-b884-db8bfc836c44,0,25893
f1eb727e-efc8-406e-a680-7b1b4994d26a,0,25050
cefdfc60-6372-458a-a8d3-abed3ec8a241,0,21016
59254a1a-d70a-4481-a46c-a0fb66dca995,0,7516
6777c3fd-86fc-4ab1-8daf-5ab4a5c38ea4,0,9184
fd5d1c97-9947-4703-bb8c-b5e5daeac9fe,0,26363
31fde4e6-d2f5-4467-aa7b-e6bb2e2738d1,1,2977
3b81bcea-ee88-4c13-b4f6-2a53161d2b22,0,4112
647110e0-1f69-40c8-af7e-e8c3ad526495,0,8798
24ef2877-64ae-4c8a-acb5-6e1c302dc7d2,0,2371
606399ca-67b1-438f-91b3-de7d1914a7e8,0,8330
45d855aa-f1d7-449d-9d10-ed8999f4ad09,0,5285
9c3edffc-7981-40c3-84b9-d719e49ce1db,1,15210
3f11c0cd-f83f-4eb9-9968-2cf5958d9147,0,4513
17d4c5c2-d44a-47db-98b9-771b5589bb24,0,1745
17029a43-0aec-4db0-9ff6-de544ff2e7fd,0,1650
5e44964f-bde6-425b-97fa-fb3b596190cc,0,8074
c8e36af3-6b75-49ac-b144-975daf5aaa38,0,20309
b25a4c1b-e4cf-4e51-900d-122ea60958b7,0,17783
0ed69049-8906-4b90-8841-727a7716c42b,0,1172
2785e983-bdcb-4ece-8dc4-82b14d2d2b85,0,2474
5b737720-6b6c-4763-95ea-d3291957c781,0,7757
e2857880-a864-4391-a187-77e940705823,0,23209
3ddfe89f-2b00-49cc-ad50-30ac45c8aad2,1,4384
d50b31c0-05b1-404d-a03f-330d2b13a1b5,1,21674
42d93c57-38ba-47f1-a113-6bb961a71c00,0,4958
67222b15-7569-4c2d-b214-f3f613f4549b,0,9148
673af04c-9370-4356-a97d-32f6bb128230,0,9159
e27d9773-4a74-4df6-a650-1c3deba22126,0,23207
f03bbb81-68ae-44fe-9e96-a00a694e35d2,0,24847
b957974c-211b-4f52-86d3-25d18825dfa3,1,18562
a541be19-c9f6-487e-b615-d15042a246b1,1,16261
bc867365-1d77-44f9-8908-3b79b21c859a,0,18958
e2fbe7af-e71f-40e5-9cf1-2c41caea4527,1,23266
91c1c329-f7b7-440d-b65c-e15c3b31e0f4,0,14009
742bbcd2-203a-4b66-9fe2-0ed2641adebd,0,10707
10b1ae91-9c1a-4b1d-b269-51754df1b4f6,1,1266
39a35520-c8df-4bde-a957-72a7b2dce2dd,0,3881
4db53f6a-d873-4ef7-b321-f505473504e6,1,6183
798e3d0c-4bc8-4d94-8fbe-59157aea9895,0,11320
0d4cb628-fdfd-4a4f-838d-9054ed99cc9e,1,1098
dce45bd6-87ee-4092-bef9-d868d8e6a31c,0,22561
7f41d711-55ff-44a5-8857-b02eb300174b,0,11970
3e9f3a6f-7f74-4534-b56a-30325bf3c3e2,0,4464
931aab93-3ca3-4648-a275-0d9cce255d1c,0,14150
e44e3036-d041-4492-aec0-f69180e567fe,0,23419
15c50f7a-a638-4665-9101-cc2ffdc39a43,0,1508
92c29872-e308-4d66-86b0-a20a290ee9ab,0,14114
9fbd26bd-6109-4c1b-b5c9-e217241f87c4,0,15604
bd6e1c5f-cd5d-403d-a09e-271283187b35,0,19067
ff5a1534-7139-4ee2-902c-87db8879cae3,0,26600
1794b7b4-de8c-479a-bfa7-2ab868c3061b,1,1709
d17d2c0b-4455-49b6-93b1-26ffc9d0d435,0,21296
64ea0767-fba9-4104-9e29-9621a5bb2f60,0,8859
94c5e9cc-a434-48b1-8bc2-9484f69df493,0,14348
bd33c31b-0073-4e5c-b3b0-cb82a640d937,0,19041
dc36c084-7f6e-4bcd-810c-7ea46af670d9,1,22492
453147eb-e16b-4524-92f9-385bca82c86d,0,5220
80fa07f6-04fa-48b5-9383-8a1d273eaa42,0,12172
36b750d4-ac1c-4301-addb-bb00f6edad82,1,3522
fdbb8350-5309-4124-9206-a7db3e795a1f,0,26402
e69f1dc2-812e-4ef4-8d6b-7b6c8bdb7b89,0,23720
28fa453d-027a-4569-9e22-7814e7b74f43,1,2538
339728a0-cc96-409e-af99-8af5c6ce5f23,1,3155
c517a6a8-2695-463e-af97-735d67da7068,0,19857
0550968f-5ad7-460c-96c5-c2702535e344,1,262
452ab672-68a5-482a-954c-492fd1a7fa42,0,5216
9295630a-9d54-4e90-a9cc-1ca46630b04a,0,14096
8d914562-3492-4df3-8f2d-54c4aa9f17e8,0,13544
99ca1f62-afb3-4cea-9219-1e801bcef3f4,0,14935
65845e8f-2cb8-4a56-a529-e6b856b0a6fb,1,8939
061bb9bf-13c6-4ea0-bd82-5768fb83dff8,1,330
1c98cf85-1e50-4def-a8e7-6749808339ff,1,2065
230adb79-3015-4657-86d3-fa3f146a10f5,0,2288
ccb06817-dd39-47fc-a036-8e0104fd0cb8,1,20751
f8999631-5b05-4c6c-93ec-aec4451ef9bb,0,25795
847ec9f4-387b-4655-b357-e0c2b1323feb,0,12536
5c5123a8-bbf2-449b-bb41-dde9c1bd5b5f,0,7862
f6a4e9dc-4b6a-40cd-96bb-a88d57d237f6,0,25584
757927d3-686e-436c-9a1e-b03a489a8fa5,0,10859
f2c7cf6e-f082-46f7-b72e-64627c5dec5c,0,25151
b98ba929-fada-4ec9-bd10-1c0be267ee4d,1,18586
3517db13-c047-42b3-849b-91b7ff5eba84,0,3342
cc847774-1558-43db-b76b-06948bd858db,0,20735
153fce06-c27b-4eda-8db1-9f1c60ccf4a2,0,1441
d1a35ffa-157f-4e1b-8656-72b40ecff775,0,21312
aceadc8e-a025-4184-af7c-20325cb516a3,1,17152
09b2d54e-3a85-4efd-8204-ea73bc70c405,1,731
34bfa8e6-be0f-4ee9-80f4-abb70fbf0ff7,0,3301
cef4c82b-339e-4b95-be04-31587365ed51,0,21013
378519f3-871d-4eaa-835a-069edecc41ae,0,3613
adca229f-0bee-40a2-9dbe-97501c87986b,0,17246
52188e35-d9e9-47de-a3c9-71a22f5de52c,1,6701
a4b66a15-c38f-43e6-9db5-219b6b1cb144,0,16181
38e68dfa-d76e-4d4a-9fa8-4a9d86f1a380,0,3798
827d6b20-ff1b-4db7-816a-96c333375b08,0,12335
2d9bfa9e-b4c9-4ab2-98d6-f821d61435e2,0,2720
c5f17998-8e5d-419e-87f9-800facb13fe1,1,19968
cd30be82-c93f-472c-9799-0346e52e485c,0,20811
020fb648-3b1e-404a-a0b4-f25d6b277c1a,0,112
678b3367-ee1c-4f3a-9482-58224ad16bc5,0,9190
d2c96cb5-4d36-497a-8685-a5876f06c423,0,21449
b67edc5d-9809-4c86-b2f7-a0a4740d2feb,0,18247
7f8d10f5-fa1f-439a-b7f5-886275d47347,0,12013
de8339e8-3f7d-43af-9ca5-9c783d6642db,1,22738
4afd96ad-d8f0-46ce-b4ea-13108b5e0e93,0,5877
df60c668-a245-45fb-917a-94b9a4efe4ce,0,22847
ebfa27c7-7be3-4473-82b2-9a659d77724e,0,24349
ef1853cd-5b23-44d6-b810-4c016358a246,0,24713
35726244-0298-433e-9376-d1a1fe5724cf,1,3385
db8b2e16-b6be-4f7b-82da-f4cbf908b5f9,0,22412
94db32cc-3fb7-4d84-b4e5-f1fe63d6a529,0,14360
0100515c-5204-4f31-98e0-f35e4b00004a,1,45
8fdda05d-cfd6-4a9f-bc0e-cd4f542a8c0d,1,13811
922c538d-1dc0-4fec-9010-291a9e9d0516,0,14056
d9a6fe09-9ee9-4d64-bc42-cd903276f513,1,22212
715bae63-44c0-423d-ab97-c6b58bd3287e,0,10376
be436c21-ecfa-4f7e-8c7c-2ff3cc40963d,0,19162
f11dbfda-c5fb-4312-90b2-6775d6489fc3,0,24939
8bf3d116-1c45-43a9-99f8-844be581d401,0,13354
ba30b9a4-bebd-4196-a972-e7178508b55e,1,18672
701c90b1-cd25-4083-b742-595a49f453bd,0,10228
3c87fabf-5d43-4d3e-8c5f-1e6eb2e82b73,0,4233
59ae2428-8da0-4fc7-b13d-27c44418afb4,0,7582
35d567a4-f9e3-4fc3-a054-a11f35c08752,0,3430
e8c7538e-3d85-45e4-80e3-71ec5e26bb79,0,23963
696e7d33-e966-462c-885f-65d496899f35,1,9405
4c445a68-b7af-455c-b8f0-a94a4cc6eb13,0,6030
fc4cd37e-7bae-425d-9465-bfdd0ecf0b63,0,26236
92c92478-d605-4883-9cfa-b8818b64a7df,0,14116
ab647d00-1311-4e6a-baf3-f507a55778bd,0,16969
e1065f48-6563-4811-8f7a-0906a407dba1,0,23037
d5dec418-0f74-489f-b696-ce73e6016e40,0,21772
b5272c50-696d-4b11-8d2e-cb1618f1d3cc,1,18099
6add1a08-28d6-459b-a8a1-b018007cebef,0,9601
41bf2042-53a2-44a8-9a29-55e643af5ac0,1,4844
86459db9-dc9d-42f5-818d-9525684d5406,1,12713
3b4bd4e1-b078-4d51-84c5-7e5e3905fb24,1,4088
1990c90d-34cf-443c-99ad-5ce522ae8f0c,0,1936
f87e319e-34e7-4d47-893f-8a004ffcb94f,1,25781
a0ea6aa6-e4fd-49d7-b9dc-b04e4238934c,0,15733
7c077478-921d-4701-979e-b1d1bcb919eb,0,11600
81e3f8f9-fb8a-4c64-b514-8541ff57ccbd,0,12277
d1b1cb65-3e98-4eae-a0fa-be65653d3dbd,0,21318
a2cad327-ecaa-4bff-9a4c-7316e784b873,0,15945
e45fa04c-2f15-461f-b9ad-20876087e7bd,0,23430
ef0d7576-9fb6-4b42-89c1-a05ddfffc14f,0,24707
23011568-4563-4a06-96fe-9c29f08ff01c,0,2287
7ae347da-a4b0-4e3c-979e-33a509e40649,0,11461
bbfd3d80-35fb-49a7-983f-a60e9caaed77,0,18880
9d315378-b59f-4999-a993-cc4443925be6,1,15301
61f0cfba-de2b-4a63-bbbf-0074808c2fd1,0,8499
4a2bcce2-c9f0-4990-95b3-58ad1aa0269b,0,5791
b0f4094c-1266-477f-8fec-d85e5389711f,0,17611
3673cc6c-6c57-4910-ace9-795fe9a4d0c2,1,3493
eed71346-f031-4439-afe1-a921e60bcd6e,0,24687
b16a315b-f9f8-4baa-9274-b5250c55ce79,0,17673
6a5d55af-fc99-4957-9404-f08e4150dc55,1,9521
7c7efe9b-37a6-4272-b49d-0886ccda52ef,0,11654
d5555a76-3191-4a05-a1d9-3e11f4c8d045,1,21708
a8aae1e6-2a7a-443b-aaed-aecc02bb3e39,0,16662
dfc1a68e-3314-4059-8a76-4e4e0981a948,1,22882
cf2b0a13-fc2c-475c-89f2-eaa17690a00a,0,21037
0f65daf5-08f1-439a-8a50-2e64f1a8a5ac,0,1201
17f54918-66ce-491f-b674-97c2e365f1ef,0,1760
65fcd056-faeb-4db7-b472-f27f42652eda,0,8994
469db06c-6eb2-4aae-92d5-8a88148562f7,0,5376
5f7a6f70-a734-47d6-97a3-aa7ede0a2af8,0,8222
d623fa91-c7f1-4000-87c7-0b32394cf8bb,0,21802
f8e647ad-f72d-4843-a19a-ea0b9abf8777,0,25825
99b08cbb-1c89-467b-83d9-be31a534e801,0,14924
ce6517d2-cba5-4e79-936d-1d8bff1559fe,0,20950
6d1f151b-b100-4086-9c9d-16e510aec767,0,9883
cb67e947-3b76-4a29-b818-8993c8971f09,0,20595
1caf25c0-c591-43a0-ab4d-4e6ecbfbb8cc,0,2072
6aec6632-3c25-4a22-bcdb-94f589a77653,0,9606
8354d215-dd74-46ec-9976-002b1c3fd3dd,0,12424
788e8f37-4c9c-42a3-a731-a4d7a6865cea,1,11193
fa315c5c-8444-4014-b4e5-ed21f891b251,0,25994
96544dea-698b-4298-a8a2-b25825b38e5f,0,14517
da21f75a-7d86-4867-8c37-8ee26a3545f3,0,22267
fa14080c-771a-402e-b456-3d3a1bb0ff8e,0,25973
0a6a5956-58cf-4f17-9e39-7e0d17310f67,1,800
fbb96812-25b1-4354-85bc-9fdb50740c2d,0,26164
ce808df9-fa39-497f-a393-efd4890474a4,0,20961
ec3bdec5-13df-49c0-862a-c8dd8124bfce,0,24379
fbad7c75-64cc-43f8-b1cb-c1276146bb2c,0,26159
de244b8d-49cc-4403-a716-3fc4201da8ad,0,22697
d0b9dbae-fb6e-4957-a853-76a199ad0868,0,21207
81303474-5051-4639-bf44-5bf4f67ec2f9,0,12195
dd322c76-785b-4e18-882e-8bab83cf5eeb,0,22586
18781612-b624-49ff-b26e-ca6eaf9a153d,0,1825
835a272b-b22b-461a-83a1-c0148854b48a,0,12427
bd4fa84d-813d-4ed5-b68f-c88127ed2f80,1,19056
4e6393b9-1b25-48cc-af0c-454e0df251ff,0,6272
410ba4b1-4c3c-467e-b58e-838ded07e266,0,4751
b73e28fb-9068-4949-b4b1-8d7815cd4af5,0,18325
3e3babaa-b242-4dac-a549-9c87dec28ead,1,4425
95672328-19b2-40f2-b912-f7ff707cde64,0,14406
9ef59ad6-9d71-4b08-831e-b77436550ba0,0,15503
53a939bb-ceff-43fe-a013-5b3179dfc804,1,6876
f5b0cb30-2b64-47f3-a9ad-66eba87fc724,1,25476
bc52caa9-dd7a-4afb-bd3b-e66666ee0f12,0,18927
ae7c9cc5-a94c-4ba4-8818-da6237ef8945,0,17326
60ec14ce-3df2-4a3c-807a-8ea26d129a2b,0,8391
ba07114f-788c-4779-98cd-1190bfb6bdc2,1,18642
88cc044f-3686-400d-95bc-9246fdffb51e,0,12992
ece3ac6c-ee6a-4485-b9ff-5a429f53370d,0,24462
b611c099-431f-46f5-9200-fc42a9eedcd8,0,18203
a90e1a15-1541-466d-8b16-9a7083fd8555,0,16710
50887d14-885f-4ac8-835a-1ef293e5f882,0,6537
5f866831-9057-4be0-ae41-8164062a0a22,0,8227
2d096d09-0957-43b5-a78d-2ea2c2d03b6b,0,2701
7f93cf5d-c4ba-4e28-8260-d74ade18eb78,0,12016
56225c94-f695-4bef-889c-c1e4d750f024,0,7168
d98964c9-e676-4e33-a456-27cea6ff007a,1,22193
4513006e-ac4f-4824-89c2-6b05c70f57f7,0,5202
51cb5a9f-ef3f-440f-8c82-7c4abe5235fb,0,6658
50f74f90-06ed-40be-9269-ff549a157763,0,6589
af343c40-1ef1-4174-bf15-ae1e2a11fa6b,0,17416
61daa6f5-8963-4579-8318-3fefe34eb85a,0,8492
b6cd343d-2352-445f-b5b9-28fd457c2022,0,18280
e21916f2-b79a-4a00-85e7-ad6a27c300c2,1,23166
0c2e5286-bb2c-427f-98be-8fc3796383d5,1,1009
95429bc8-363f-49d5-90a3-b4fcbe15c043,0,14394
381e4a17-cf7a-4d8d-8937-5bb3e123056f,0,3688
852156be-0aab-4dc7-95d6-eda950096d0f,1,12592
594df72e-4237-41a1-8712-73f91c596cb4,1,7534
c3d9ffbc-830b-4003-bbd1-b172a5ec09e3,0,19705
4154d441-0060-42e1-bc03-0e35eb291be9,0,4788
3ca2df03-90ad-41e0-acfb-0e9dca100607,0,4246
f564eb38-b043-4b6d-9465-7cc85023073b,0,25437
6f5f67f7-0ad5-41f7-9e53-0db96f09e48d,0,10156
cb0ac4c4-7316-4a06-9666-0c00362a3fbe,0,20557
969ef761-2950-48f4-b135-ff7fc511b7c2,0,14547
7ac64e7f-f379-4eb3-a0d5-89b59db846f4,0,11448
e19147ad-0b2d-4b0a-aa3e-1bebb6a55954,0,23106
41feefb5-362d-4d0a-ba2f-cbd986504ace,0,4869
6d52870d-72f5-454a-98dd-07036177d74f,0,9907
9363ce31-c17d-4287-ba3e-39ea2884a3cf,1,14187
660413b7-c06e-4194-9157-be698934cbcc,1,8998
f8cadc7e-6554-4967-89f3-d22e7bce757b,1,25814
5d71eadb-bc50-47f0-8c4b-d0b803d6d559,0,7984
9d15461d-adca-4d4b-89a8-41f1b73308a7,0,15291
f574b116-7f36-4ed5-9d6c-d885fd7b6caf,0,25442
b5c901dc-9e41-4ffd-b880-412e0f9b8ef9,0,18177
d9b01ff8-9c05-4d34-af56-689f0fbfef5e,0,22213
cbe48af1-581c-4b6b-afc7-064dc3305195,0,20660
c8fd8ff0-2c24-45b8-aada-6784d3327582,0,20322
b58e15a4-085f-4d55-91e6-7d219ff570b5,1,18149
c769a794-11cc-4b06-a97b-1acdca816ae1,0,20127
ac7bdc8e-b181-41c1-8186-f12472ad3899,1,17104
fbe28e06-81b4-4273-8865-013e177105e3,0,26191
cbc83e7c-6793-4cbb-9cc2-3fc184d47c6d,0,20650
95901a53-d0f3-4755-b793-1af4eb68988c,0,14432
d10337cd-ce2a-4601-a2bf-956a6592c16e,0,21244
e6b5e1c0-082b-4ad1-afbb-1e3954083a0d,0,23732
db25155a-2b3f-42f1-a299-d364ee9841dd,0,22370
acf6cb2d-61f2-4172-9f0b-e010c583cb9f,0,17157
b8c6fd19-ac22-441f-8d13-d7433934baf2,1,18503
d6cfcd04-5457-4e1f-a23a-b21044d6c576,0,21878
26ace3f3-c994-45a2-af73-d132ed374e77,0,2434
0bc7f47a-ecea-4b66-811e-096004721a63,1,955
4f3d63dd-1e55-416c-be87-3ba5e4470592,0,6369
67125768-f10b-4605-8e7d-f0202b32df4a,1,9140
5ee5de4e-7767-4d6e-92a9-913be19d0a47,0,8154
c2bc5aaf-0a2c-42d1-9a9f-c52d21f7817b,0,19559
54bee6da-4ad1-4351-a0f7-ed1d9461d566,0,7018
fdf09245-a9ca-4281-bca3-8ea420cdc7d8,0,26427
6d25fc2c-d0b3-4b4b-850f-dea71042576a,0,9888
591142fb-40d8-4c86-81e3-f6437d671c37,1,7502
f97972cb-b8f7-4363-9607-fd6c880250b9,0,25896
8ca24874-517a-4271-9465-f4c4b87efd29,0,13435
af935971-e768-468a-8bbe-cdb025daec83,1,17452
391e3cbd-2da7-4021-81e2-5ed9297fce3f,0,3827
dfa57c1f-01fb-4417-a1b5-0641a9b4bb84,0,22872
4de82994-1662-4fd2-ae76-e70667dab381,1,6210
39ab54cb-9b3f-405c-b4e0-e084a93a87c6,0,3887
be342863-9ecf-4861-9502-80b6f0380e94,0,19154
5c3d2e98-56df-408d-a597-359fb4115cc0,0,7850
7996a166-20a2-4794-bac2-02f2cdacfc05,0,11324
db41f495-510e-4d53-9440-b593e8394ff5,1,22379
8201fb03-9949-48ba-aad0-1368c1ee6eca,0,12288
35cda03a-0898-4f8b-92d3-6f263aed23ff,0,3427
baa67837-17fb-410e-bec6-973e8739e656,0,18730
675ea609-4336-450d-a66d-8992f81b9242,0,9170
8c83f195-1cdc-4410-927b-29379b021d87,0,13420
94b55c07-5628-44e2-9ea4-7c0474a330aa,0,14339
df87b0c4-8ef7-480e-b07e-5d55da14a863,0,22858
f058ba1f-6cf1-4127-9372-d93a5459a339,1,24858
81eb8d7c-9e42-4a4a-ba8b-9ff05164ba72,0,12278
4e26257d-22cd-453f-974c-9dbf04923ace,0,6243
b4e31da6-2ebd-4bbe-96a5-b1af3904b698,0,18068
196830ed-7b6a-44dc-8ffd-d991e48614b3,0,1922
1f6e80da-8d59-439d-a711-9d72e5195805,0,2172
eb276eb8-10f6-4e56-90d7-89f7d77f1cee,0,24242
d463c880-3453-4daa-816a-5658f39fde3b,0,21596
8b31fa8e-9b16-4185-b7e3-2cead2a6f4ea,1,13279
7f3ca2d9-b76d-4e0f-b535-f40e2d8a2e05,0,11967
3c81b2f5-1d50-4a9b-9ee7-3d19f67eaf4d,0,4231
3b34aba3-d852-40e7-8f50-91dc2ef63dd6,0,4076
f07a5a20-cc7e-426a-a56b-e7efd91419c3,0,24880
42cba7fc-9859-4032-8563-760d1782a3b8,0,4952
4e0cc6e6-f7e3-4b1c-bc67-8a5584df5564,0,6229
418303a7-0ac5-4d11-843e-b00fc8f1e170,0,4816
c326692a-f2d2-4025-bc10-8b9fc2fde984,0,19609
a72fd9b3-5f86-407f-bde0-d091d3b1a773,0,16483
3ccba5a4-1aff-41c8-967c-af086e10d071,0,4262
dbe390c0-12cd-4c4c-998e-c97b4257e155,0,22456
b65d0b26-25c6-4d63-b070-518f366f95e8,0,18239
f374ad36-73cd-4eb4-9e6d-f334c7c9954a,0,25227
3186d210-966f-4733-ba72-98729be9551a,1,2920
d21ed05e-ee77-41f3-a363-ee66ae2f35da,0,21369
47d188c2-6a54-4548-975e-85a63643b08b,0,5531
ddc083d5-b401-4de9-afaf-d80d6b8c668c,0,22654
58d2d2b4-4bce-40ae-8993-a26390e128ee,0,7475
e826da48-06fe-4fe8-aa25-46d58438ab06,0,23896
d143e110-7c1a-4705-929a-9a24988d87f6,0,21273
ca23099e-675f-4bee-9ec8-670a4f36e402,0,20452
40bb9e6f-b67b-44f2-9268-c2f4091b88a7,0,4719
27d8a7c7-b9e0-46f2-bd34-eb2f2362b846,0,2486
182f6df4-daf7-43d5-86c3-9bb53846dafd,1,1788
40dbceff-201d-4889-9aa1-2064246fb6b8,1,4729
0025d2de-bd78-4d36-9f72-e15a5e22ca82,0,9
dc8a49e1-978e-43a0-af71-180e653359e2,0,22523
7625412b-fbb0-46d7-9f7d-00b436cc467a,1,10937
185d494c-3ec2-4317-bb8a-bcd0f9ce7615,0,1815
70424f6d-6b1c-475c-b735-4e368f0c8abd,0,10244
a069b05e-0957-454f-af9b-8daa65d406d1,1,15673
ac3f6948-11eb-430c-b7eb-3df21e68a3ae,1,17075
c164b17b-aff8-484f-9d9e-dde2932d8df9,0,19439
62605623-c91f-4c49-8f2a-96421b487090,0,8550
81d9d146-e9bb-478b-aeed-c2431780030e,1,12268
5c9343f2-083e-47e8-8ae9-4333c5e5c9f2,0,7887
d4785e7d-1851-4347-8f23-5b0b9e1297d2,0,21605
16dbf9f0-5361-48b3-9371-0ba2707ccf27,0,1633
a30453a6-9691-4358-a212-fd2d7a12cb0d,0,15979
55864c8f-79fa-4fc5-9c7b-3abfa01de1d9,0,7098
74a74448-93e8-4998-890c-25a2832469f5,0,10762
27f50647-8355-4a2f-91ba-ba3f1ea540d0,0,2492
67506192-5dd6-4591-845a-1175ec7fb213,0,9164
9704f106-45f9-4b0e-9ca8-0671b4a78258,0,14591
72012b70-e633-4b7b-aeb2-ec7834d198fc,1,10462
721ce331-5526-4469-ba71-84f7880021e1,1,10474
4ef08e2e-100a-4ddb-9977-e1eab87892e4,0,6332
c7d977ec-9f80-440f-9b72-ec052152742d,0,20182
dbd3e871-a1b7-499d-a303-705ff2003eaf,0,22453
a94ec882-bcc3-4c59-8c6b-2d690595a04d,1,16738
4afb21e7-edd5-4e41-9452-9d030d77ab09,0,5874
de0753bc-4086-4b85-a0bf-ca66c5832ce3,1,22686
265fdc5a-6b13-4ec0-a13c-81ac83bc3865,0,2422
4766883c-4a81-4419-855e-5ed5c4142da0,0,5481
c5e2703e-72a1-4b76-8520-047eab1e391c,0,19959
f688fd10-1744-4d06-92a2-43f3d54a96e6,0,25569
757438a0-081e-45e5-9896-ba91f82d3055,1,10857
a3173197-b2f2-440a-abef-5617013b16a5,0,15992
60825f4a-83dc-4863-b0c3-a606f6a1414a,0,8343
6b3f694c-b221-40e9-9693-0649f1d61613,0,9649
74425fb9-d1d5-4813-97d8-6b25a55d62a6,0,10718
5912358f-6041-498b-85ec-abbc30e58f65,0,7506
79858395-3452-426d-bb99-e01af7961b44,1,11314
60494030-dacc-4c84-ad0b-8037a97963fd,0,8314
ff9d9177-ab50-4667-8193-9569ddf519e5,0,26638
71410834-5325-4ae5-bfb8-9c2d4a9c5e39,0,10361
15c0c631-f3dd-43e8-935c-a360155eb669,0,1503
af467edc-df3a-4c0e-ade8-0249d40607e9,1,17421
b4a2cd51-7078-496c-9a4c-f0641ea9b13c,1,18046
87cb5aac-ec60-4d29-8f0f-63ee1a43c5c5,0,12879
15c2e17d-40fb-4b10-bc10-0a80898c9c63,0,1507
c2ee643f-0568-4816-9fa5-19d50cde5386,1,19589
5503ca33-0018-468a-a0a1-c5d8b8bf8321,0,7043
71665ab7-b4e9-4734-af2c-216a66706d5e,0,10387
6b98cb48-d6f6-4854-921f-1be1a3b85401,0,9694
6ee4e2ca-87f4-4685-aeae-283b69512e90,0,10094
4f4ee7f8-ef4a-44ec-94ad-c1c4cd45ea60,0,6376
4ad69283-4761-4acf-94bd-6d7c482b28d9,0,5860
d407ed95-4a21-4faa-8222-e4fcf392152a,0,21562
c9b88d4c-8421-4259-b001-bc5315c7d447,0,20404
6a569d52-e196-4724-91e9-6eab772400c8,0,9517
613217ca-45ba-437c-97ad-0d30025ded6c,0,8426
6432e2ca-b521-45aa-b9ef-25761c518abf,0,8767
b5b68263-2e13-4fe8-9c7a-ded78c7ff172,0,18166
b42eaeb8-b6d3-41d7-836c-56fd0922abf6,1,17989
f500e821-60d4-49ca-98b3-88d55a1fc1c3,0,25392
02e4191e-fb03-4581-914c-f0438a17e53e,0,148
6e9e13b1-7d5f-4871-94fb-1b1e1b69c6f7,0,10054
38e3b0bc-e533-408d-a589-ca5abecce596,0,3796
5d886aac-426e-454c-9092-56edd7fe1808,0,7997
dceacfbe-4f6c-4c1c-9fbe-67a4afde854b,0,22564
163b3240-2726-45f0-9054-9119bab7fd88,0,1576
d992d9dc-a822-40d9-bc12-527ac6e55aef,0,22198
5a38a30a-650e-4112-879a-fa387aae1b20,0,7629
6507fe24-17e0-4de7-aa13-963e93c10ce9,0,8872
4e751df2-0ca5-44f5-b611-d2069b2eb22e,0,6284
6a552a6e-0b8e-4825-88ab-72c1da5ed42b,0,9515
51bcdf8f-1ec3-4ba5-96e1-9120e4963b14,0,6651
eabe39ed-472d-4eb2-a037-435abcaf2373,0,24193
6a377640-4f7d-4f15-868a-91dfca7d6651,1,9501
ee395417-f321-49f2-9247-6b9349f03587,0,24614
7d305045-ed6f-4c84-b749-28ef87968805,0,11725
3d070009-c877-4ed4-ac80-53781cb30fef,1,4292
b9dcc826-e6e7-4dda-8e33-8435d0baf7d5,0,18624
eed0ad11-af1d-4c8f-8a2a-2c1a2ee405ea,0,24684
b1d88801-a6c9-4ab1-9ded-a98a6973f56e,0,17729
e6c2f6e9-4ff4-4a58-b225-d6e01cd1c19c,0,23737
f868de0f-be9e-4da2-aee7-b0bc5b66e086,0,25770
dd033b96-06ce-4587-b781-e0e2dd4026ac,1,22572
6a7bffba-4788-4172-81bd-9a283392e4d6,0,9544
73c83dfb-5e65-4dd5-a5e1-58372c922259,0,10660
e4890576-e441-4179-88fa-269d296db6be,0,23445
dc148f2e-3ef5-46c5-92b5-fcf8aebf6bfe,0,22473
ccee8914-7408-422f-9800-c86f5e906939,0,20781
58e1adb7-f566-4e03-8770-43a36d3b44b3,0,7481
1eeb2724-6472-4771-a251-d8a55633851d,0,2148
78906ef4-a605-4295-828e-4c853357e86f,0,11195
3fe8cf64-5b96-4a60-a4ba-215e4f3039c9,0,4606
0b8e3d9e-0bcd-41a3-b788-0175c43b2624,0,924
d16533ce-b8f7-455b-90be-87df3b1fac24,0,21284
cc53205d-f71b-4e22-bfd5-1d722a263e44,0,20710
b0958738-73d0-47d5-9703-0de86944e0da,1,17576
ca112a3c-b701-48b8-a94f-725ea65416a7,0,20445
56af1d91-fca6-461a-991b-e153acb22f3f,0,7229
4c7eab2f-6d71-4c7b-ac12-9f476038f524,0,6064
d27802c9-4a7b-4680-b5ff-65a77c9a67d8,0,21413
cfda9975-acb2-4966-9340-a338a71dfcc5,0,21110
13acd418-a94d-4b36-900d-c13b9bd048c9,1,1375
74dec2ed-d868-4e2a-b24f-c48990ffa45c,0,10781
03e9a70f-3de8-4e13-b3f2-9dd6d75f496d,1,195
d24c400d-3d02-4317-a4a6-6a3e268b94cc,0,21390
6a80b4e3-1cc8-434d-9d5c-52b8a455b941,0,9546
4553e5e4-91b1-4f9b-b154-d2829eaad12d,0,5231
7d521350-ccf0-4e14-aaf7-4797e21d8313,0,11747
c8f5de6e-8cf8-4f8c-b8c9-a844080da4f4,0,20318
d42790af-6b5f-47c5-bca6-eab88ae09fa4,0,21572
937eb642-7433-47bd-aa53-e4da0d00e614,0,14202
71864474-2cba-48f0-8332-003f70bbb9ec,0,10402
43994237-06cd-4bd0-b1d6-5127e3bf0170,0,5030
ca9f417c-50bc-4ac6-9f73-eaced9d0bf4f,0,20507
d2dd6b61-572f-4d66-9a5b-05a026fa40c9,0,21455
3ddd8bc8-e9a2-42f2-b6fc-ef95c5a11d5c,1,4383
8760b0b3-fbb7-4e33-a462-043098549f2b,1,12832
c75ada7c-f5f2-4ea0-9876-05d332328e67,1,20112
d35007fb-30f5-443f-a617-464ffa0ea2de,0,21496
3f30b3ca-a94b-4305-bd38-1895aaa07427,1,4533
ab327761-77b9-45f1-8c22-6dcb35bcf672,0,16950
c7a54198-aecc-4556-9056-57a6746759ee,0,20156
7e4202b2-2e72-4fbb-ad52-a71d6b791bd0,0,11848
96b59750-cde1-4a0c-85d8-ec8770ccf0fd,0,14554
0499513a-5d48-4cf9-aac8-115e2a52fe1a,1,229
0a897002-2add-44df-90b3-5a17c51a6da4,0,812
f144c677-5c2f-48a3-bcd9-158f87e71af0,0,24963
07f8978f-eaac-467e-8ff1-4de731dc441e,0,543
6fe126b4-dbbd-4a44-b09c-7a992c8767e8,0,10207
8cfec33b-e4eb-4c7c-b31e-584300416467,0,13482
e116c5ed-910a-4013-a3ec-1144fcaae8e7,0,23048
97a550f3-1fc8-47ab-97e9-3a38dad20860,0,14665
414e4a00-bec4-4552-92d3-7e710b367869,0,4779
c1e73a4e-7afe-4ec5-8af6-ce8315d7a2f2,1,19460
f461c59d-14a1-46d7-ae32-b2722a82880a,0,25325
1e98c91f-9481-4ea3-917f-69f11c7740b3,1,2137
78d267de-aefb-4e2b-9489-e6c4fcd3a852,0,11234
a1b1d9d7-377d-450c-854e-c711266bf291,0,15836
2f876297-aa92-457a-bc28-efa539885b93,0,2805
f137ed32-7a53-4b47-b7dc-a75a20701ca3,1,24959
80c0e2b1-afdb-4dc9-b977-899030c4ca81,0,12152
9d68ba3c-494a-4dfb-bf75-a26bad9413d9,0,15326
de2b7e0d-c5bc-4442-8a98-998e665f3536,0,22703
08846808-af38-4f0f-a189-d19938ae8efc,0,598
4b02a490-e730-4d4a-b17f-c6fea9c47d6e,0,5881
92d08b48-cd84-4b2c-b2b1-a7de41c02ef1,0,14118
45f8b38c-130a-4f00-9553-0837279af932,0,5304
5d9a3bee-f9c3-4107-b021-f9f99eb55a4a,0,8003
59ceee49-67e6-4a01-99e4-98e554fa6794,1,7590
a854ff6e-d36f-4edb-b12f-6fd9f48e614e,0,16617
93a95c68-c487-4e09-89e2-6e3849e44886,1,14226
b756be9b-d2d4-4132-b34f-f966a460a335,0,18341
dfb78163-7ef6-4b3e-9fb2-b0016d7ac492,0,22877
af6ef3d9-81c8-434e-bc5a-dbf89bc418aa,0,17434
719c6eac-44d9-44ae-a090-29e17f9349bf,1,10418
5ec0fcd3-8cdb-4982-b524-5974ef50b099,0,8134
670fe5a1-c998-46bb-83c0-e1925c6b3c71,0,9139
59e57030-6240-44c1-abf9-b8888fe6058f,0,7593
aefb98af-4f16-4db8-bffb-db3217f56a99,1,17388
b0788a2f-3edc-467b-85df-768481a02b67,0,17562
721ca9d9-ef3e-4fda-84c3-bd9f7a7645aa,0,10473
66d6805f-88d7-4f0c-b7c5-7a702c3bd70b,1,9109
abd8ed4f-f8be-4cb3-bcf4-f5dc4625a286,0,17021
ed4d65a1-87c9-4050-9fb0-5e4256f181ef,0,24519
dd300129-d6f1-4ff4-8245-6baf4dfca61d,0,22585
1b8a2b4f-11e8-4d96-aa82-9493128a88f1,0,2024
6e290df1-5d27-4de0-aba7-374ffe59baa8,0,10009
8dfc7217-277e-4bba-87bd-4dacffd667d0,0,13598
f31efbad-096e-4f84-988a-7448cd9cd27b,0,25189
e504d475-977b-4668-b23c-154100f89fa7,0,23508
97e1f1c3-b9d4-4b02-acb0-d2ddf26cad16,0,14696
57fe22d0-170e-4f00-ba97-1b899ba8bea6,0,7379
cde08a05-31aa-44f6-8fc5-c16bb94d9432,1,20896
a5759426-c3cc-407f-8abb-8c4314d85caa,0,16279
dec13d78-ab5e-43c4-86f9-1567c18b8a4e,0,22760
c6c3c02d-5820-4209-8c5a-6c2b50951f8f,0,20061
b781a0a9-6e35-485e-9548-66c55bcc9c8a,0,18365
3975a050-fbfd-4783-baab-0fe9d9a1022c,0,3865
5d2ac0d8-fd33-4b23-9b1f-c7bc4f13f625,0,7952
e77f1166-ed2e-4cc2-820f-c5c0e3a50abb,0,23822
597b4a87-ee2f-4bcc-bae0-4a6d783fa031,0,7557
4d471a9a-1dee-4166-a13c-2fb4d01f3d9b,0,6133
ca61d71d-fbed-4d86-97fb-6987c2e45378,0,20487
01fdfd88-7607-48b9-ba05-a36e8b6fd19b,1,104
e02463aa-2d6e-4d03-9d05-4cd0a8f7ebed,0,22934
6e88a38a-9467-4ab9-b517-3664e98bc42b,0,10046
ffa141d4-00d8-4df5-86e0-b6f37dd8f3b1,0,26640
9b72e9f6-1001-4372-9120-951dab8c68eb,1,15123
abcb42f2-d314-42f1-9e6e-5d0cb7335ec9,0,17012
acb1c10b-88f7-407f-b2a3-645433174148,0,17122
c440c843-c900-4d47-b9da-af78f701b86f,0,19755
b8b2dcc2-1c59-4c94-a332-c0710334f2df,0,18496
5210716b-b5b2-416a-b7eb-16b3fa40246f,0,6698
3a7feaee-a0fb-4db7-814d-ebc3a9f98824,0,3996
41541e45-99ab-4c0a-a391-53981f49a95e,0,4787
8fb5ee99-8520-432a-a5e2-dea4789ec92f,0,13799
0c8199bc-2634-4196-b81b-4732adac9926,1,1043
6407809e-0a0d-489c-a2d9-1abe547bf70f,0,8751
3a45fd6a-ae2a-41c7-8a2c-465c1d9cc8c2,0,3965
63e1e099-ab0b-4ef4-91a8-36a47e422aab,0,8729
16f4d0ed-27fb-46be-9bf9-d89c25804efc,0,1642
8f664785-3fed-4146-a80b-e844738feff0,1,13762
7b1ab1a2-95e2-45d1-87ed-ffd6804f4d1d,0,11485
8bf81cf9-7a6d-4246-bddf-9b5e5bcf8ba7,0,13356
ae4bcbef-0475-431f-b3da-19a5eeb76819,0,17297
dd55d261-53a1-429f-8e5b-b60f786e6aa4,0,22606
e6b00554-e9ed-4f60-bd14-71dbb7892b40,0,23731
ad76cf86-e00b-404d-b9df-6d707274783d,0,17209
429ce315-0640-4a04-b241-6cdef80b5445,0,4935
784937c8-08f4-4c04-a2fe-b4dde8643154,1,11158
4d246f03-3d83-45e3-aba6-80edecc444db,0,6119
32f3d89e-418f-4146-8036-7583ad6f1f0a,1,3097
3e5468bb-e835-4781-babf-52c2080a5bfd,1,4434
bb189459-2735-44c6-a344-a645a9721dfb,1,18792
21934e87-a655-4371-bf85-a8a68370de79,0,2242
f49e0a34-836f-43ec-ae02-8b7891502404,0,25353
238157f2-9ef0-4be0-8385-4c36b494045e,0,2301
40022fb9-150f-4758-b608-ede8b79e1bd9,0,4617
f26cecac-42c4-49b3-802f-e5777138b4fe,0,25108
5492dac4-a895-4e35-9c0e-aa787a48aa1a,0,6993
bee1ab01-cbef-4d86-96aa-41c77bffa6b3,1,19238
50226494-af89-4c13-9aa9-041336cdb2e5,0,6490
f73629d1-43c0-4ce9-91c4-28081f532e1f,1,25638
6ff1f242-81c0-460c-acec-32240be6c997,0,10213
0a55219b-5303-4490-b173-6039f355db2f,0,791
7cc1b757-2b45-4d61-83ca-dbf4b5838939,0,11687
d81bfb65-1cc2-49d5-ac14-ebe5e54c821b,0,22033
3c1410ec-5f53-4538-b6e3-fcd1bae93be6,0,4174
d8bcc749-8840-488f-b0ac-316d7d29a6c6,0,22095
896763e3-8455-41aa-98e6-42e7ac27418b,0,13059
95b2b0de-de32-43bf-b419-e38be5e238cb,0,14446
38ffaafc-11bb-4ca1-8242-dbb576fc8cc6,1,3809
3d66d844-5dd3-4af8-8970-7dfc8e946d98,0,4339
36f0c0e8-9216-42a4-9a52-4322c74fc35d,0,3541
8b558fb6-d2d5-434a-83f4-8c37eb36e78c,0,13289
95e6f8ad-090d-4238-804c-5e0ac14400b8,0,14470
b1079255-fb2b-4639-a140-70bca2fa2253,0,17626
6e22e938-1cb8-4c9a-89fd-c97e43452826,0,10006
c77b9870-e695-4f5f-b410-577f073279ef,0,20136
ebe6b443-ae98-44d5-8187-87dd3d4d365e,0,24342
90f6ccf4-8b05-40d9-bc14-66fe5ac54b4d,1,13929
6afbb201-ccbb-445f-b3f1-18bc1665f279,0,9612
c9a95d7f-8a6f-49c5-88d3-8a1cfaaf51a4,1,20394
6bc20130-f64f-4b9c-836a-e3f339d36254,0,9711
52f2ba8b-06d2-4b97-9634-7c57fa990e52,0,6797
a6998ce7-6d9d-41ce-8a70-b8f1d7d7869b,0,16412
18fa0b55-548e-4298-8f66-13f255bdb6b1,0,1878
ceb903e7-cdbd-4e62-aca0-00c255736807,1,20987
e7cd5b90-7b07-4662-bbb4-8dfdc505850d,0,23859
ec8ada30-0dca-4d62-a037-3461d6d1d425,0,24416
c220d0b1-5b07-4e56-a428-ce977680d131,0,19489
c3adb1fb-2ae1-4a13-bee0-e1c649dd3ba1,0,19675
889672e3-66b7-4879-9b02-0bc41d3f66d2,1,12973
15f173c9-43b4-43b7-9dde-ff87543b959f,0,1534
35a13820-ba8a-45d7-b566-9ee95b6bd7c8,1,3404
0e0f57c7-7fd2-4d28-bcb8-28ddb072333a,0,1132
7544fd0a-d7c3-42ac-88ab-449ab6fd0019,0,10836
a8594b24-2a4b-4081-a679-d70c2607ca42,0,16618
43ce2bad-194b-4dab-ad49-c38e6d2943b5,0,5045
5e32bc94-2e3e-4774-8823-a199e26b024a,1,8066
a500fcb1-de25-4425-879c-124e7eff6ae5,0,16225
1923df31-e23a-4ee4-86f8-35d124af2f61,1,1892
f543b86f-4da7-46a5-b987-b0e68a52c42d,0,25419
41159056-4cb8-4937-aa38-ad56a362c673,1,4755
3a8a880f-c71c-4130-b220-77896771715b,0,3999
87a3d945-d417-45a8-9f57-08cdb83e4e8b,1,12862
4794cea6-ea2b-4ab4-8939-d90e101e7a71,0,5504
92c92a61-ce29-49ad-8c94-f7b104c37638,0,14117
07391275-3a53-4eb2-bb8e-160e9dc0a3c2,0,456
74f58c95-43cd-4dac-ab6e-de270adf1d4d,0,10795
b241dfb4-3ba4-40b0-93de-2eaafaa13dfc,0,17768
2f1cc91c-e75f-4a24-8fea-2edf6e5171f7,0,2787
09852193-d7df-4cce-a616-a536d5de5042,1,711
0d9cbc9a-ec1f-4e3a-9b0b-7d3c753296ba,0,1112
87acb368-8e85-4bf3-aa3a-17065d7960d2,0,12865
83424b71-1be1-4c9b-9f3c-9e26e4d3803f,0,12418
dd89f00f-0724-4a79-a766-3926a421f9d8,0,22632
a62e6942-417d-4a66-b813-ece3decec0bf,0,16363
f6763491-eff0-40fd-bb34-f61e0b0da4ae,0,25562
3c2e061f-ad8f-497b-a97f-196d2606ffeb,0,4186
4a7971e0-a4f4-453f-8263-c64ad56f4920,0,5826
e8e38713-4227-4c6f-89f4-8d5aff08e7fe,0,23972
384e74df-8363-41d7-9ae6-56776c9d6987,0,3714
0aee76d8-e3e0-4150-b645-9a80a2f4208f,0,848
7233ab9f-7fa6-4b5b-acdc-1c93bf945db5,0,10485
bd3538a7-5ee0-4b47-bc8b-25743cca1b33,0,19042
5097f205-1497-4f5e-9f8b-a43a7f4721e9,0,6546
13259a9d-5393-4a94-aceb-c550042694cb,0,1361
1e616583-e09d-476d-ac25-8fa620f4298a,0,2128
a67be9a7-9130-4e1b-a7a1-1f137ffddb7d,1,16393
663773a4-0f1a-44ba-a6f3-aa0db834de5a,0,9022
778cae69-d2ce-4217-be96-e2dcc699969c,1,11089
34bf3fed-7627-45aa-96ca-5f6f6b06ef43,0,3300
0bcb0834-efa8-4fcc-9082-4a2dd4506dc2,0,956
5ec4ad99-e026-442b-965d-5394b59dcdbc,0,8137
c9ef5e82-7d21-4253-b17f-f6f50f5d2034,0,20432
8c2d4d9f-d7b4-4627-a548-e56085bbef08,0,13377
e5609023-683a-4582-a9e4-81aa527bb63c,0,23557
e91e0b96-1d5b-4652-a940-478f029dd968,0,23998
ba95191c-8de1-42ae-a0eb-806cffb757f1,0,18721
d55c7487-d4d7-4f9b-8f14-dbdd3a2217b1,0,21712
82a2e069-1e54-45f5-9c96-49cd1d31f661,0,12347
580536eb-6002-49c0-ac65-d330e36794b9,1,7382
50e8f236-7d32-4580-ac38-71ebdc15d53d,0,6580
e16195bf-1013-46b4-ad02-d4ce9f639e5d,0,23083
248212c6-2326-47ea-9976-6cbaa9c7ae3e,0,2358
e34e960e-c1e3-4c54-99e8-b59049c695d3,0,23312
7d2a5fe9-8225-458a-b95a-f972429b6f34,0,11724
bc48ee69-de8c-416a-b023-b2f841b3be1d,1,18921
ba29c8c8-c116-4b8e-b8d6-ec870ca9f9e5,1,18668
8f3a0298-d18f-412b-bf37-89387c64ab41,0,13741
ccf5190b-57b5-4d17-a8ba-370625324302,0,20785
ad410976-c87b-444f-abd7-36b1292d680b,1,17183
8d469ff7-e46f-4102-9e95-fdd63753b34c,1,13506
951cbbdf-bb73-4eb9-a78e-1c1e584df1b1,0,14381
d7539d07-42e4-475c-9ccb-b976b02a32a1,0,21953
b3a62977-0a9a-4624-b6c2-22c582ffdcd1,0,17919
89e2d8bc-2e4f-4f5f-8e92-06119fa63cfc,0,13113
a6a47c69-13d5-46ff-a73f-6005b6647f8e,0,16419
89f611da-0670-4a0e-b58b-f1729490961a,0,13121
780579a3-2dcc-4343-9c92-de8be54e2865,1,11135
3357df4d-ef33-4050-b5d5-3f45d6407580,0,3129
ae7b0fa3-dc8e-405d-a8e4-de4704462541,0,17324
6965883b-24f7-4ea4-9bcd-ecd6925a9bfa,0,9398
90dd7d7b-f568-462b-8a30-1e4ce254458d,0,13918
c112ae01-e406-4565-9691-bc1809432bc8,0,19424
c4e73c41-b82b-498e-a8d5-830bc02d9401,0,19833
7bbf45a4-044c-412b-b291-e398ff839c01,0,11563
58c3c006-1f48-458f-b469-4afcef2b8e76,0,7468
f2ed2022-f1e9-499f-b1a2-549d4090c9e4,0,25168
671508a1-7593-4563-904d-d7055e85d809,1,9144
d44baf74-599f-4e68-af21-2cf057336d0e,1,21586
d9e18f83-8f98-4ab1-b2b9-d3badb30717f,0,22238
98170722-6cba-4e3a-8b9f-fba220d8e7f7,1,14720
965b6d9e-1718-4f01-9663-cac87d376477,0,14522
098fdba1-4918-40e8-bb74-9945214c8bd5,0,721
0b18b129-53a3-416c-8559-7a2e9748d2cc,0,866
f6b1cd9b-dce3-498d-8041-4cbb66a77d14,0,25589
0067d70b-0e6d-41ff-a9b8-8edf6d5e25e4,0,21
cfa337eb-7ee0-4013-ab0e-c51376cc9b5f,0,21087
d3802b94-f7e8-4d85-86c7-8504b87e62fa,0,21509
b2368b39-bba3-4458-87ed-70c19cc5917f,1,17767
e2ab3443-5af5-463a-ba05-9476913e9d0f,0,23228
995b67f2-2c4b-4a40-a717-bc67d891f88e,0,14881
2278d9f3-e7bf-4e36-a194-aaf5bdb20762,1,2266
6a38bb2a-e17c-4efb-8cf8-3710f5e37f59,0,9503
a2616330-1f29-4019-928f-e2d62b3b737b,1,15902
eb14c72c-7645-4e79-bfc9-6eba7e2d6dbe,0,24232
f27f1efa-0d7f-4d71-aa3e-9ae8125bf1b4,0,25117
5f2bdba8-0539-43a9-b6ae-414a14fb444a,0,8185
b9597e03-5069-42d8-b9f4-24d30086c5ab,1,18565
7b5905e4-3c8b-4e46-8c62-2a1a1e5f9603,0,11512
d61b2d8e-2cb1-430b-8bfd-2df014aadfae,0,21798
73716d31-b823-4b70-a070-5cf1cd0e3c4e,0,10625
7cf7f5f9-ee16-49a1-86ea-ec7c7e2b9956,0,11707
d7eae70b-b662-432c-9e84-fca8b943a8f5,0,22015
66474484-30f7-4f06-a0e6-d02580f99915,0,9028
0b202292-a925-4706-963f-28fd16cef0c2,1,871
0a8d486f-1aa6-4fcf-b7be-4bf04fc8628b,1,815
6bbe814d-e291-4e8c-b6d2-83475f61bd3d,0,9709
ba35ace4-a62d-49bc-88f2-e4af87deb113,0,18676
e6cddc69-9244-4500-b926-d4bcb4c2c3f7,0,23740
02ea6b76-4189-47c5-a8bf-70590f84ebd8,1,152
d3adf643-de63-438f-aafa-6c6a335b5380,0,21533
a62f5384-bcb2-4105-804d-7c697bf65c33,0,16365
e0d6ea2a-0402-4582-8fcb-c6846aea4cad,0,23018
2c376b9a-167a-43d3-bcc2-b4af32fb9f74,1,2662
0b92e1e9-78ae-4477-8b7e-f7cac9c79104,0,928
f43d1494-2924-4e7e-ba1f-12bbe10219ad,0,25311
545eea70-f537-42bc-95e6-79e0c59f4c68,1,6959
ea68f293-d66e-4c9e-993f-a50f52e4ceae,0,24154
ed4e9923-0544-4016-8e00-4d23763c5556,0,24520
ce30917f-c3bf-47fa-ab69-a1062f387f3a,0,20930
a441e005-54e9-469a-b3ce-5c94a5e42c8c,0,16122
fb3e28f5-b1a3-4e67-82af-09e2746b5624,0,26109
e0e6d81f-d19c-4e66-99a5-ebc202d727ce,1,23027
411a54f5-4dbb-4684-a34a-df300a20f851,1,4757
12fd0651-0275-4d15-8868-35ba85ea70f0,1,1355
5827367d-31c6-4527-9ccb-63676d7f230e,0,7399
87106150-d046-41a9-ac79-f4ab113e1d22,1,12794
ac6e81b1-37eb-4bd6-8a58-8c8f246fc16b,1,17094
39a6f9ed-168b-42ee-bc90-890a9ee1f3b7,1,3885
b458af85-4d9b-4722-b2ff-464d65b3c811,0,18009
99efd5d6-8ca9-4997-82f4-82a6d28c6b53,0,14955
49b2fb17-b12c-4e5a-8c4a-02449027c42b,1,5727
e8ba66b2-5146-4f31-8108-22811bf65832,0,23959
649bf5e9-8164-4a1a-b96f-b9e7475e758b,1,8822
b9a94f80-1935-4f40-a52d-ef9da973a3d5,0,18600
d2668770-f213-4bc0-b28c-bf4c32517973,0,21403
7188416c-2072-418f-a1b0-acee21705cad,1,10403
7f11cf49-7b97-4d39-82a1-18411a4599cd,0,11947
067b7ea4-bc57-41d5-ae13-5137f9df5111,0,363
08ec2d3b-bc62-47c6-b0ce-632f8dbbdb21,0,638
1d7ab7b7-3479-4487-b61b-936d64b8393b,0,2105
97188b5d-9c6d-4add-b9af-626bd1dad211,0,14604
6327bbe9-a523-4204-b542-028c366d9f11,1,8644
e94778df-a0c6-4d2c-93b0-7187fdeafe28,0,24017
14aee86e-0d8f-4fc3-b3ec-7ca26fc782bc,0,1417
92741c36-fbf3-4f4f-8e2e-d2debe11a206,0,14084
709583a5-2cbb-4519-8c06-7d20c75f4ddb,0,10280
5eaecf07-fe6e-4503-a7d9-3b99d344d08a,0,8126
0103fadb-1663-40a6-8a9e-09d626cd2091,0,48
840b735a-2508-4a48-ba1a-d7c9d6e3da9e,0,12508
8b453abb-a8e9-4dfb-8484-69c62b42d1db,0,13286
7bf1d31a-33d1-450c-8386-0c6a4833c102,0,11590
dcea5db2-1995-4d68-bdfd-f6cf7ba08c1b,0,22563
94348605-f3f9-4700-8417-d3bfd8e91a38,0,14280
d176f4ad-6390-4057-af93-1674df242b18,0,21292
f2b3b055-d209-4a47-97ab-ffcab564c313,0,25144
4f891e4b-bb3b-46ec-98d2-ce7b6d3dd14f,0,6409
e63d1f50-43f7-4e95-aa71-0108a062eee0,1,23671
78c6e09e-25c0-45b0-974e-e314d2bdd4ec,1,11225
f3362510-e94e-4ce8-a4d6-b54e1677c280,0,25199
90766e16-56e4-4fc9-bf93-8cc0624d4ed9,0,13874
2dcdd159-2889-48d3-a0ce-5c7b1086c49d,0,2726
d7ba9479-e67a-44dd-8a2b-8a6bea055e72,1,21996
a85f6e2b-513c-4469-982d-8b20aeeab65f,0,16622
9f11086b-ba1a-4f60-92ec-09e492eae867,0,15521
b5c4dce5-2695-49fd-83d4-bba577f5832b,0,18173
ec394942-8542-4bef-a247-e84111809581,0,24377
4ad20b5b-f59f-4168-b010-e9ca581afd62,0,5858
6422ef7d-786c-4340-b789-02fe7f9675df,0,8760
63001e65-eab4-432f-a166-acd9e9262470,1,8627
d087313c-79ac-4c84-bfac-6336cd858edc,0,21183
b038a798-3637-4f41-9e6a-c84660b45560,1,17530
1839045f-af6a-430b-8771-c984f87799b0,1,1797
24f95cc5-aa15-4dd5-9013-ea38d47d995e,0,2373
7dd70f51-5d1b-49a8-9947-aabd95bcfb99,0,11798
b3fea5aa-119e-45ab-93ca-b42022961cb7,0,17955
31368401-b882-40ef-a728-8657ea3144b4,1,2883
5bcee483-ed6d-4e9c-b9db-1e48e5bb2403,0,7793
6dec415e-7e38-493d-b5e3-bd8bbb476984,1,9975
0ab731ef-0580-4a2e-9fa2-29a243b71c86,0,828
d8877fc8-bbfe-4883-8eda-de7e0f411779,0,22075
dac8c857-7604-4b20-8e61-da616e78e75e,1,22332
b0774f58-f2d6-46f1-9e32-193f4962328a,0,17560
34bf2fcd-131a-428c-9a21-cd2fa9041f9b,0,3299
8343af52-ccde-4c09-8f26-588244518558,0,12420
65d3cef8-fecc-412f-94d8-d48292757f54,0,8973
8bb93888-4eb9-43f8-b251-5523411a66a3,0,13329
c106ddba-42f7-440c-9ba9-f3fa6692f06f,1,19416
bcc24ec7-8a99-4dcf-ba71-ac73659e2ac1,1,18997
b2ccb7e6-03cb-420b-9a9b-a7268d3f9e22,0,17827
4eba3343-c28e-4a04-b8b2-a705fb32426d,0,6311
66fbe46c-488b-4571-9c74-ee8742f09ccb,1,9131
4b389cd9-ba17-453a-89b1-b6e500345b9c,0,5906
80be4d23-bdd7-4b44-9ce9-0c269584eb61,0,12151
e51897c6-933b-4ebb-aa97-ad71c7298de7,0,23521
d7efba97-6316-452f-b2b4-a74e727f2186,0,22017
49b680f2-3e37-450a-879f-ad38707de531,0,5731
fc3ee9ee-1d4e-4072-8850-b06ec0c91b42,0,26231
bd6f7ba6-778d-494a-af75-0c68d8dcfc2f,0,19068
0c15e437-7eea-4ed1-b1d8-124f79cc1893,1,993
0922222f-03d6-4346-bf1a-63ed17eb45d3,0,666
d131669f-1cac-49a0-b432-f3ca8671d38e,0,21263
5ae5646c-545f-4ac4-813f-0e9a53f3f474,0,7698
74c7bfb8-f6c1-4b9d-9ea9-1bdf3dc8490f,0,10774
2a2f58c6-73d5-4e72-82ec-e07daa759544,0,2585
81ba8f2c-59b8-4554-9b24-9ee0a92b3b8d,0,12249
ebd9a666-b3ff-407c-9d50-9af3a285304f,1,24330
7bcf5948-3880-49a5-96de-85094891945c,0,11572
c85ac161-3f60-4b93-8c2e-b23ed6e02eaf,0,20239
b10433c5-6375-470b-9020-bf97236c6680,0,17622
659cede9-eeb6-4b01-9adc-8586a29bcc72,0,8953
8e5eaf47-0e0d-4ef1-a02d-6b7526ca5820,0,13637
fd6bfade-0ea6-4048-a301-a688fafda191,0,26373
c4b66f86-ea11-4db3-a121-40893a8538e9,0,19809
5a884330-8bda-4ec7-a502-677150e3d5f7,1,7660
579acccf-3cc1-4d48-bd6b-f5cb0a4567a0,0,7333
72f231ee-1380-4b0e-b887-cefe4b6179c3,0,10563
5557ef6d-f13c-401a-9e2d-4d4800b3733f,0,7077
82d01371-245d-40a6-9a69-28a374144bf9,1,12364
13ebcd6e-6a66-40c4-9d58-a5c177f8b037,0,1383
b435cc3a-cc81-4361-ac91-235b4150265e,1,17993
81d27d73-7248-4cab-b618-8bd642f3611e,0,12265
e30545c2-85e5-4c68-95b5-03591e123f91,0,23276
d55d7d6f-f869-45f8-8cf3-a176e97bb71b,0,21713
9dca0e0c-1ed9-440b-911f-b4ce41daa406,0,15355
46026bf0-0b28-4cac-be7c-bf4f7f3d7b34,0,5312
07fc3068-9ae7-4ea4-958d-e6e6e49d5403,0,545
fe02ac25-6a2a-4c6b-909e-c8a9c7c67f53,0,26435
f78069b2-dc85-42f7-b210-9ca0f6630f94,0,25670
7c756321-18a2-4300-b20e-50cffd8c8647,0,11650
8f2913b7-5c3e-4534-a989-e4322efdbd1b,0,13733
774d6e2f-bf8e-4587-99d2-b9feb8d53f33,0,11061
c762013e-3fd2-4301-9af3-9a3b10ad1fcd,1,20118
9fe8cfff-e331-4176-85eb-82a4e6cf4fd8,0,15620
49c6d263-2d57-435f-a75c-1dd20f0bf4cf,0,5745
de8c525c-3b1b-4c28-afae-ac58c6a640e5,0,22739
ab93d6fb-751b-4eb9-a022-9affc62846ed,1,16991
72ec0414-de2f-4657-b32d-d516680a1f6a,0,10562
d6195cb9-e8c5-488a-b406-a43e2ec44af8,1,21796
fd0b9c43-248f-4fa4-acd2-a90ea797a523,0,26328
b8f18ef1-9d70-48a2-abd0-1944aaee8efc,1,18522
81a6a632-7899-40d6-83f0-a8b303d6c9a2,0,12242
f75f713d-fbf5-4844-a112-f8d0e6683ff9,0,25657
feb8dd3e-ecfc-493f-9094-00331a043c7c,1,26519
58f28a2b-8fd5-44ce-9ef5-8aa81a957557,0,7487
660de8ab-b176-45d3-8a0b-faeab54c07f7,1,9002
16164b86-ce73-4531-96d0-d6bdd2a96c94,0,1554
dc5986a8-e66a-45e9-99b4-695454b82fc5,0,22509
da94e078-7185-4931-8373-2838f05066ec,0,22305
1553848a-161e-48ad-af50-05f38696a6fe,1,1447
6f8993fa-41d4-4145-b85a-7c2b4c82f4d9,0,10175
a1343a3d-1391-4fda-b0c4-1271cea7961e,0,15770
3c98134b-f601-4439-9143-7a641f247028,0,4242
44807d59-cd8d-480f-9562-6cca6205ee94,0,5121
971befc9-5a0d-4bda-acb5-2cebeaa8163e,1,14605
2550ee5f-ea6e-4683-8aeb-54ab06e0c318,0,2386
b695950b-fcfd-47a6-8766-ce287cc3d415,0,18259
9c77afaf-a792-4510-a80f-046118f319f1,0,15237
430ffc0e-bf9a-4c03-ba1f-21ece34daa83,0,4975
79b326b7-f189-49c4-92fb-25029d74b937,0,11335
61748ddb-0aa2-486b-9d35-e778e8d01795,0,8451
7089e4a3-2938-4e40-ae57-36e72e8a92c6,0,10274
9a5dc526-bb32-4582-8bac-835625bdd2a4,0,15006
f4b7ca2f-3d16-449c-8e25-394b1293b45e,0,25362
d22ba9ce-bab2-489e-90d9-f13c1195aeac,0,21374
a7e291af-addc-427c-bd14-7406bd4cfe13,0,16573
ca22778a-68bf-4117-afa3-5806aeb68493,0,20450
e39609e9-29a9-4047-ac3f-db1aee3c8a8b,0,23334
baa329d1-6d8d-4067-b865-608869518f3f,1,18728
1614564a-fe0d-43dc-87ae-299d859959f6,1,1552
36fd1a2b-9267-4e60-8eb7-544c498072b0,0,3551
3162d754-7972-47b0-ae60-1ae6e2bb4150,1,2898
03249840-0a17-448c-bf41-7e156428ab59,1,160
549f9df8-168d-45dc-9c94-81e3ee9bd8aa,0,7001
902599d7-98bc-4832-94f0-25dba50bfbe8,0,13843
d0b837a5-6a44-48cd-8feb-e7550e3b6ed9,0,21206
3752f5db-8f1a-4060-aa89-e3aae6af021d,0,3594
7fec8ddf-30d0-417e-b699-f75d862c7070,0,12056
39a52f1d-c8ca-4d68-8b84-817f382febdc,1,3882
e9906da8-c099-46f1-b05a-2edab1dde895,0,24046
4c15ddb3-d655-428e-b05c-b48e2fc3aa5c,0,6009
f5dda7ca-c53f-47f8-8a10-08a1e31794c9,1,25505
47a9861c-96c9-4659-a15d-a70e853a9691,0,5513
5a038690-0bae-4007-adbe-78d5b9f4eda7,0,7607
8edda7d0-cb5d-4218-a8df-a0583d10174c,0,13698
71b09f7a-7ef5-4723-841f-eef8725e7688,0,10427
935a25a1-3573-47b7-b91f-b3852b9a8f11,0,14185
9decb41c-f40e-4424-b3a7-9dfeb4dc8aec,0,15379
6b7e0ce7-a08c-4d69-bdf1-7a807ce434b4,0,9679
4d8b457d-d0f3-4213-80ab-fdf8f6161b5e,0,6169
a37dc7a9-8b22-461b-99d2-c77109da8220,1,16033
490acf2f-8fc0-419e-b83c-190735b71efb,0,5661
89c12318-d65a-4b6e-8d4c-23237c2a0630,0,13098
67431b8d-1069-4c27-919a-51761ec5ad0d,0,9161
bf5b8e51-9dfe-4248-b38e-45a9f598b0c8,1,19291
cefeee67-f8a1-4615-bb27-c55d137c6eb5,0,21018
0c066cf2-d552-4843-b613-38a8bddddcd2,0,984
b1c0e005-6c1f-4231-b878-415b4cf1b578,1,17718
97b01ec0-6e26-4e8d-a486-7a078d44b42d,1,14670
e874f9c3-27c3-4b54-b3c0-bc4461342f90,1,23930
8da57631-72c3-484c-82e5-34a124170d98,0,13551
57173a51-d8ed-4460-8785-0194db23f96d,0,7279
d38730f7-abb9-4d98-8811-324d18672ef7,0,21514
7123e0c9-ddc9-4a45-9734-86ddf7b2d939,0,10353
d9a58f69-27e6-497b-9fa0-c8ce2c692290,0,22211
5724fe82-e5e2-4e65-9dce-d31d17da9c28,0,7283
8e4e52f9-8212-4a0a-bafa-85cdf3859e5f,1,13632
76ea6bfd-5b80-42be-8150-a01faddc80bd,0,11012
46738ded-93d1-4162-b01f-195cb36f13f9,0,5359
3d33aaf8-2163-4126-888b-1596478fe2be,1,4311
4b5d56cf-bcd2-444f-a595-1971a60bab88,0,5930
ebdc4168-7cd3-477a-8a94-b768c41a9f8e,1,24332
fedfec87-0d4f-488f-8e0b-50e2db8942d1,0,26531
53b79b14-305c-41ac-889c-eed894b86e2d,0,6884
dc04f15d-9a30-4295-9d65-0832a923f5b7,0,22464
9e9fe9c5-cdff-4b89-85ca-734f96d7fe48,0,15462
9723d119-6dea-43f4-abb8-40961f4513e1,0,14610
60990c79-e4a3-4b07-8438-8fdf2fc056a0,0,8352
53f8837c-a657-4b82-af55-4e26117c7758,0,6917
49435b2f-35e9-4ad0-9c46-308ff19c3280,0,5683
a274e211-1819-4d85-91d9-e2a6ffad9180,0,15907
c7e641a6-a80b-4314-961d-d63e4a54d5bc,1,20189
a176f69e-ec9c-4694-a9e3-91082c04fcc4,0,15808
62af04d1-5dd1-4306-a137-7b6b39c866af,0,8589
c797daee-ceb9-483b-8eca-008e7ac8015b,0,20150
09ca5945-7f34-475b-92fe-33b028e15247,0,741
233fa720-d58a-4db3-beac-e99002f7080e,0,2294
34d36b9f-af87-4891-b001-6dc4f5379cb2,1,3309
3ac49fd1-c580-48f1-8e3c-6a50d3447ba7,0,4023
b2dd3d8f-bfcc-4750-b5e7-4a6fcebec3c3,1,17835
0c96da69-fc57-4e47-b294-fdb585c00ad1,0,1049
cf66c8ce-d79a-42c2-b9b3-31f279bcf1bc,0,21062
aff6b77a-a1ee-485a-a758-377dbc08f868,0,17492
3de7efd4-d074-4fee-95d7-4718e4d7df91,1,4387
bca35324-a10c-435e-8af3-c14753706834,1,18975
163aa468-b519-4109-85ac-58b46a5b8bf7,0,1575
b29d8671-94c2-4c12-b609-74f52d95f5e6,0,17813
f105587e-a2ae-46c8-a3b7-30d5120611f9,0,24928
0f0a1877-3f44-42f0-8905-2856078ff2ac,1,1178
4c832db7-85f5-453e-bdbf-f1978eb78a4f,0,6068
5f7cbe92-d4b4-456e-a38c-e2f370570e99,0,8223
e51b728d-0972-4868-ab92-aa85f34fd242,0,23523
5dd5d930-f95f-4271-8a3f-7608203e92ab,0,8034
59f94a84-0394-4cd2-bc66-31a4517c65f2,0,7598
e9a3dd92-be28-4168-b168-774237c92ef2,0,24056
55e46a4b-c9ac-4e93-b502-42b0ba128ea1,0,7140
90625b54-73d0-48b5-b439-5497d4278db1,0,13870
fe539da9-f41c-404f-bf48-cc20a30a201b,1,26466
ad1940c5-32ac-4b22-9e6e-de0d39d3f395,0,17171
62ab9055-fa33-436a-bc86-9d38778eb765,0,8588
4e287d07-4d9b-4a79-86d1-86d9cc3946f2,0,6247
c99dea7c-6632-460f-a877-56c2bd610587,0,20387
82b04789-a48f-4d3d-8dfa-52e321c3b2e1,0,12353
75f4cf02-abf5-49ce-935a-63b27e43d09c,0,10912
466d72f0-5338-48c0-8302-3e9fec405856,0,5354
21273117-1e4c-4f9a-8ed1-f11b7c063060,0,2229
86ed8bcd-55a0-4b91-8073-0cd11b77c907,1,12775
a6c364d2-b2d6-4b0b-a439-40b992ff65c7,1,16439
a6ed10c7-a452-496a-a20a-ef510361d827,0,16459
42765f9e-beea-4f46-8af4-f1282095662d,1,4918
6560b160-0f16-45ec-bac1-d753db15fc5a,0,8925
45c19b16-ce15-4312-b9fb-df6b80439474,0,5276
f9ede7dc-60c9-44d3-b0c5-e1535eb8e9e6,0,25959
9313e4e8-31cd-42d3-9e66-38fdb3d5b4cf,0,14146
dd53ac69-18be-4247-adfd-4a0a0179968b,0,22604
867bfc1d-6c67-41b3-be0c-6a8153eddc93,0,12734
d8787200-cf92-4b48-8687-c6a356575939,0,22069
9e9f1dfe-7412-4fef-9f6d-f344e157815c,0,15461
54fa1a13-8689-4ab6-932e-515dcac17673,0,7041
06605bfa-0370-4979-a2bd-11173002abd1,0,355
e41fdc8f-1cbd-4acd-94be-6a27df3b750c,1,23396
cdf38d9b-d871-4c34-a589-319491db508c,0,20902
eca7a1b4-5d3e-44f2-998d-7077d6032206,0,24432
a9edbcaa-e436-4807-95d7-1d1c7b424324,0,16814
065b3a2f-1af3-4ebd-a740-9e49f9c685db,0,353
60e598ff-ee2b-4fa8-9e1e-6562dd19b00c,0,8387
78043d25-8992-46b6-b846-ffbfafbe6b6a,0,11132
bd20e44c-abe6-48ac-afc7-e5cd95aa9441,0,19034
e6a148ff-0b4b-40fd-83b0-5a4bdc567663,0,23723
2c0efede-becf-44a0-b762-10e97cf178de,1,2656
b75c6c0c-b9da-4d7d-a968-c1fb92ee5327,1,18345
74ffdc4f-388a-4829-b240-19a7d2e8a1a9,0,10803
f638a33c-ee3e-4179-a095-4fec05ab51e5,1,25539
39b06cc3-1e49-4459-bb87-b8b69bbe74d7,1,3891
86f36d1b-2f66-47ab-acf3-dd1678749d13,0,12781
3912ec76-6f03-4ce6-8065-8e5f442a2437,1,3821
bb4ba6c1-947b-4b84-a9f0-10d5d300a31e,0,18813
3cbd12c8-6302-43b1-a28c-fcc892540c2e,1,4256
c3768927-0d7e-4624-bf5a-3eea2011a5c1,1,19643
f1c8caa2-a6dc-40c0-ab85-4769688f1eec,0,25033
9374a88a-dc86-4735-baf3-1f1ef0a1e1fe,0,14197
7aa7dec8-c86e-4d49-bff8-cd257930ca69,0,11435
ca8b395d-7ca0-4dc4-8b56-ff519b4edb89,1,20502
8c58dc4c-18d4-4c90-8201-8ff5f4cf35ff,0,13399
3999dbf4-b2a0-45b9-9ee6-5f62f5bd27c9,1,3879
cc3177c8-6570-497c-aef3-6fbddef692f6,1,20693
e2ad3d7c-e284-46df-ad80-b6d04dfda188,0,23229
92a2dfab-f33a-4324-953a-afe96680c541,1,14102
182fed4c-d92a-4440-b135-6caa8cab16a8,0,1789
9168c2e9-87c1-434a-bbf5-bd8ee1d0e124,0,13971
c392fefc-ec77-41d6-823e-b15e938661d0,0,19661
e2b39ca3-b875-45d0-ae31-9b40ac86d10b,0,23233
4b41f8bd-934d-4a0b-b6f1-c541d10384e6,0,5913
59c2a36a-bc07-424e-b2eb-9dc5dcc44b84,0,7586
c110aa33-1f24-4834-ba09-1b88f18c6161,0,19422
8515710f-aec4-45a6-a8a0-f67a7ca79097,0,12588
d99282ee-dc00-40d4-bb8d-5f8dba263a05,1,22197
8c40fc60-e753-420e-8a47-1e9c1990a924,0,13387
eb62b66a-c880-44a1-9fc1-1a4d5cb54da8,0,24268
588b67d0-eecc-4fb8-9360-573e30e8a2ef,0,7445
b5b4468f-e5e2-48a5-aa42-e08547be1172,1,18165
64ee25da-af6c-4f39-8432-20a6bfb82568,0,8861
fb645e98-aa7c-4923-848a-f21088285f4b,0,26126
799f9a2a-9f6a-4a84-b1e4-e0e6119122bf,0,11329
e901e1a3-21e5-455f-85a5-5f602f252022,0,23982
7c909599-24ad-4164-93d2-0adfa96ec86f,1,11667
947dacf8-7695-46bf-af86-ac3f23b0e51e,0,14310
a1dc7fe9-1e55-4956-9f04-f99f624faefb,0,15848
fa493720-2b2a-456e-a8a8-6ba60e90fb8b,1,25999
f7fcd6bd-940c-4ef9-94f1-8c322bf53586,0,25728
8413612c-f9e8-42de-b3a3-bb636a6f0730,0,12511
d3cf99c7-e7d7-456e-9e34-0312876db0d4,1,21542
ec0e76a4-32e9-4291-a44f-3a99bea47d92,0,24358
a25056f9-2c4e-42f3-a035-26552647dcd4,1,15894
64116efc-5d76-4f05-8ff9-e31583c44b43,0,8756
e4c7e8b1-c421-4360-9874-a12c70a95a76,0,23471
8d5c67de-61a3-49ee-9f57-49e13ed92ed2,1,13520
eca8b1d5-5c2e-48b2-bc7e-2b2326927306,0,24433
64e4cfd4-7e2f-4f1e-863a-1fcfc3d40dd2,0,8855
74f02a21-db6b-439d-b17d-81c23120374d,1,10792
e70795e5-58b2-4b08-a9eb-6929c8905ea0,1,23772
581bba74-e3a2-4151-add9-179ab619e47e,0,7394
41ebb681-82a0-420c-834b-1b56378749de,0,4862
4cfc107d-1c1d-4e85-a2f1-237d0fc62f4c,0,6110
cdcbecda-ad13-4aa2-a0af-4e32e72855e1,0,20884
84d7f055-3374-4d68-9390-cf3b1418355c,0,12571
a7a4389b-29dd-409d-82b7-edf2633032a8,1,16540
75c3aa51-d836-43d2-81d3-a88ade355c8f,0,10890
5274eb89-ea37-4874-ba02-eb02321ba41e,0,6738
cbf90d22-07ba-40c0-b043-55ab73851ba3,0,20670
f977a539-0903-4dde-80d0-59e9733794d3,0,25892
e3838dcf-aafd-4df1-b12b-d4ee808467ea,0,23330
6aa4fb59-0bea-40b9-9c66-83199d91714e,1,9568
a5a07f9f-959f-4210-ac86-6cdab44b099b,1,16295
f1bdcb61-a159-40d8-83a8-d08e47202289,0,25026
03946779-dbc9-41fe-9cd5-1bcce2662123,0,171
86e50988-b077-483f-8bc0-68dc74a8202d,0,12773
388cc388-c2aa-4bfe-8a63-4565c626d951,1,3741
6690d837-d209-4d75-b71d-1f090745fbef,0,9068
91a5a1c1-812a-4e4d-ba2d-e0c3d64c8b65,0,14000
35a379c4-1e56-41f7-8a25-a1c2e9b88464,1,3406
e93f2956-8f17-4822-a5d3-3efa7bfd0074,0,24014
c2b24ebd-2c40-48c3-ba39-177224dd7db0,0,19553
d17ca8da-8023-49d5-9670-141910334809,0,21295
9f630e07-77b6-4cc2-a2c9-43bd9b4da729,0,15552
3b75d0e1-a430-4d1e-a89e-672d25ca6953,1,4107
86882f8d-8a18-4155-a661-f142cc4bafa4,0,12738
ba872928-1561-404a-961b-32e8d1818e0d,0,18712
e2e68ab6-6f4a-4264-9a2c-ca64e51cd6fa,0,23254
51ad4587-85e0-40c0-9683-befde300818f,0,6646
db754689-fb19-40ce-87dd-e790b3dd2c44,0,22402
c9c1560b-c187-48df-8e76-47917a873fda,0,20409
a3a04beb-c983-4f60-9017-aac5520edf70,0,16046
426875ad-2ecf-4cbc-ba87-ae7cfc05d362,0,4910
a543d98d-a7ed-49d3-bf93-4196d07d77e9,0,16262
e43f52c1-f08f-43dd-a315-7e52646bd424,0,23413
696ce288-318a-4d4e-988b-7fcdb4b0900b,0,9403
5f40e828-88a4-4f07-8286-b5446f4d4790,1,8190
a2d971bd-e0ba-4a74-9c56-c63b4397e50d,0,15954
761418cc-7757-4cfe-8b26-9e76c955487a,1,10930
0db60a41-2a6a-421b-a304-8799739eaec5,0,1118
d57ea738-4067-4bef-a751-088905ca5889,0,21731
300ed981-36a5-438d-9120-e63f500947be,0,2827
1a04f083-d880-4493-87be-68521bc197c1,1,1959
69017cf1-c8b2-4b96-bce8-7823f7fa9dd7,0,9346
d00c6d7b-f775-473a-83e1-e1b54ca225b1,0,21134
2e974d90-0e16-4c34-9dee-137daa6b54e3,0,2763
9980df74-1e49-4293-8a42-3182d9258de6,0,14899
995f8504-0aa7-4e20-8afb-32043f2a006d,0,14883
b43dbfe0-cea8-4ce6-b608-e8ab671f09a4,1,17995
a69b6651-4a96-4fbf-bd9f-d2ec7161e5d2,1,16414
9c3ef41b-2831-4cf7-9e3a-f7a5d976b34a,0,15211
c79ce9c8-3550-4a3d-8b7f-34903f69d9d7,0,20153
956da714-64f6-4a14-b7f4-4f319c759d0b,0,14412
281e2883-3c05-400b-a340-6a23628a6b1c,0,2504
35bcc518-3d98-491e-b997-4ee1fb2a877c,0,3419
be2a8801-3cc0-4c24-a73a-a1e13ff94948,1,19149
f02844b9-df11-4491-9396-cb46a8fc9d0d,0,24836
cf37af40-9cb4-49e6-8152-901d05886bcc,0,21044
74124097-f675-47f7-9965-8271ef4f68a0,0,10692
75e6268c-6622-4b1d-9874-8243eb3f35bf,0,10904
80f0c0af-f93c-4d16-ad28-5f2bde2d4684,1,12170
7aea6188-dc10-4758-9a8e-b4d3de1dbc2d,0,11467
d2958e55-2766-45a9-b57d-e9657a3488ff,0,21430
ce7de6c5-a66f-4c77-913a-7d29fe5ea882,0,20960
93c1ea7f-20b2-4860-9beb-fd0ad2f54bd6,1,14239
9528063f-230e-4a25-b3b1-412caca2f750,1,14383
a0d661c2-781f-4c1c-b9bf-92444e3de3dc,0,15725
adf5f84f-432e-4b58-bbc2-6121f9119dd9,1,17261
4554420e-5f1c-4d0c-9929-90387688b981,0,5232
84fa670e-579d-4776-8e47-a3b9e165d52d,0,12579
53112e45-39d1-4075-b668-e20d5228a9e0,0,6808
b9e2b848-0d36-40d0-8660-5affd6175043,0,18627
ace2e901-bf2c-4365-b7a0-7a24a830ffa5,0,17145
49f711da-4bb0-4309-aeac-d18fbfa83f98,0,5767
3daf4e31-32b6-486d-8091-4747a365cf60,1,4364
3c83072d-97ca-47d6-9d55-ec9f1f23c166,0,4232
961e072e-bdaf-4241-9763-fbbc2dc2ca24,0,14497
34533320-e0b8-4286-9909-5587fee2a9d0,0,3239
bcc59042-5e59-4ab4-862d-f8259fc70516,0,18999
49d8dd77-80dd-424b-af63-cb4a2d87a4c5,0,5752
38f6f757-4d87-4a2c-ae06-c707578b7a00,0,3805
a5649f7f-1de4-494b-a33a-b56d47da8bc7,0,16272
87c837b2-2bcb-424f-9ba3-c49aea7b3860,1,12877
6a2d8b64-cf13-47e2-bed9-41a6b801e1fb,1,9495
c16f9576-02de-46e8-ba5a-d9da979cdcd8,0,19443
00ec0d87-8e2a-44bd-b79c-4b91cfabcacf,0,39
faac8329-80b2-4100-b9fd-d2aa86d7b7fc,0,26047
49cf3836-8327-4c66-832e-96fe680fcd75,0,5750
4142f454-5785-4748-8f42-d32580595129,0,4772
5aa43eef-1877-40eb-ba8c-6001452f7d89,1,7672
9d598377-c049-4aa2-a9b6-74f15b24424f,0,15319
3b4b81d2-7ca0-4f13-abd9-bfb0df199369,0,4087
df6a9154-bc7a-437c-bb13-41b685470031,0,22850
6e6acd52-ef8b-4b63-bd97-8da795cc0233,0,10037
d1eab5df-2182-42ce-aaae-b79d9b510294,0,21342
32f1f953-db5b-459c-bb4f-4b785ee2c3a2,1,3094
52b16ec8-dd80-4349-9068-2e80cae457d8,0,6768
e704fa46-4be6-451d-a614-86e2e3600638,0,23770
2cb31ff6-2062-4da1-9e5c-5a1bf8b62fe4,1,2684
7c108b14-eb48-42d8-af56-1319eda0f0bf,0,11606
d56aba53-2936-456a-a77f-2c758f2c9d41,0,21722
cee471f5-f330-4216-8df1-737158cc5fc4,0,21003
4a2dd32c-2252-4035-92ef-f22f6eb70a15,0,5793
b8d6b40d-2a3d-475f-88d3-03560f645223,1,18512
45ff2209-38da-4bb4-92dd-4898d20530f9,0,5310
dd7dee96-47d1-4f31-8488-c8d80001f180,0,22627
6520ba7e-243c-4be7-b7c6-0005a16788c0,0,8886
d5265640-17db-4880-866d-d2952e32941c,0,21688
d260ebd9-6e46-4852-8eee-35e3234ac2b7,0,21401
533f6423-8465-41f0-aa07-34518dacb8b6,0,6827
82fcb3e2-0969-46a6-a252-c897f55d7f95,0,12378
b8397df9-1bd5-4961-b756-978ff4aed6cf,1,18449
3730cf87-f147-4872-8885-44700d3eacaf,1,3578
c4c02f02-e91c-4a0f-8a56-d89f9fec81f3,1,19814
750880e7-d3b2-4a69-be4f-34d816ed0257,0,10807
8b0fc04c-70fd-4648-b5df-12f8bdb24862,0,13251
5b32437a-2f58-421f-b1c2-01733019d42c,0,7727
dd0c4c4f-b4ec-4046-af11-51bbb94b51bc,0,22575
3ecaaa65-d48a-4b92-8b65-cd37c32da231,1,4489
41ad2dcc-00a8-438f-9556-1101f18bb80b,0,4834
c5be166d-9c0c-435f-9af0-6997b5009ba2,0,19940
183c08d2-a4e6-4e2e-80b4-a547d6f0ed5c,0,1799
7e05fbc5-3642-4e16-beee-058700e8f5f2,0,11820
cb082528-7c74-47eb-91a9-bad580f5f9fb,0,20555
de2e0dd1-ddeb-4516-95cd-a0e854613b31,0,22705
3f167f68-6cde-478d-8e78-9ae22529c22f,1,4517
e425530f-056a-4b40-951e-27777efa6300,0,23399
4bb59996-a064-487d-a51b-09ebcf4a27ca,0,5977
a8f1388a-3f0a-49b4-854f-ae82057d5e1f,0,16697
8e6ab6c7-99f4-44b3-82a0-91ca0b07556a,0,13643
e8b37655-266d-4f25-9979-cdcbd63055f5,0,23954
7353f7c4-589b-49f2-a843-ff7470cc8309,0,10615
bd958495-ad3b-4677-8bee-25125c1dbfc9,0,19086
a134c2bb-86bc-4438-bf4f-4a9cdbaafbda,0,15771
8319b3fd-05df-417c-91ee-f7156747da6f,0,12389
68f6391e-0148-458f-975c-5369d10ef81a,0,9337
7b4c5581-5fd4-476c-b2bb-ee4dcbdf7c71,1,11506
64ae3aba-fa50-480d-b0ed-78d86f4dfca5,0,8829
766b5e20-bd37-4b28-b643-c9d0ca0e7a63,0,10966
4d27d505-8df2-41a1-9ee1-5e2119a99117,0,6120
294ffc42-a92a-40d6-bcda-96bb3c9b8def,0,2550
9b1db34a-a649-485c-b615-f464c145b88c,0,15085
53bebf3f-df56-4f13-b65e-456497a6a741,0,6889
4d2c92e2-8f0f-483a-bb3a-56ccbf24d7ff,0,6121
e75bd6e1-d290-4ba0-9b70-acb451a44eea,0,23803
0ae5ae70-e9a3-4214-93d0-0834f0cd4835,0,842
aa924318-4d02-4184-94a5-a4017ab229ef,0,16877
9433b6d4-c05f-4a31-b7d6-0a002ca386bc,0,14278
fbeb2722-52ac-458e-adbf-4e62e03d44dd,0,26199
519eb46c-4578-43c5-82c7-c3dfe6b9b291,0,6642
160f1914-35d5-49f1-8a80-a75a97480801,0,1549
f689614c-d955-41c2-8ee3-833ff080ef67,0,25570
8893aab9-24ab-4e67-8610-826f483a7145,1,12971
e7488964-cda3-45b3-8dac-52c21148ff29,0,23798
1721fcab-c6fb-4688-a1b9-bb3677213085,0,1666
8677d73f-fe1f-46c4-a8e3-70b8b46f52a0,0,12731
dd889560-0c25-4b6d-9108-074a1ae843c7,0,22631
0cbe036d-0188-4ba5-b15d-d60022a81d6f,0,1073
ff1184dd-a8d8-44b5-bc78-eb3d38adc03f,0,26560
a8c10f4b-9ae2-4304-b852-eac417123611,0,16668
066d9e27-e48f-4453-b1e1-d73c34910722,1,359
57ecf732-8919-406a-a0d2-d74622cdf302,1,7373
1b6a11ed-b7e8-4c84-9ac6-8243fae589dd,0,2019
60930f08-9007-42ae-8c36-68442442c6b0,1,8349
4b3c30de-6b2e-49c0-a72e-5947797b597d,0,5909
f7b3faca-1b1d-4428-9dc2-086106c871bf,0,25701
d0ab1dbe-b649-4590-9cb0-73acab682050,0,21198
25af79cb-2656-4565-ae88-ff98eccced9a,0,2396
9252b66c-825c-474a-81e2-c75919cfc8ee,0,14068
eda49900-8110-4529-b1ed-abb154c92396,1,24557
8b2cd59e-f011-47b3-988b-de94ecf9636a,0,13273
7080d43d-623b-4e63-935e-9ea66597fa6c,0,10268
5fe9b9af-9b7e-4575-bc16-7c204d3c40a5,0,8278
6c50cf48-ff5a-4644-bf1c-1e22374332a1,0,9785
39bc1a90-bdfa-4282-af4d-6a3a92b1d577,0,3896
c3ed4cdc-183a-4b8f-a51f-d915d912abab,1,19712
e42cd993-ebb3-4cc2-b41e-aa2d2a2d1427,0,23402
430106c0-64f8-4a55-81dd-6f9ab78fe141,0,4971
872805c1-b277-4386-bc7a-4fde8d0647c9,0,12807
5a64ea23-138d-4ef0-8286-57d32eaf3f3e,0,7646
b1026ffe-0240-4b32-ae61-e47a0352399f,1,17620
8f605675-171e-4658-9ca5-e1155c07f1e6,0,13758
464a8cdb-4e55-48de-b61f-72edb6992e0f,1,5341
ced69ab9-c44a-4a55-bb96-a64865e8e1fb,0,20998
8c9a86b2-45c2-4435-acd0-2eb1c7dcf73f,0,13430
eab08db9-4251-4d24-af38-29bf89e050c4,0,24187
c574ca68-56cd-4d14-ac1b-9154fe5115f3,0,19904
befa7299-aa28-4487-b497-262ad6cd8f1c,1,19248
4ec87136-fd0d-428e-9ab5-689f7d31596f,0,6316
06a7820e-8f38-4958-b871-518030a63432,0,382
ff1bf27e-55e4-41b8-a0ab-4aff74ee529e,0,26566
8bd41f60-031d-49b7-9d60-da63d523192d,0,13345
742bb3ca-01c7-4368-ac6a-1a276b2adbd9,0,10706
843051a1-92ae-40b3-a835-70ba939338cd,0,12518
6ac2be74-f95e-409c-b21d-8b3cbc987fd8,0,9587
ff17d695-3f5e-4574-a7f3-0329d9ce92ea,0,26564
ce2c3633-e469-4078-9c51-fb6184c36bc5,0,20928
a20667cb-b7b3-454c-8fa8-2acdd4bd0604,1,15864
e435782d-cda4-4960-b3c1-684611e74e60,0,23405
97946e94-129f-44b1-8543-2804fe9cdea9,0,14659
853eb3dc-762c-4b84-901e-3399addf1fe6,1,12604
f4742efc-bf72-4a71-b844-789774fac77a,0,25338
6fe2f116-bde2-4a5d-b178-92139de9ef2d,0,10209
7f29e031-874c-4ea2-9f7f-edc056cb5e83,1,11962
bd2707a9-fae2-4e17-a14f-d1363d064920,0,19036
81a51c71-28ab-4a62-bb1b-458117d8234c,1,12240
ebd485b0-e788-44e2-8f85-a98a6cb2d153,0,24327
da1cc70d-6be6-40ef-9617-50baee57e3a5,0,22263
f2698fda-0477-435f-b297-f1b284a731aa,0,25106
0c391e0f-9927-48ce-801f-02eb000f72c3,1,1015
7e39e357-39bb-4033-8059-107dd75ca783,0,11845
4ed5b2b2-9aa1-49f2-84e6-4f634744039e,0,6321
d21e646f-36b8-436f-a75e-486b2329c49a,0,21367
b15c1ba6-599a-4c52-b747-f7107cb8437d,0,17665
a4b362f6-4a51-4248-87cc-5b56c6754518,0,16178
61a715e0-3f48-4f8a-a453-c73d1b90981e,0,8470
b5af2b65-8cab-43a3-b2bb-587b3df3045d,1,18163
86656024-1e59-42b7-984b-db90873f1de8,1,12727
b1d17d4b-d189-411f-8099-e3949633a32f,0,17726
6bb94c68-5f56-4709-bbc6-dd3e6254df60,0,9702
a732c253-1bef-4bd9-a2f5-c1f38dd8aab6,0,16486
accfe124-5be8-42e4-86fb-630ad1f11c73,0,17138
251f6387-f60a-46e3-9bfa-78262116bc28,0,2377
016b1f90-bb9a-4d3a-9c38-74af5fffd5b5,0,61
e0e68c55-90a2-45b4-b9d1-ef8e1f711466,0,23026
fee03015-e202-4e2e-b72e-2a72f0052fc6,1,26532
5f3adfcc-2b18-48ba-b6e9-fc6ae18d43a8,0,8188
96bbd7f9-90cb-48fb-8338-0051807aeb1f,0,14557
f1eac88e-1e33-47da-82af-95734a525572,0,25049
3cfbf744-9777-4804-b615-6b3e039322a6,0,4286
f046774e-36a2-421b-b916-7fb6b64a375a,0,24850
b3db4730-7c2d-4b91-b09b-2346fef7dc58,1,17939
7bf67db4-a2bd-40f1-a0aa-611dd1eb4809,0,11594
b95d289f-8019-4491-8f90-39a55d321c37,1,18567
c224f825-24b8-47aa-abdd-f03c0475a7c3,1,19490
c8761847-7fbd-4de5-9a2a-ff2c1b26c95e,1,20255
543f25f8-5892-46ad-ab01-df5df06f790a,0,6949
35ab8f3b-8ec0-4e59-9d5b-74d526914d66,0,3412
df7a6b71-2c8b-48cc-a195-772c553824eb,0,22853
e79c364c-a4a4-4201-b5fc-4b46701b5cf4,1,23831
9e9e5c6f-6176-4dc2-965c-628d874015b6,0,15460
e181104a-93bc-4289-a7b7-a651f79540e5,0,23098
cf1fc4a2-aa47-4662-9118-9da725a17e84,1,21030
558d0342-8e36-4957-82bf-90cf4e73c065,0,7101
d78984e0-5c30-45be-a11f-75a31f7898c1,0,21974
570a22d5-ff87-4d9f-8025-f9093d99aad7,0,7275
5c95af78-22b9-4425-adde-59c96a2417db,0,7891
7ce14110-e577-4b08-8385-95ce1af5cc99,0,11697
a797f1b9-aa61-4ee3-91f2-e8a823d42b1a,1,16536
816cef8f-cbf7-43c7-8386-609bd95c78e6,1,12216
fa087745-6e5e-414b-9900-f15f597c76ab,0,25968
4034886a-b60a-4aa7-9b75-0abc1989baa3,0,4649
7be6b4de-afe9-43c0-a581-0f49608c8976,0,11582
072e0dbf-11d7-4c57-8161-10c8e7b2f0bf,0,448
fc958b63-5da8-448d-8962-3c5167dc9410,0,26276
fade17b1-04f4-41a0-8c75-bdf69e31e0a7,0,26071
a9cba126-07aa-4cfd-8b5a-8737c76f84aa,0,16799
bfa3ad39-fdf3-4ce5-b658-e12bb50dace9,0,19332
a4e8e96d-93a6-4251-b617-91382e610fab,0,16213
ba036253-6844-428c-a27b-14e9b6021740,1,18640
eb5be562-36b3-44b9-a7ef-68a49d4b03ac,1,24267
1fd8e4db-3283-44a1-a591-6e3e49f248ab,1,2190
3d963020-db86-43c6-8133-21c69cb65df0,1,4356
ccee99da-41c7-488c-920b-1628640e5165,0,20782
904070bc-c210-47ef-b886-abb6b0dd7ee3,1,13855
97f73d62-da83-4f04-a80a-ba7f28c3e87e,0,14706
0cb75033-7ff0-4f4b-938f-cb6b58bf7fdb,0,1068
